date,PM2.5,PM10,O3,NO2,CO,SO2
2022-09-01 0:00,12,27,0.016,0.009,0.3,0.001
2022-09-01 1:00,16,27,0.012,0.008,0.3,0.001
2022-09-01 2:00,18,27,0.014,0.007,0.3,0.002
2022-09-01 3:00,15,29,0.018,0.007,0.2,0.001
2022-09-01 4:00,20,30,0.011,0.007,0.3,0.001
2022-09-01 5:00,16,26,0.012,0.007,0.3,0.001
2022-09-01 6:00,16,29,0.012,0.008,0.2,0.001
2022-09-01 7:00,14,29,0.012,0.011,0.2,0.002
2022-09-01 8:00,18,22,0.013,0.009,0.2,0.001
2022-09-01 9:00,16,21,0.015,0.007,0.2,0.001
2022-09-01 10:00,19,24,0.019,0.007,0.2,0.001
2022-09-01 11:00,10,18,0.026,0.006,0.2,0.002
2022-09-01 12:00,12,17,0.033,0.006,0.2,0.001
2022-09-01 13:00,9,17,0.039,0.006,0.2,0.001
2022-09-01 14:00,6,24,0.044,0.006,0.2,0.002
2022-09-01 15:00,5,13,0.046,0.006,0.2,0.001
2022-09-01 16:00,11,15,0.047,0.006,0.2,0.001
2022-09-01 17:00,9,18,0.049,0.007,0.2,0.001
2022-09-01 18:00,8,17,0.052,0.008,0.2,0.001
2022-09-01 19:00,12,22,0.054,0.007,0.2,0.001
2022-09-01 20:00,12,28,0.05,0.013,0.3,0.002
2022-09-01 21:00,17,30,0.027,0.013,0.2,0.002
2022-09-01 22:00,10,25,0.023,0.01,0.2,0.001
2022-09-01 23:00,8,17,0.024,0.007,0.2,0.002
2022-09-02 0:00,10,18,0.024,0.006,0.2,0.001
2022-09-02 1:00,8,11,0.023,0.006,0.2,0.001
2022-09-02 2:00,8,16,0.023,0.006,0.2,0.002
2022-09-02 3:00,11,16,0.021,0.006,0.2,0.001
2022-09-02 4:00,9,16,0.022,0.005,0.2,0.001
2022-09-02 5:00,5,15,0.023,0.005,0.2,0.001
2022-09-02 6:00,9,13,0.024,0.005,0.2,0.001
2022-09-02 7:00,10,14,0.026,0.006,0.2,0.002
2022-09-02 8:00,8,10,0.025,0.006,0.2,0.001
2022-09-02 9:00,,,0.026,0.006,0.2,0.001
2022-09-02 10:00,,,,,,
2022-09-02 11:00,,,,,,
2022-09-02 12:00,,,0.041,0.006,0.1,0.001
2022-09-02 13:00,3,17,0.041,0.005,0.1,0.001
2022-09-02 14:00,,13,0.042,0.005,0.1,0.001
2022-09-02 15:00,0,13,0.041,0.005,0.1,0.001
2022-09-02 16:00,1,14,0.041,0.004,0.1,0.001
2022-09-02 17:00,2,17,0.039,0.005,0.1,0.001
2022-09-02 18:00,5,15,0.036,0.005,0.1,0.001
2022-09-02 19:00,9,14,0.035,0.005,0.1,0.001
2022-09-02 20:00,10,17,0.033,0.005,0.1,0.001
2022-09-02 21:00,11,17,0.033,0.005,0.1,0.001
2022-09-02 22:00,6,8,0.034,0.003,0.1,0.001
2022-09-02 23:00,4,12,0.034,0.003,0.1,0.001
2022-09-03 0:00,6,10,0.035,0.003,0.1,0.001
2022-09-03 1:00,7,11,0.036,0.003,0.1,0.001
2022-09-03 2:00,6,10,0.037,0.003,0.1,0.001
2022-09-03 3:00,4,7,0.038,0.003,0.1,0.001
2022-09-03 4:00,5,11,0.039,0.003,0.1,0.001
2022-09-03 5:00,3,10,0.04,0.003,0.1,0.001
2022-09-03 6:00,3,9,0.039,0.003,0.1,0.001
2022-09-03 7:00,5,12,0.036,0.004,0.1,0.001
2022-09-03 8:00,5,9,0.034,0.004,0.1,0.001
2022-09-03 9:00,6,6,0.034,0.005,0.1,0.001
2022-09-03 10:00,6,11,0.035,0.005,0.1,0.001
2022-09-03 11:00,3,9,0.037,0.005,0.1,0.001
2022-09-03 12:00,0,12,0.038,0.005,0.1,0.001
2022-09-03 13:00,2,10,0.039,0.004,0.1,0.001
2022-09-03 14:00,1,12,0.039,0.005,0.1,0.001
2022-09-03 15:00,1,14,0.04,0.005,0.1,0.001
2022-09-03 16:00,6,12,0.043,0.004,0.1,0.001
2022-09-03 17:00,5,9,0.042,0.005,0.1,0.001
2022-09-03 18:00,10,17,0.037,0.005,0.1,0.001
2022-09-03 19:00,7,14,0.034,0.004,0.1,0.001
2022-09-03 20:00,4,10,0.032,0.004,0.1,0.001
2022-09-03 21:00,3,14,0.032,0.004,0.1,0.001
2022-09-03 22:00,8,11,0.031,0.004,0.1,0.001
2022-09-03 23:00,8,9,0.031,0.003,0.1,0.001
2022-09-04 0:00,3,9,0.029,0.003,0.1,0.001
2022-09-04 1:00,3,8,0.028,0.003,0.1,0.001
2022-09-04 2:00,6,9,0.028,0.003,0.1,0.001
2022-09-04 3:00,4,6,0.028,0.003,0.1,0.001
2022-09-04 4:00,3,4,0.028,0.003,0.1,0.001
2022-09-04 5:00,5,6,0.027,0.003,0.1,0.001
2022-09-04 6:00,5,7,0.027,0.003,0.1,0.001
2022-09-04 7:00,4,7,0.026,0.003,0.1,0.001
2022-09-04 8:00,1,7,0.024,0.004,0.1,0.001
2022-09-04 9:00,1,8,0.023,0.004,0.1,0.001
2022-09-04 10:00,2,8,0.021,0.005,0.1,0.001
2022-09-04 11:00,6,9,0.02,0.005,0.1,0.001
2022-09-04 12:00,5,12,0.022,0.005,0.1,0.001
2022-09-04 13:00,8,11,0.025,0.005,0.2,0.001
2022-09-04 14:00,6,16,0.027,0.005,0.2,0.002
2022-09-04 15:00,2,19,0.025,0.004,0.1,0.002
2022-09-04 16:00,9,18,0.029,0.004,0.2,0.002
2022-09-04 17:00,15,16,0.029,0.004,0.2,0.002
2022-09-04 18:00,10,26,0.022,0.009,0.2,0.003
2022-09-04 19:00,9,24,0.02,0.009,0.2,0.003
2022-09-04 20:00,9,18,0.019,0.006,0.2,0.002
2022-09-04 21:00,5,14,0.016,0.005,0.1,0.002
2022-09-04 22:00,1,12,0.015,0.005,0.1,0.002
2022-09-04 23:00,3,11,0.016,0.004,0.1,0.002
2022-09-05 0:00,1,8,0.017,0.003,0.1,0.001
2022-09-05 1:00,,6,0.013,0.003,0.1,0.001
2022-09-05 2:00,2,8,0.011,0.004,0.1,0.001
2022-09-05 3:00,1,9,0.012,0.003,0.1,0.001
2022-09-05 4:00,0,7,0.013,0.003,0.1,0.001
2022-09-05 5:00,,8,0.013,0.003,0.1,0.001
2022-09-05 6:00,,7,0.014,0.003,0.1,0.002
2022-09-05 7:00,,6,0.011,0.004,0.1,0.001
2022-09-05 8:00,3,6,0.011,0.004,0.1,0.001
2022-09-05 9:00,5,6,0.011,0.005,0.1,0.001
2022-09-05 10:00,1,6,0.011,0.005,0.1,0.002
2022-09-05 11:00,5,9,0.011,0.005,0.2,0.002
2022-09-05 12:00,,,0.007,0.005,0.1,0.001
2022-09-05 13:00,,,,,,
2022-09-05 14:00,,,,,,
2022-09-05 15:00,12,14,,,,
2022-09-05 16:00,9,16,0.01,0.006,,0.002
2022-09-05 17:00,5,12,0.011,0.005,0.3,0.001
2022-09-05 18:00,3,10,0.017,0.007,0.3,0.002
2022-09-05 19:00,2,7,0.032,0.006,0.3,0.002
2022-09-05 20:00,1,13,0.041,0.004,0.2,0.002
2022-09-05 21:00,0,6,0.043,0.003,0.2,0.001
2022-09-05 22:00,0,6,0.041,0.002,0.2,0.002
2022-09-05 23:00,0,5,0.043,0.002,0.2,0.002
2022-09-06 0:00,,4,0.045,0.001,0.2,0.002
2022-09-06 1:00,,5,0.046,0.001,0.2,0.001
2022-09-06 2:00,1,6,0.049,0.001,0.2,0.002
2022-09-06 3:00,,6,0.051,0,0.2,0.002
2022-09-06 4:00,,5,0.055,0,0.2,0.001
2022-09-06 5:00,1,13,0.058,0,0.2,0.001
2022-09-06 6:00,1,8,0.059,0,0.2,0.001
2022-09-06 7:00,0,8,0.053,0.001,0.2,0.002
2022-09-06 8:00,5,8,0.052,0.002,0.2,0.002
2022-09-06 9:00,9,12,0.052,0.003,0.2,0.002
2022-09-06 10:00,6,13,0.054,0.003,0.2,0.002
2022-09-06 11:00,8,19,0.051,0.003,0.2,0.002
2022-09-06 12:00,10,27,0.05,0.003,0.2,0.002
2022-09-06 13:00,13,25,0.051,0.003,0.2,0.002
2022-09-06 14:00,10,29,0.049,0.003,0.3,0.002
2022-09-06 15:00,17,21,0.056,0.003,0.2,0.002
2022-09-06 16:00,16,29,0.055,0.003,0.2,0.002
2022-09-06 17:00,22,24,0.056,0.004,0.3,0.003
2022-09-06 18:00,17,30,0.052,0.004,0.3,0.002
2022-09-06 19:00,17,33,0.051,0.006,0.3,0.002
2022-09-06 20:00,13,32,0.056,0.003,0.3,0.002
2022-09-06 21:00,14,31,0.056,0.002,0.3,0.002
2022-09-06 22:00,12,31,0.048,0.006,0.3,0.002
2022-09-06 23:00,22,35,0.05,0.004,0.3,0.002
2022-09-07 0:00,23,33,0.043,0.005,0.3,0.002
2022-09-07 1:00,17,34,0.031,0.007,0.3,0.002
2022-09-07 2:00,27,36,0.04,0.006,0.3,0.002
2022-09-07 3:00,21,37,0.026,0.004,0.3,0.002
2022-09-07 4:00,20,29,0.023,0.004,0.3,0.001
2022-09-07 5:00,23,25,0.032,0.004,0.3,0.001
2022-09-07 6:00,12,19,0.031,0.004,0.3,0.001
2022-09-07 7:00,18,25,0.034,0.004,0.3,0.001
2022-09-07 8:00,22,39,0.034,0.006,0.3,0.001
2022-09-07 9:00,21,48,0.038,0.009,0.3,0.002
2022-09-07 10:00,29,45,0.044,0.007,0.3,0.002
2022-09-07 11:00,35,49,0.057,0.005,0.3,0.002
2022-09-07 12:00,27,47,0.062,0.006,0.3,0.002
2022-09-07 13:00,24,39,0.066,0.006,0.3,0.002
2022-09-07 14:00,34,46,0.065,0.009,0.3,0.002
2022-09-07 15:00,32,50,0.066,0.005,0.3,0.003
2022-09-07 16:00,34,51,0.065,0.005,0.3,0.003
2022-09-07 17:00,29,47,0.062,0.006,0.3,0.003
2022-09-07 18:00,28,41,0.061,0.005,0.3,0.002
2022-09-07 19:00,24,39,0.055,0.008,0.3,0.002
2022-09-07 20:00,21,42,0.052,0.005,0.3,0.002
2022-09-07 21:00,25,44,0.048,0.003,0.4,0.002
2022-09-07 22:00,29,41,0.042,0.005,0.4,0.002
2022-09-07 23:00,24,33,0.031,0.008,0.4,0.001
2022-09-08 0:00,19,43,0.035,0.007,0.3,0.002
2022-09-08 1:00,24,31,0.028,0.004,0.3,0.002
2022-09-08 2:00,26,39,0.028,0.004,0.3,0.002
2022-09-08 3:00,25,37,0.03,0.003,0.3,0.002
2022-09-08 4:00,24,33,0.033,0.003,0.3,0.002
2022-09-08 5:00,26,40,0.029,0.004,0.3,0.002
2022-09-08 6:00,27,36,0.031,0.005,0.3,0.002
2022-09-08 7:00,22,37,0.021,0.009,0.3,0.002
2022-09-08 8:00,25,34,0.029,0.008,0.3,0.002
2022-09-08 9:00,26,38,0.039,0.007,0.3,0.002
2022-09-08 10:00,25,39,0.045,0.007,0.3,0.002
2022-09-08 11:00,16,37,0.055,0.005,0.3,0.002
2022-09-08 12:00,22,37,0.06,0.005,0.3,0.003
2022-09-08 13:00,26,46,0.069,0.006,0.4,0.004
2022-09-08 14:00,21,47,0.073,0.006,0.4,0.003
2022-09-08 15:00,23,47,0.076,0.006,0.4,0.003
2022-09-08 16:00,22,42,0.08,0.008,0.4,0.004
2022-09-08 17:00,21,44,0.084,0.005,0.4,0.003
2022-09-08 18:00,20,42,0.083,0.005,0.4,0.002
2022-09-08 19:00,13,37,0.088,0.004,0.4,0.002
2022-09-08 20:00,26,36,0.083,0.005,0.4,0.002
2022-09-08 21:00,27,47,0.07,0.006,0.4,0.003
2022-09-08 22:00,24,43,0.066,0.006,0.4,0.002
2022-09-08 23:00,33,40,0.045,0.011,0.5,0.002
2022-09-09 0:00,27,41,0.04,0.01,0.4,0.002
2022-09-09 1:00,25,40,0.041,0.007,0.4,0.002
2022-09-09 2:00,32,44,0.046,0.007,0.4,0.002
2022-09-09 3:00,34,47,0.052,0.005,0.4,0.002
2022-09-09 4:00,31,48,0.054,0.005,0.4,0.002
2022-09-09 5:00,28,45,0.053,0.006,0.4,0.002
2022-09-09 6:00,32,50,0.048,0.007,0.4,0.002
2022-09-09 7:00,37,53,0.045,0.007,0.4,0.002
2022-09-09 8:00,33,44,0.038,0.007,0.4,0.002
2022-09-09 9:00,27,34,0.041,0.005,0.3,0.002
2022-09-09 10:00,14,28,0.043,0.003,0.3,0.002
2022-09-09 11:00,11,22,0.044,0.003,0.2,0.002
2022-09-09 12:00,,17,0.046,0.003,0.2,0.002
2022-09-09 13:00,11,20,0.049,0.002,0.2,0.002
2022-09-09 14:00,17,21,0.051,0.003,0.2,0.002
2022-09-09 15:00,12,19,0.055,0.003,0.2,0.002
2022-09-09 16:00,17,27,0.073,0.006,0.3,0.002
2022-09-09 17:00,26,37,0.079,0.006,0.4,0.002
2022-09-09 18:00,14,22,0.058,0.004,0.3,0.002
2022-09-09 19:00,15,28,0.048,0.005,0.3,0.002
2022-09-09 20:00,14,24,0.037,0.006,0.2,0.002
2022-09-09 21:00,10,23,0.037,0.004,0.2,0.002
2022-09-09 22:00,12,19,0.034,0.003,0.2,0.001
2022-09-09 23:00,14,19,0.034,0.003,0.2,0.002
2022-09-10 0:00,13,21,0.032,0.003,0.2,0.002
2022-09-10 1:00,10,22,0.033,0.002,0.2,0.002
2022-09-10 2:00,7,22,0.035,0.002,0.2,0.001
2022-09-10 3:00,13,19,0.037,0.001,0.2,0.001
2022-09-10 4:00,8,13,0.038,0.001,0.2,0.001
2022-09-10 5:00,4,18,0.037,0.001,0.2,0.002
2022-09-10 6:00,8,11,0.037,0.001,0.2,0.002
2022-09-10 7:00,9,12,0.036,0.001,0.2,0.002
2022-09-10 8:00,5,14,0.034,0.002,0.2,0.001
2022-09-10 9:00,9,17,0.034,0.001,0.2,0.001
2022-09-10 10:00,8,22,0.033,0.002,0.2,0.002
2022-09-10 11:00,9,13,0.035,0.002,0.2,0.002
2022-09-10 12:00,9,14,0.039,0.001,0.2,0.001
2022-09-10 13:00,10,20,0.04,0.001,0.2,0.002
2022-09-10 14:00,9,13,0.041,0.002,0.2,0.002
2022-09-10 15:00,6,15,0.041,0.001,0.2,0.002
2022-09-10 16:00,8,13,0.041,0.002,0.2,0.001
2022-09-10 17:00,7,19,0.041,0.002,0.2,0.001
2022-09-10 18:00,10,19,0.038,0.002,0.2,0.002
2022-09-10 19:00,10,17,0.035,0.002,0.2,0.001
2022-09-10 20:00,6,22,0.034,0.003,0.2,0.002
2022-09-10 21:00,11,21,0.033,0.003,0.2,0.002
2022-09-10 22:00,8,24,0.033,0.003,0.2,0.001
2022-09-10 23:00,9,17,0.033,0.003,0.2,0.002
2022-09-11 0:00,12,15,0.033,0.003,0.2,0.002
2022-09-11 1:00,10,18,0.033,0.003,0.2,0.002
2022-09-11 2:00,11,18,0.033,0.002,0.2,0.002
2022-09-11 3:00,15,20,0.033,0.002,0.2,0.002
2022-09-11 4:00,14,19,0.03,0.002,0.2,0.002
2022-09-11 5:00,14,21,0.03,0.003,0.2,0.002
2022-09-11 6:00,12,15,0.03,0.003,0.2,0.002
2022-09-11 7:00,10,16,0.028,0.003,0.2,0.002
2022-09-11 8:00,10,17,0.029,0.004,0.2,0.002
2022-09-11 9:00,10,18,0.031,0.003,0.2,0.002
2022-09-11 10:00,10,16,0.034,0.002,0.2,0.002
2022-09-11 11:00,13,16,0.038,0.002,0.2,0.002
2022-09-11 12:00,10,17,0.04,0.002,0.2,0.002
2022-09-11 13:00,10,17,0.042,0.002,0.2,0.001
2022-09-11 14:00,12,13,0.044,0.001,0.2,0.002
2022-09-11 15:00,10,17,0.047,0.004,0.2,0.002
2022-09-11 16:00,10,22,0.049,0.004,0.2,0.002
2022-09-11 17:00,12,26,0.045,0.004,0.2,0.002
2022-09-11 18:00,10,24,0.041,0.003,0.2,0.002
2022-09-11 19:00,17,26,0.036,0.005,0.2,0.002
2022-09-11 20:00,9,27,0.032,0.005,0.3,0.002
2022-09-11 21:00,15,26,0.03,0.005,0.3,0.002
2022-09-11 22:00,13,25,0.026,0.005,0.3,0.002
2022-09-11 23:00,12,26,0.024,0.005,0.3,0.002
2022-09-12 0:00,12,27,0.024,0.005,0.3,0.002
2022-09-12 1:00,13,26,0.022,0.005,0.3,0.001
2022-09-12 2:00,13,31,0.024,0.003,0.3,0.002
2022-09-12 3:00,14,22,0.022,0.003,0.3,0.002
2022-09-12 4:00,16,25,0.022,0.003,0.3,0.001
2022-09-12 5:00,16,26,0.024,0.003,0.3,0.001
2022-09-12 6:00,12,20,0.018,0.003,0.3,0.001
2022-09-12 7:00,15,25,0.017,0.004,0.3,0.001
2022-09-12 8:00,17,20,0.016,0.004,0.3,0.002
2022-09-12 9:00,10,22,0.018,0.004,0.3,0.002
2022-09-12 10:00,13,16,0.018,0.004,0.3,0.001
2022-09-12 11:00,12,21,0.023,0.003,0.2,0.002
2022-09-12 12:00,10,24,0.024,0.003,0.3,0.002
2022-09-12 13:00,13,26,0.028,0.002,0.2,0.002
2022-09-12 14:00,12,24,0.036,0.003,0.3,0.002
2022-09-12 15:00,10,23,0.032,0.005,0.3,0.001
2022-09-12 16:00,21,28,0.036,0.005,0.3,0.002
2022-09-12 17:00,18,32,0.039,0.007,0.3,0.002
2022-09-12 18:00,15,27,0.042,0.004,0.3,0.002
2022-09-12 19:00,15,33,0.046,0.004,0.3,0.002
2022-09-12 20:00,18,30,0.034,0.005,0.3,0.002
2022-09-12 21:00,16,32,0.022,0.007,0.3,0.002
2022-09-12 22:00,25,33,0.015,0.008,0.3,0.001
2022-09-12 23:00,17,33,0.013,0.006,0.3,0.001
2022-09-13 0:00,21,27,0.011,0.005,0.3,0.002
2022-09-13 1:00,15,25,0.015,0.004,0.3,0.001
2022-09-13 2:00,16,23,0.019,0.002,0.2,0.001
2022-09-13 3:00,13,20,0.022,0.002,0.2,0.001
2022-09-13 4:00,13,22,0.021,0.002,0.2,0.001
2022-09-13 5:00,8,13,0.02,0.002,0.2,0.001
2022-09-13 6:00,10,17,0.018,0.003,0.2,0.001
2022-09-13 7:00,10,19,0.017,0.005,0.2,0.002
2022-09-13 8:00,8,17,0.017,0.006,0.2,0.002
2022-09-13 9:00,17,19,0.016,0.006,0.2,0.002
2022-09-13 10:00,10,22,0.02,0.004,0.2,0.001
2022-09-13 11:00,14,19,0.025,0.003,0.2,0.002
2022-09-13 12:00,9,26,0.027,0.004,0.2,0.002
2022-09-13 13:00,8,27,0.027,0.005,0.3,0.002
2022-09-13 14:00,9,19,0.03,0.005,0.2,0.002
2022-09-13 15:00,13,20,0.03,0.006,0.2,0.002
2022-09-13 16:00,12,23,0.034,0.005,0.2,0.002
2022-09-13 17:00,9,25,0.034,0.005,0.2,0.002
2022-09-13 18:00,12,20,0.03,0.005,0.2,0.001
2022-09-13 19:00,8,43,0.028,0.004,0.2,0.002
2022-09-13 20:00,8,20,0.027,0.003,0.2,0.001
2022-09-13 21:00,13,22,0.028,0.003,0.2,0.002
2022-09-13 22:00,15,23,0.033,0.003,0.2,0.002
2022-09-13 23:00,14,15,0.037,0.002,0.2,0.001
2022-09-14 0:00,10,21,0.037,0.001,0.2,0.001
2022-09-14 1:00,9,14,0.037,0.001,0.2,0.001
2022-09-14 2:00,11,27,0.039,0.001,0.2,0.001
2022-09-14 3:00,12,16,0.04,0.001,0.2,0.002
2022-09-14 4:00,8,23,0.041,0.001,0.1,0.001
2022-09-14 5:00,9,19,0.04,0.001,0.1,0.001
2022-09-14 6:00,12,15,0.04,0.002,0.1,0.001
2022-09-14 7:00,13,23,0.04,0.002,0.1,0.002
2022-09-14 8:00,8,17,0.039,0.003,0.1,0.002
2022-09-14 9:00,4,26,0.038,0.002,0.1,0.002
2022-09-14 10:00,9,21,0.039,0.003,0.1,0.002
2022-09-14 11:00,12,24,0.041,0.003,0.1,0.001
2022-09-14 12:00,10,21,0.04,0.003,0.1,0.002
2022-09-14 13:00,9,20,0.04,0.003,0.2,0.002
2022-09-14 14:00,9,21,0.041,0.003,0.2,0.002
2022-09-14 15:00,12,21,0.042,0.003,0.2,0.002
2022-09-14 16:00,13,24,0.043,0.003,0.2,0.002
2022-09-14 17:00,15,22,0.044,0.003,0.2,0.002
2022-09-14 18:00,9,24,0.043,0.003,0.2,0.002
2022-09-14 19:00,18,25,0.043,0.003,0.2,0.002
2022-09-14 20:00,14,21,0.042,0.003,0.2,0.002
2022-09-14 21:00,13,21,0.042,0.002,0.2,0.002
2022-09-14 22:00,12,24,0.041,0.002,0.2,0.002
2022-09-14 23:00,15,21,0.041,0.002,0.2,0.002
2022-09-15 0:00,14,25,0.04,0.002,0.2,0.002
2022-09-15 1:00,17,20,0.04,0.002,0.2,0.001
2022-09-15 2:00,11,18,0.041,0.001,0.2,0.001
2022-09-15 3:00,10,23,0.04,0.001,0.2,0.002
2022-09-15 4:00,11,19,0.039,0.001,0.2,0.002
2022-09-15 5:00,18,20,0.038,0.001,0.2,0.002
2022-09-15 6:00,11,19,0.038,0.001,0.2,0.002
2022-09-15 7:00,10,23,0.039,0.002,0.2,0.002
2022-09-15 8:00,11,23,0.039,0.002,0.2,0.002
2022-09-15 9:00,,,0.039,0.002,0.2,0.002
2022-09-15 10:00,,,,,,
2022-09-15 11:00,,,,,,
2022-09-15 12:00,,,,,,
2022-09-15 13:00,,,,,,
2022-09-15 14:00,,,,,,
2022-09-15 15:00,6,17,,,,
2022-09-15 16:00,9,15,0.035,0.004,0.3,0.001
2022-09-15 17:00,7,20,0.032,0.005,0.3,0.002
2022-09-15 18:00,8,20,0.03,0.007,0.3,0.002
2022-09-15 19:00,9,23,0.031,0.005,0.3,0.002
2022-09-15 20:00,11,26,0.03,0.004,0.3,0.002
2022-09-15 21:00,15,20,0.026,0.006,0.3,0.002
2022-09-15 22:00,16,18,0.029,0.004,0.3,0.001
2022-09-15 23:00,16,18,0.029,0.004,0.3,0.002
2022-09-16 0:00,18,19,0.028,0.005,0.3,0.002
2022-09-16 1:00,16,24,0.026,0.004,0.3,0.002
2022-09-16 2:00,7,25,0.026,0.003,0.3,0.002
2022-09-16 3:00,12,24,0.027,0.002,0.3,0.002
2022-09-16 4:00,16,25,0.027,0.002,0.3,0.002
2022-09-16 5:00,13,21,0.025,0.003,0.3,0.002
2022-09-16 6:00,9,25,0.022,0.004,0.3,0.002
2022-09-16 7:00,13,27,0.022,0.005,0.3,0.002
2022-09-16 8:00,10,18,0.022,0.005,0.3,0.002
2022-09-16 9:00,17,27,0.023,0.005,0.3,0.002
2022-09-16 10:00,18,42,0.022,0.011,0.3,0.003
2022-09-16 11:00,20,36,0.029,0.007,0.3,0.003
2022-09-16 12:00,19,31,0.037,0.002,0.3,0.003
2022-09-16 13:00,11,30,0.039,0.001,0.3,0.003
2022-09-16 14:00,18,33,0.042,0.002,0.3,0.002
2022-09-16 15:00,14,34,0.042,0.002,0.3,0.002
2022-09-16 16:00,19,36,0.04,0.005,0.3,0.004
2022-09-16 17:00,14,38,0.036,0.007,0.3,0.004
2022-09-16 18:00,19,38,0.027,0.017,0.3,0.003
2022-09-16 19:00,12,33,0.032,0.009,0.3,0.003
2022-09-16 20:00,16,33,0.03,0.006,0.3,0.002
2022-09-16 21:00,18,31,0.028,0.005,0.3,0.002
2022-09-16 22:00,9,23,0.034,0.005,0.3,0.002
2022-09-16 23:00,11,29,0.036,0.002,0.2,0.002
2022-09-17 0:00,15,27,0.03,0.003,0.2,0.002
2022-09-17 1:00,18,30,0.029,0.003,0.3,0.002
2022-09-17 2:00,18,32,0.03,0.003,0.3,0.002
2022-09-17 3:00,12,26,0.032,0.001,0.2,0.002
2022-09-17 4:00,13,27,0.027,0.002,0.2,0.002
2022-09-17 5:00,16,24,0.026,0.002,0.2,0.002
2022-09-17 6:00,12,29,0.024,0.002,0.2,0.002
2022-09-17 7:00,12,27,0.016,0.005,0.3,0.002
2022-09-17 8:00,15,28,0.011,0.005,0.3,0.002
2022-09-17 9:00,19,26,0.016,0.005,0.3,0.002
2022-09-17 10:00,20,37,0.031,0.005,0.3,0.002
2022-09-17 11:00,21,39,0.044,0.004,0.3,0.002
2022-09-17 12:00,17,33,0.055,0.003,0.3,0.002
2022-09-17 13:00,24,37,0.055,0.004,0.3,0.003
2022-09-17 14:00,24,39,0.053,0.005,0.3,0.003
2022-09-17 15:00,21,32,0.049,0.004,0.3,0.003
2022-09-17 16:00,16,27,0.045,0.003,0.3,0.002
2022-09-17 17:00,12,35,0.046,0.003,0.3,0.002
2022-09-17 18:00,21,29,0.049,0.003,0.4,0.002
2022-09-17 19:00,17,26,0.044,0.004,0.4,0.002
2022-09-17 20:00,22,29,0.039,0.005,0.4,0.002
2022-09-17 21:00,14,29,0.035,0.006,0.4,0.002
2022-09-17 22:00,16,30,0.033,0.006,0.4,0.002
2022-09-17 23:00,17,30,0.032,0.005,0.4,0.002
2022-09-18 0:00,20,34,0.034,0.003,0.4,0.002
2022-09-18 1:00,16,26,0.032,0.003,0.5,0.002
2022-09-18 2:00,22,23,0.029,0.003,0.5,0.003
2022-09-18 3:00,17,24,0.031,0.003,0.5,0.002
2022-09-18 4:00,18,26,0.033,0.003,0.4,0.002
2022-09-18 5:00,16,29,0.035,0.003,0.4,0.002
2022-09-18 6:00,23,33,0.036,0.004,0.4,0.002
2022-09-18 7:00,24,35,0.036,0.004,0.4,0.002
2022-09-18 8:00,21,33,0.036,0.004,0.4,0.002
2022-09-18 9:00,23,27,0.033,0.004,0.4,0.002
2022-09-18 10:00,18,36,0.035,0.003,0.4,0.002
2022-09-18 11:00,18,36,0.041,0.004,0.4,0.002
2022-09-18 12:00,20,28,0.043,0.003,0.3,0.002
2022-09-18 13:00,22,23,0.044,0.003,0.3,0.002
2022-09-18 14:00,16,21,0.046,0.002,0.3,0.002
2022-09-18 15:00,15,25,0.051,0.003,0.3,0.002
2022-09-18 16:00,12,20,0.053,0.003,0.3,0.002
2022-09-18 17:00,19,30,0.059,0.003,0.4,0.002
2022-09-18 18:00,17,32,0.057,0.004,0.4,0.002
2022-09-18 19:00,20,26,0.049,0.003,0.3,0.002
2022-09-18 20:00,9,21,0.042,0.003,0.3,0.002
2022-09-18 21:00,13,22,0.037,0.002,0.3,0.002
2022-09-18 22:00,9,,0.031,0.003,0.3,0.002
2022-09-18 23:00,8,17,0.027,0.002,0.3,0.002
2022-09-19 0:00,6,15,0.024,0.001,0.3,0.002
2022-09-19 1:00,3,16,0.024,0.001,0.3,0.002
2022-09-19 2:00,7,15,0.026,0.001,0.3,0.002
2022-09-19 3:00,5,16,0.027,0.001,0.3,0.002
2022-09-19 4:00,1,12,0.028,0.001,0.2,0.002
2022-09-19 5:00,8,10,0.029,0.001,0.3,0.002
2022-09-19 6:00,12,15,0.028,0.001,0.3,0.002
2022-09-19 7:00,11,14,0.027,0.002,0.3,0.002
2022-09-19 8:00,10,20,0.026,0.003,0.3,0.002
2022-09-19 9:00,6,21,0.024,0.004,0.3,0.002
2022-09-19 10:00,5,19,0.032,0.003,0.3,0.002
2022-09-19 11:00,8,19,0.034,0.003,0.3,0.002
2022-09-19 12:00,7,17,0.034,0.004,0.3,0.002
2022-09-19 13:00,16,39,0.049,0.004,0.4,0.002
2022-09-19 14:00,12,48,0.051,0.004,0.4,0.003
2022-09-19 15:00,18,58,0.048,0.004,0.4,0.002
2022-09-19 16:00,24,60,0.046,0.004,0.4,0.002
2022-09-19 17:00,26,65,0.045,0.004,0.4,0.003
2022-09-19 18:00,14,70,0.042,0.003,0.4,0.003
2022-09-19 19:00,15,67,0.04,0.004,0.2,0.003
2022-09-19 20:00,19,63,0.039,0.003,0.2,0.002
2022-09-19 21:00,16,61,0.038,0.002,0.2,0.002
2022-09-19 22:00,21,52,0.035,0.003,0.2,0.002
2022-09-19 23:00,15,50,0.032,0.004,0.2,0.002
2022-09-20 0:00,14,44,0.028,0.005,0.2,0.002
2022-09-20 1:00,15,37,0.028,0.003,0.2,0.002
2022-09-20 2:00,17,38,0.027,0.003,0.2,0.002
2022-09-20 3:00,15,32,0.027,0.003,0.2,0.002
2022-09-20 4:00,11,36,0.028,0.002,0.2,0.002
2022-09-20 5:00,11,32,0.029,0.002,0.2,0.002
2022-09-20 6:00,13,30,0.029,0.003,0.2,0.002
2022-09-20 7:00,19,27,0.027,0.005,0.2,0.002
2022-09-20 8:00,21,35,0.026,0.005,0.2,0.002
2022-09-20 9:00,13,28,0.028,0.005,0.2,0.002
2022-09-20 10:00,14,31,0.033,0.004,0.2,0.002
2022-09-20 11:00,16,35,0.035,0.004,0.2,0.002
2022-09-20 12:00,15,30,0.038,0.004,0.2,0.002
2022-09-20 13:00,10,27,0.041,0.003,0.1,0.002
2022-09-20 14:00,12,28,0.042,0.003,0.1,0.002
2022-09-20 15:00,15,29,0.042,0.004,0.1,0.002
2022-09-20 16:00,20,27,0.042,0.004,0.1,0.001
2022-09-20 17:00,16,31,0.042,0.005,0.1,0.002
2022-09-20 18:00,18,33,0.04,0.006,0.2,0.001
2022-09-20 19:00,19,34,0.039,0.006,0.2,0.002
2022-09-20 20:00,12,36,0.031,0.009,0.2,0.002
2022-09-20 21:00,19,37,0.035,0.006,0.2,0.001
2022-09-20 22:00,15,30,0.036,0.007,0.2,0.002
2022-09-20 23:00,17,27,0.036,0.006,0.2,0.002
2022-09-21 0:00,14,30,0.036,0.007,0.2,0.002
2022-09-21 1:00,17,34,0.038,0.005,0.2,0.002
2022-09-21 2:00,24,34,0.031,0.006,0.2,0.002
2022-09-21 3:00,19,30,0.027,0.006,0.2,0.002
2022-09-21 4:00,17,28,0.028,0.005,0.2,0.002
2022-09-21 5:00,17,27,0.029,0.005,0.2,0.002
2022-09-21 6:00,22,33,0.026,0.008,0.2,0.002
2022-09-21 7:00,15,29,0.026,0.009,0.2,0.002
2022-09-21 8:00,11,28,0.024,0.008,0.2,0.002
2022-09-21 9:00,17,27,0.025,0.006,0.2,0.002
2022-09-21 10:00,13,25,0.029,0.006,0.2,0.002
2022-09-21 11:00,14,34,0.037,0.005,0.2,0.002
2022-09-21 12:00,16,34,0.046,0.005,0.2,0.002
2022-09-21 13:00,16,29,0.052,0.004,0.1,0.002
2022-09-21 14:00,10,25,0.053,0.004,0.1,0.002
2022-09-21 15:00,14,25,0.052,0.004,0.1,0.002
2022-09-21 16:00,12,27,0.052,0.005,0.2,0.002
2022-09-21 17:00,16,40,0.06,0.009,0.2,0.003
2022-09-21 18:00,19,31,0.06,0.006,0.2,0.002
2022-09-21 19:00,17,31,0.054,0.007,0.2,0.002
2022-09-21 20:00,19,32,0.055,0.006,0.2,0.002
2022-09-21 21:00,17,29,0.055,0.006,0.2,0.002
2022-09-21 22:00,19,37,0.05,0.006,0.2,0.002
2022-09-21 23:00,21,36,0.042,0.007,0.2,0.003
2022-09-22 0:00,23,30,0.039,0.006,0.2,0.002
2022-09-22 1:00,17,32,0.029,0.008,0.2,0.002
2022-09-22 2:00,26,35,0.028,0.006,0.2,0.001
2022-09-22 3:00,23,33,0.028,0.006,0.2,0.002
2022-09-22 4:00,18,25,0.027,0.005,0.2,0.002
2022-09-22 5:00,17,21,0.028,0.005,0.2,0.002
2022-09-22 6:00,11,19,0.025,0.005,0.2,0.002
2022-09-22 7:00,13,21,0.022,0.009,0.2,0.002
2022-09-22 8:00,8,21,0.022,0.009,0.2,0.002
2022-09-22 9:00,14,20,0.023,0.007,0.2,0.002
2022-09-22 10:00,13,22,0.028,0.005,0.2,0.002
2022-09-22 11:00,11,30,0.035,0.005,0.2,0.002
2022-09-22 12:00,15,28,0.048,0.004,0.2,0.002
2022-09-22 13:00,17,27,0.054,0.004,0.2,0.002
2022-09-22 14:00,16,27,0.054,0.004,0.2,0.002
2022-09-22 15:00,11,28,0.052,0.004,0.2,0.002
2022-09-22 16:00,17,28,0.054,0.004,0.2,0.002
2022-09-22 17:00,16,33,0.055,0.004,0.2,0.002
2022-09-22 18:00,15,30,0.051,0.007,0.2,0.002
2022-09-22 19:00,21,39,0.05,0.007,0.2,0.002
2022-09-22 20:00,30,50,0.044,0.007,0.2,0.002
2022-09-22 21:00,35,52,0.034,0.01,0.2,0.002
2022-09-22 22:00,20,39,0.023,0.012,0.2,0.002
2022-09-22 23:00,14,29,0.021,0.009,0.2,0.002
2022-09-23 0:00,15,34,0.029,0.007,0.2,0.002
2022-09-23 1:00,20,24,0.025,0.005,0.2,0.002
2022-09-23 2:00,16,24,0.02,0.006,0.2,0.002
2022-09-23 3:00,16,29,0.02,0.006,0.2,0.002
2022-09-23 4:00,18,38,0.017,0.008,0.2,0.001
2022-09-23 5:00,21,42,0.016,0.008,0.2,0.002
2022-09-23 6:00,18,27,0.015,0.01,0.2,0.002
2022-09-23 7:00,19,35,0.012,0.013,0.2,0.002
2022-09-23 8:00,21,33,0.01,0.015,0.2,0.002
2022-09-23 9:00,22,42,0.021,0.013,0.2,0.002
2022-09-23 10:00,22,45,0.03,0.014,0.2,0.004
2022-09-23 11:00,,,,,,
2022-09-23 12:00,,,,,,
2022-09-23 13:00,,,,,,
2022-09-23 14:00,23,56,,,,
2022-09-23 15:00,18,41,0.044,0.004,0.1,0.002
2022-09-23 16:00,7,29,0.044,0.004,0.1,0.002
2022-09-23 17:00,12,27,0.045,0.005,0.1,0.002
2022-09-23 18:00,13,36,0.045,0.004,0.1,0.002
2022-09-23 19:00,11,32,0.042,0.005,0.1,0.002
2022-09-23 20:00,14,34,0.04,0.005,0.1,0.002
2022-09-23 21:00,12,25,0.036,0.005,0.1,0.002
2022-09-23 22:00,9,25,0.035,0.006,0.1,0.002
2022-09-23 23:00,17,19,0.032,0.005,0.1,0.002
2022-09-24 0:00,13,23,0.031,0.006,0.2,0.002
2022-09-24 1:00,10,17,0.03,0.005,0.2,0.002
2022-09-24 2:00,11,20,0.03,0.005,0.2,0.002
2022-09-24 3:00,10,18,0.028,0.005,0.2,0.002
2022-09-24 4:00,9,18,0.024,0.006,0.2,0.002
2022-09-24 5:00,9,19,0.022,0.006,0.2,0.002
2022-09-24 6:00,13,20,0.016,0.011,0.2,0.002
2022-09-24 7:00,15,28,0.013,0.013,0.2,0.002
2022-09-24 8:00,14,29,0.014,0.012,0.2,0.002
2022-09-24 9:00,10,30,0.024,0.008,0.2,0.002
2022-09-24 10:00,12,23,0.031,0.006,0.2,0.002
2022-09-24 11:00,9,26,0.033,0.006,0.2,0.002
2022-09-24 12:00,16,25,0.039,0.005,0.2,0.002
2022-09-24 13:00,10,29,0.043,0.007,0.2,0.002
2022-09-24 14:00,12,34,0.052,0.006,0.2,0.003
2022-09-24 15:00,10,41,0.049,0.008,0.2,0.006
2022-09-24 16:00,12,41,0.049,0.006,0.2,0.003
2022-09-24 17:00,11,35,0.052,0.006,0.2,0.003
2022-09-24 18:00,11,28,0.053,0.005,0.2,0.002
2022-09-24 19:00,11,32,0.053,0.006,0.2,0.002
2022-09-24 20:00,9,33,0.051,0.005,0.2,0.002
2022-09-24 21:00,10,34,0.049,0.005,0.2,0.002
2022-09-24 22:00,17,28,0.049,0.005,0.2,0.002
2022-09-24 23:00,17,34,0.048,0.006,0.2,0.002
2022-09-25 0:00,15,27,0.045,0.006,0.2,0.002
2022-09-25 1:00,12,34,0.043,0.006,0.2,0.002
2022-09-25 2:00,17,31,0.036,0.006,0.2,0.002
2022-09-25 3:00,13,28,0.037,0.005,0.2,0.002
2022-09-25 4:00,9,25,0.036,0.005,0.2,0.002
2022-09-25 5:00,18,29,0.033,0.005,0.2,0.002
2022-09-25 6:00,12,29,0.032,0.005,0.2,0.002
2022-09-25 7:00,12,28,0.032,0.007,0.2,0.002
2022-09-25 8:00,21,34,0.031,0.008,0.3,0.002
2022-09-25 9:00,22,32,0.033,0.008,0.3,0.003
2022-09-25 10:00,16,35,0.035,0.007,0.3,0.003
2022-09-25 11:00,10,35,0.042,0.006,0.2,0.003
2022-09-25 12:00,17,35,0.045,0.005,0.2,0.002
2022-09-25 13:00,12,28,0.049,0.004,0.2,0.002
2022-09-25 14:00,11,26,0.05,0.005,0.2,0.002
2022-09-25 15:00,12,26,0.055,0.006,0.2,0.002
2022-09-25 16:00,13,33,0.062,0.008,0.3,0.003
2022-09-25 17:00,10,33,0.059,0.008,0.3,0.002
2022-09-25 18:00,10,33,0.06,0.008,0.4,0.003
2022-09-25 19:00,14,35,0.067,0.007,0.4,0.003
2022-09-25 20:00,19,39,0.062,0.007,0.4,0.003
2022-09-25 21:00,21,37,0.053,0.009,0.4,0.003
2022-09-25 22:00,18,45,0.043,0.01,0.5,0.003
2022-09-25 23:00,23,39,0.038,0.01,0.4,0.002
2022-09-26 0:00,16,37,0.028,0.01,0.4,0.002
2022-09-26 1:00,22,39,0.028,0.01,0.4,0.002
2022-09-26 2:00,23,39,0.022,0.009,0.4,0.002
2022-09-26 3:00,25,31,0.025,0.008,0.4,0.002
2022-09-26 4:00,21,33,0.036,0.007,0.3,0.002
2022-09-26 5:00,23,32,0.032,0.007,0.3,0.002
2022-09-26 6:00,23,39,0.026,0.009,0.4,0.002
2022-09-26 7:00,25,36,0.029,0.014,0.4,0.003
2022-09-26 8:00,24,40,0.024,0.015,0.4,0.002
2022-09-26 9:00,32,48,0.031,0.013,0.4,0.003
2022-09-26 10:00,30,43,0.038,0.011,0.3,0.003
2022-09-26 11:00,28,40,0.041,0.01,0.3,0.003
2022-09-26 12:00,22,39,0.044,0.009,0.3,0.002
2022-09-26 13:00,12,38,0.049,0.008,0.3,0.002
2022-09-26 14:00,19,41,0.057,0.009,0.3,0.002
2022-09-26 15:00,24,44,0.065,0.011,0.4,0.003
2022-09-26 16:00,30,55,0.068,0.013,0.3,0.003
2022-09-26 17:00,25,52,0.071,0.012,0.4,0.003
2022-09-26 18:00,30,50,0.077,0.012,0.4,0.004
2022-09-26 19:00,20,48,0.073,0.015,0.4,0.003
2022-09-26 20:00,32,49,0.056,0.016,0.4,0.003
2022-09-26 21:00,38,48,0.042,0.016,0.4,0.002
2022-09-26 22:00,37,55,0.035,0.016,0.4,0.002
2022-09-26 23:00,33,43,0.031,0.012,0.4,0.002
2022-09-27 0:00,22,38,0.035,0.009,0.3,0.002
2022-09-27 1:00,27,54,0.036,0.009,0.4,0.002
2022-09-27 2:00,28,54,0.027,0.01,0.4,0.002
2022-09-27 3:00,27,43,0.02,0.011,0.4,0.002
2022-09-27 4:00,23,41,0.025,0.009,0.4,0.002
2022-09-27 5:00,20,31,0.027,0.009,0.4,0.002
2022-09-27 6:00,22,34,0.029,0.011,0.4,0.002
2022-09-27 7:00,19,38,0.024,0.021,0.4,0.003
2022-09-27 8:00,26,33,0.023,0.018,0.4,0.002
2022-09-27 9:00,29,48,0.036,0.012,0.3,0.002
2022-09-27 10:00,36,51,0.046,0.013,0.3,0.002
2022-09-27 11:00,30,47,0.055,0.01,0.3,0.002
2022-09-27 12:00,29,51,0.072,0.011,0.3,0.003
2022-09-27 13:00,29,36,0.082,0.01,0.3,0.003
2022-09-27 14:00,35,52,0.082,0.011,0.3,0.003
2022-09-27 15:00,41,65,0.087,0.012,0.4,0.003
2022-09-27 16:00,34,61,0.079,0.011,0.4,0.004
2022-09-27 17:00,43,69,0.094,0.012,0.4,0.004
2022-09-27 18:00,46,66,0.1,0.013,0.4,0.003
2022-09-27 19:00,41,66,0.096,0.014,0.4,0.003
2022-09-27 20:00,57,78,0.095,0.014,0.4,0.003
2022-09-27 21:00,59,83,0.09,0.012,0.4,0.002
2022-09-27 22:00,64,84,0.08,0.013,0.4,0.002
2022-09-27 23:00,59,78,0.057,0.016,0.4,0.002
2022-09-28 0:00,69,90,0.055,0.014,0.4,0.002
2022-09-28 1:00,71,89,0.05,0.011,0.4,0.002
2022-09-28 2:00,81,105,0.047,0.01,0.4,0.002
2022-09-28 3:00,73,100,0.05,0.009,0.4,0.002
2022-09-28 4:00,65,87,0.047,0.008,0.4,0.002
2022-09-28 5:00,68,94,0.042,0.009,0.3,0.002
2022-09-28 6:00,68,93,0.046,0.01,0.3,0.002
2022-09-28 7:00,66,86,0.043,0.01,0.4,0.002
2022-09-28 8:00,64,76,0.046,0.01,0.4,0.002
2022-09-28 9:00,68,74,0.041,0.012,0.4,0.002
2022-09-28 10:00,56,61,0.038,0.012,0.3,0.002
2022-09-28 11:00,50,69,0.051,0.012,0.4,0.003
2022-09-28 12:00,46,64,0.076,0.012,0.4,0.003
2022-09-28 13:00,50,65,0.077,0.014,0.4,0.006
2022-09-28 14:00,49,69,0.071,0.016,0.4,0.006
2022-09-28 15:00,57,77,0.077,0.017,0.4,0.006
2022-09-28 16:00,46,60,0.078,0.013,0.3,0.003
2022-09-28 17:00,58,71,0.081,0.013,0.4,0.002
2022-09-28 18:00,49,65,0.08,0.01,0.4,0.002
2022-09-28 19:00,48,65,0.08,0.014,0.4,0.003
2022-09-28 20:00,38,61,0.082,0.011,0.4,0.003
2022-09-28 21:00,43,60,0.076,0.007,0.4,0.002
2022-09-28 22:00,42,65,0.07,0.007,0.4,0.002
2022-09-28 23:00,46,64,0.062,0.008,0.4,0.002
2022-09-29 0:00,54,60,0.051,0.01,0.4,0.002
2022-09-29 1:00,43,54,0.046,0.011,0.4,0.002
2022-09-29 2:00,49,61,0.034,0.01,0.4,0.002
2022-09-29 3:00,50,63,0.02,0.012,0.4,0.002
2022-09-29 4:00,39,44,0.016,0.011,0.4,0.002
2022-09-29 5:00,33,41,0.027,0.01,0.4,0.002
2022-09-29 6:00,39,48,0.028,0.01,0.4,0.002
2022-09-29 7:00,40,42,0.029,0.011,0.4,0.002
2022-09-29 8:00,35,44,0.031,0.01,0.4,0.002
2022-09-29 9:00,40,47,0.029,0.012,0.4,0.002
2022-09-29 10:00,38,48,0.033,0.013,0.4,0.002
2022-09-29 11:00,,,,,,
2022-09-29 12:00,,,,,,
2022-09-29 13:00,39,52,,,,
2022-09-29 14:00,35,53,0.076,0.011,0.4,0.003
2022-09-29 15:00,36,51,0.075,0.01,0.4,0.002
2022-09-29 16:00,33,47,0.073,0.01,0.4,0.002
2022-09-29 17:00,36,48,0.072,0.009,0.4,0.002
2022-09-29 18:00,35,48,0.068,0.01,0.4,0.002
2022-09-29 19:00,30,44,0.066,0.009,0.4,0.002
2022-09-29 20:00,38,49,0.066,0.008,0.4,0.002
2022-09-29 21:00,46,55,0.062,0.008,0.4,0.002
2022-09-29 22:00,43,56,0.051,0.01,0.5,0.002
2022-09-29 23:00,44,58,0.038,0.014,0.5,0.002
2022-09-30 0:00,43,61,0.03,0.012,0.5,0.002
2022-09-30 1:00,45,53,0.027,0.011,0.4,0.002
2022-09-30 2:00,42,69,0.024,0.012,0.4,0.002
2022-09-30 3:00,41,52,0.021,0.012,0.4,0.002
2022-09-30 4:00,37,65,0.02,0.012,0.4,0.002
2022-09-30 5:00,40,45,0.018,0.01,0.4,0.002
2022-09-30 6:00,37,44,0.017,0.012,0.4,0.001
2022-09-30 7:00,38,43,0.013,0.016,0.4,0.001
2022-09-30 8:00,37,44,0.018,0.016,0.5,0.002
2022-09-30 9:00,53,67,0.031,0.012,0.5,0.002
2022-09-30 10:00,56,68,0.043,0.011,0.6,0.002
2022-09-30 11:00,55,74,0.056,0.01,0.5,0.002
2022-09-30 12:00,45,59,0.067,0.008,0.4,0.002
2022-09-30 13:00,37,48,0.069,0.008,0.4,0.002
2022-09-30 14:00,40,65,0.075,0.01,0.5,0.002
2022-09-30 15:00,55,74,0.078,0.011,0.6,0.002
2022-09-30 16:00,50,64,0.078,0.01,0.6,0.002
2022-09-30 17:00,54,64,0.074,0.011,0.6,0.002
2022-09-30 18:00,49,63,0.07,0.012,0.6,0.002
2022-09-30 19:00,48,58,0.074,0.009,0.5,0.002
2022-09-30 20:00,48,58,0.074,0.009,0.5,0.002
2022-09-30 21:00,47,58,0.068,0.009,0.5,0.002
2022-09-30 22:00,46,54,0.059,0.01,0.5,0.002
2022-09-30 23:00,52,69,0.046,0.014,0.5,0.002
