date,PM2.5,PM10,NO2,SO2,CO,O3
2022-09-01 1:00,19.77833333,19.92833333,0.007683333,0.02605,0.027066667,0.02485
2022-09-01 2:00,22.6,22.82,0.007166667,0.023816667,0.02175,0.024116667
2022-09-01 3:00,25.59333333,25.98,0.007,0.023433333,0.012883333,0.025966667
2022-09-01 4:00,23.825,24.22666667,0.00745,0.022983333,0.020283333,0.023
2022-09-01 5:00,24.07,24.50333333,0.007066667,0.022816667,0.0146,0.02335
2022-09-01 6:00,24.88666667,25.295,0.007,0.023016667,0.008966667,0.024183333
2022-09-01 7:00,26.13,26.61833333,0.007033333,0.02545,0.015216667,0.025366667
2022-09-01 8:00,22.27,22.61166667,0.007033333,0.021716667,0.02675,0.023833333
2022-09-01 9:00,19.36333333,19.64166667,0.007066667,0.018016667,0.032283333,0.023283333
2022-09-01 10:00,18,18.23666667,0.007,0.015466667,0.045466667,0.022516667
2022-09-01 11:00,13.42166667,13.505,0.007,0.01345,0.057833333,0.023816667
2022-09-01 12:00,9.366666667,9.371666667,0.007,0.009516667,0.093466667,0.020616667
2022-09-01 13:00,7.043333333,7.043333333,0.0072,0.007533333,0.11605,0.02085
2022-09-01 14:00,5.8,5.8,0.0072,0.00765,0.112683333,0.024466667
2022-09-01 15:00,3.521666667,3.521666667,0.007266667,0.00555,0.134233333,0.0243
2022-09-01 16:00,3.353333333,3.353333333,0.00795,0.00945,0.112683333,0.028466667
2022-09-01 17:00,3.685,3.685,0.008,0.016066667,0.069533333,0.03905
2022-09-01 18:00,4.411666667,4.411666667,0.008,0.0145,0.07385,0.043133333
2022-09-01 19:00,5.303333333,5.303333333,0.008,0.029083333,0.033566667,0.04845
2022-09-01 20:00,13.13333333,13.13833333,0.008,0.050383333,0.0539,0.05805
2022-09-01 21:00,25.68,25.68,0.008,0.04715,0.037666667,0.040966667
2022-09-01 22:00,15.135,15.135,0.008,0.0399,0.02415,0.035133333
2022-09-01 23:00,5.97,5.97,0.008,0.032133333,0.014916667,0.031133333
2022-09-02 0:00,5.115,5.115,0.007483333,0.0263,0.023166667,0.029933333
2022-09-02 1:00,4.481666667,4.481666667,0.007,0.023783333,0.024166667,0.0287
2022-09-02 2:00,4.65,4.65,0.007,0.024533333,0.023333333,0.029383333
2022-09-02 3:00,5.386666667,5.386666667,0.007,0.026116667,0.0235,0.028783333
2022-09-02 4:00,4.925,4.925,0.007,0.0236,0.0235,0.028133333
2022-09-02 5:00,5.155,5.155,0.007,0.0229,0.023166667,0.029333333
2022-09-02 6:00,4.896666667,4.896666667,0.007,0.021833333,0.0235,0.02945
2022-09-02 7:00,3.791666667,3.791666667,0.007,0.0185,0.023333333,0.029166667
2022-09-02 8:00,3.486666667,3.486666667,0.007,0.016633333,0.023,0.028566667
2022-09-02 9:00,3.266666667,3.266666667,0.007,0.014983333,0.024,0.027816667
2022-09-02 10:00,2.858333333,2.858333333,0.007,0.0133,0.023883333,0.027416667
2022-09-02 11:00,2.093333333,2.093333333,0.006983333,0.0109,0.012683333,0.026416667
2022-09-02 12:00,1.828333333,1.828333333,0.007,0.010283333,0.015516667,0.028833333
2022-09-02 13:00,1.675,1.675,0.007,0.009433333,0.037366667,0.029066667
2022-09-02 14:00,1.466666667,1.466666667,0.007,0.0099,0.040283333,0.031
2022-09-02 15:00,1.49,1.49,0.007366667,0.012983333,0.020916667,0.036516667
2022-09-02 16:00,1.501666667,1.501666667,0.007483333,0.013533333,0.0186,0.036933333
2022-09-02 17:00,1.825,1.825,0.008,0.01625,0.011333333,0.03945
2022-09-02 18:00,1.803333333,1.803333333,0.008,0.021066667,0.019533333,0.039483333
2022-09-02 19:00,2,2,0.008,0.02755,0.023,0.041033333
2022-09-02 20:00,2.468333333,2.468333333,0.0076,0.029933333,0.0235,0.04115
2022-09-02 21:00,1.943333333,1.943333333,0.00705,0.027183333,0.022666667,0.03935
2022-09-02 22:00,1.538333333,1.538333333,0.007,0.02505,0.023,0.039083333
2022-09-02 23:00,1.486666667,1.486666667,0.007,0.024333333,0.023166667,0.03895
2022-09-03 0:00,1.286666667,1.286666667,0.007,0.022866667,0.022833333,0.038316667
2022-09-03 1:00,1.263333333,1.263333333,0.007,0.021666667,0.024,0.0387
2022-09-03 2:00,1.45,1.45,0.007,0.019416667,0.023666667,0.038583333
2022-09-03 3:00,1.41,1.41,0.007,0.019866667,0.022833333,0.03905
2022-09-03 4:00,1.356666667,1.356666667,0.006983333,0.021616667,0.0235,0.040933333
2022-09-03 5:00,1.175,1.175,0.00665,0.0208,0.023,0.04205
2022-09-03 6:00,1.183333333,1.183333333,0.006583333,0.021116667,0.023333333,0.04095
2022-09-03 7:00,1.085,1.085,0.006833333,0.021066667,0.024,0.039
2022-09-03 8:00,1.005,1.005,0.007,0.017133333,0.023833333,0.033883333
2022-09-03 9:00,0.873333333,0.873333333,0.006983333,0.014016667,0.023166667,0.0295
2022-09-03 10:00,0.811666667,0.811666667,0.007,0.012733333,0.023833333,0.02845
2022-09-03 11:00,0.893333333,0.895,0.007,0.012266667,0.015533333,0.029583333
2022-09-03 12:00,1.02,1.02,0.007,0.0114,0.017116667,0.029216667
2022-09-03 13:00,1.136666667,1.136666667,0.007,0.012316667,0.021983333,0.031933333
2022-09-03 14:00,0.961666667,0.961666667,0.007516667,0.011333333,0.0402,0.030866667
2022-09-03 15:00,0.855,0.855,0.007933333,0.008916667,0.0727,0.0285
2022-09-03 16:00,0.946666667,0.946666667,0.008,0.0139,0.04555,0.0373
2022-09-03 17:00,1.656666667,1.656666667,0.008,0.014033333,0.0395,0.037766667
2022-09-03 18:00,1.903333333,1.903333333,0.008,0.0207,0.02585,0.0401
2022-09-03 19:00,1.785,1.785,0.008,0.03325,0.02015,0.045216667
2022-09-03 20:00,1.655,1.655,0.00795,0.032666667,0.023333333,0.04305
2022-09-03 21:00,2.023333333,2.023333333,0.007,0.027266667,0.023166667,0.038783333
2022-09-03 22:00,2.043333333,2.043333333,0.007,0.024983333,0.023166667,0.036366667
2022-09-03 23:00,1.806666667,1.806666667,0.007,0.02395,0.023166667,0.035416667
2022-09-04 0:00,1.483333333,1.483333333,0.007,0.022833333,0.0235,0.032916667
2022-09-04 1:00,1.111666667,1.111666667,0.007,0.022083333,0.023,0.032066667
2022-09-04 2:00,0.968333333,0.968333333,0.007,0.020933333,0.023333333,0.03145
2022-09-04 3:00,0.82,0.82,0.007,0.019816667,0.023166667,0.03075
2022-09-04 4:00,0.691666667,0.691666667,0.007,0.019866667,0.024,0.030933333
2022-09-04 5:00,0.686666667,0.686666667,0.007,0.019383333,0.023,0.030333333
2022-09-04 6:00,0.641666667,0.641666667,0.007,0.017983333,0.0235,0.029133333
2022-09-04 7:00,0.761666667,0.761666667,0.007,0.019583333,0.022833333,0.030183333
2022-09-04 8:00,1.371666667,1.371666667,0.007,0.022583333,0.023833333,0.030316667
2022-09-04 9:00,1.423333333,1.423333333,0.007,0.019316667,0.0235,0.028183333
2022-09-04 10:00,2.443333333,2.443333333,0.007,0.02085,0.023833333,0.027516667
2022-09-04 11:00,3.198333333,3.2,0.0073,0.024983333,0.01765,0.029
2022-09-04 12:00,3.716666667,3.72,0.007033333,0.014683333,0.0275,0.025733333
2022-09-04 13:00,4.393333333,4.393333333,0.007366667,0.011466667,0.072183333,0.02195
2022-09-04 14:00,5.025,5.025,0.007816667,0.012066667,0.083183333,0.024816667
2022-09-04 15:00,4.945,4.945,0.007,0.012283333,0.058916667,0.0252
2022-09-04 16:00,7.818333333,7.818333333,0.007,0.013083333,0.070183333,0.0277
2022-09-04 17:00,10.225,10.225,0.007016667,0.015133333,0.06515,0.029816667
2022-09-04 18:00,12.13,12.135,0.007833333,0.039916667,0.052933333,0.037266667
2022-09-04 19:00,11.14666667,11.15,0.007966667,0.044783333,0.058683333,0.038716667
2022-09-04 20:00,7.431666667,7.438333333,0.007566667,0.028116667,0.061266667,0.030083333
2022-09-04 21:00,1.5,1.588333333,0.007083333,0.0229,0.026083333,0.027066667
2022-09-04 22:00,2.153333333,2.785,0.007466667,0.01945,0.01245,0.025133333
2022-09-04 23:00,2.143333333,3.013333333,0.00795,0.020166667,0.010116667,0.02445
2022-09-05 0:00,1.698333333,2.313333333,0.0077,0.0188,0.0103,0.023766667
2022-09-05 1:00,1.498305085,1.828813559,0.007983051,0.019101695,0.014084746,0.023084746
2022-09-05 2:00,1.441666667,1.531666667,0.008,0.019366667,0.013233333,0.022966667
2022-09-05 3:00,1.571666667,1.61,0.00785,0.01865,0.007,0.02315
2022-09-05 4:00,1.455932203,1.471186441,0.007033898,0.018779661,0.020322034,0.023491525
2022-09-05 5:00,1.576666667,1.578333333,0.007,0.01825,0.023016667,0.023366667
2022-09-05 6:00,2.343333333,2.343333333,0.007,0.0178,0.024333333,0.02405
2022-09-05 7:00,3.023333333,3.028333333,0.007,0.018733333,0.023833333,0.023133333
2022-09-05 8:00,3.685,3.686666667,0.007,0.02,0.021366667,0.023883333
2022-09-05 9:00,4.141666667,4.146666667,0.007,0.019266667,0.01035,0.02375
2022-09-05 10:00,5.055,5.055,0.007,0.0183,0.023616667,0.0235
2022-09-05 11:00,5.853333333,5.855,0.0078,0.016766667,0.04625,0.02255
2022-09-05 12:00,7.061666667,7.061666667,0.008,0.015883333,0.068933333,0.021966667
2022-09-05 13:00,7.925,7.936666667,0.00795,0.016316667,0.066566667,0.023366667
2022-09-05 14:00,8.143333333,8.155,0.008,0.018233333,0.0759,0.023833333
2022-09-05 15:00,8.301666667,8.313333333,0.008,0.021833333,0.0841,0.023866667
2022-09-05 16:00,7.888333333,7.888333333,0.008,0.021783333,0.073783333,0.023483333
2022-09-05 17:00,6.853333333,6.853333333,0.008,0.020933333,0.074666667,0.0234
2022-09-05 18:00,3.195,3.195,0.007033333,0.017716667,0.0535,0.025333333
2022-09-05 19:00,1.215,1.215,0.00645,0.018316667,0.017,0.032083333
2022-09-05 20:00,0.773333333,0.773333333,0.006,0.021066667,0.023666667,0.0395
2022-09-05 21:00,0.361666667,0.365,0.006,0.022716667,0.022833333,0.042183333
2022-09-05 22:00,0.336666667,0.343333333,0.006,0.021,0.023333333,0.036533333
2022-09-05 23:00,0.353333333,0.355,0.006,0.01945,0.024166667,0.035866667
2022-09-06 0:00,0.213333333,0.215,0.006,0.0191,0.023666667,0.039116667
2022-09-06 1:00,0.141666667,0.153333333,0.006,0.01895,0.023333333,0.04155
2022-09-06 2:00,0.14,0.15,0.006,0.01915,0.023333333,0.0448
2022-09-06 3:00,0.132758621,0.156896552,0.006,0.019862069,0.022758621,0.04337931
2022-09-06 4:00,0.108333333,0.135,0.006,0.01585,0.023833333,0.043916667
2022-09-06 5:00,0.171666667,0.196666667,0.005883333,0.014383333,0.023166667,0.046683333
2022-09-06 6:00,0.208333333,0.245,0.005816667,0.01835,0.0235,0.053383333
2022-09-06 7:00,0.148333333,0.165,0.006,0.020466667,0.0235,0.047716667
2022-09-06 8:00,1.19,1.195,0.006,0.016416667,0.023166667,0.045316667
2022-09-06 9:00,5.12,5.12,0.006,0.018083333,0.023333333,0.045583333
2022-09-06 10:00,2.251666667,2.256666667,0.006,0.015666667,0.023,0.0458
2022-09-06 11:00,2.918333333,2.928333333,0.006,0.010833333,0.016683333,0.031133333
2022-09-06 12:00,5.325,5.341666667,0.0061,0.011433333,0.0133,0.03185
2022-09-06 13:00,5.175,5.208333333,0.006583333,0.0113,0.020833333,0.034316667
2022-09-06 14:00,5.288333333,5.305,0.007,0.0139,0.020566667,0.041483333
2022-09-06 15:00,5.525,5.535,0.006933333,0.012666667,0.017266667,0.0445
2022-09-06 16:00,8.14,8.143333333,0.007,0.014583333,0.006616667,0.04815
2022-09-06 17:00,10.405,10.41166667,0.007,0.016833333,0.01235,0.0512
2022-09-06 18:00,11.625,11.63166667,0.007,0.020083333,0.009083333,0.048233333
2022-09-06 19:00,12.18166667,12.20333333,0.007,0.034366667,0.021566667,0.053133333
2022-09-06 20:00,14.19666667,14.225,0.007,0.038316667,0.023533333,0.057583333
2022-09-06 21:00,13.08666667,13.10666667,0.00675,0.03495,0.024866667,0.053883333
2022-09-06 22:00,18.14,18.175,0.00685,0.034516667,0.0244,0.048683333
2022-09-06 23:00,19.73,19.785,0.007,0.03125,0.023333333,0.0477
2022-09-07 0:00,22.44166667,22.55666667,0.006966667,0.030033333,0.023833333,0.041183333
2022-09-07 1:00,28.03333333,28.33333333,0.007,0.0311,0.01405,0.036816667
2022-09-07 2:00,37.32,37.78666667,0.006783333,0.028166667,0.022166667,0.038683333
2022-09-07 3:00,32.36666667,32.83,0.007,0.023333333,0.0195,0.029616667
2022-09-07 4:00,30.445,30.845,0.007,0.025616667,0.0235,0.028716667
2022-09-07 5:00,39.31,44.22,0.007,0.025316667,0.023666667,0.032466667
2022-09-07 6:00,40.67666667,47.89833333,0.007,0.02335,0.023,0.0312
2022-09-07 7:00,38.245,42.39,0.00695,0.023516667,0.0235,0.034183333
2022-09-07 8:00,36.77833333,37.84666667,0.006833333,0.023266667,0.020816667,0.033383333
2022-09-07 9:00,34.735,35.29,0.006383333,0.018916667,0.018883333,0.0328
2022-09-07 10:00,35.23833333,35.705,0.006083333,0.013583333,0.049533333,0.032
2022-09-07 11:00,32.83,33.14166667,0.006016667,0.012233333,0.051233333,0.037416667
2022-09-07 12:00,26.15333333,26.38,0.0059,0.012983333,0.03725,0.045916667
2022-09-07 13:00,22.19166667,22.30666667,0.00595,0.011216667,0.058233333,0.042983333
2022-09-07 14:00,29.08166667,29.32166667,0.006133333,0.0166,0.0682,0.0513
2022-09-07 15:00,34.90166667,35.11333333,0.006966667,0.011166667,0.10325,0.044966667
2022-09-07 16:00,31.90333333,32.07666667,0.007,0.0119,0.104083333,0.047383333
2022-09-07 17:00,30.54666667,30.74833333,0.00705,0.01735,0.092566667,0.053433333
2022-09-07 18:00,29.755,30.05333333,0.007083333,0.027483333,0.0666,0.05935
2022-09-07 19:00,29.785,30.06666667,0.007016667,0.03985,0.03495,0.061416667
2022-09-07 20:00,34.74833333,35.17833333,0.007,0.043616667,0.01385,0.0633
2022-09-07 21:00,38.04745763,38.55932203,0.007,0.036474576,0.016694915,0.052288136
2022-09-07 22:00,37.48166667,38.02,0.007,0.0347,0.017133333,0.044183333
2022-09-07 23:00,33.34166667,33.79166667,0.007,0.030633333,0.017183333,0.03405
2022-09-08 0:00,32.09333333,32.47666667,0.007,0.0292,0.005583333,0.035516667
2022-09-08 1:00,32.73,33.135,0.007,0.0275,0.013433333,0.030233333
2022-09-08 2:00,30.95333333,31.36833333,0.007,0.024983333,0.021516667,0.029433333
2022-09-08 3:00,27.99666667,28.31666667,0.007,0.0221,0.023,0.029083333
2022-09-08 4:00,25.1,25.38666667,0.007,0.0172,0.023333333,0.029316667
2022-09-08 5:00,24.37166667,24.59166667,0.007,0.019766667,0.023833333,0.028133333
2022-09-08 6:00,25.12833333,25.28,0.007,0.021716667,0.023,0.031116667
2022-09-08 7:00,21.48666667,21.63166667,0.007,0.027816667,0.023066667,0.029183333
2022-09-08 8:00,17.32833333,17.42166667,0.007,0.019166667,0.01845,0.02845
2022-09-08 9:00,13.91666667,13.95666667,0.006966667,0.012916667,0.03505,0.02675
2022-09-08 10:00,11.50333333,11.51833333,0.006966667,0.0091,0.066116667,0.024016667
2022-09-08 11:00,7.196666667,7.201666667,0.007,0.0075,0.076516667,0.026016667
2022-09-08 12:00,5.926666667,5.926666667,0.007166667,0.006116667,0.110416667,0.029066667
2022-09-08 13:00,12.44333333,12.44333333,0.00795,0.011783333,0.140483333,0.044616667
2022-09-08 14:00,10.93833333,10.93833333,0.007816667,0.0148,0.124316667,0.05665
2022-09-08 15:00,11.76166667,11.76166667,0.007816667,0.018033333,0.124083333,0.066283333
2022-09-08 16:00,13.255,13.255,0.007616667,0.024716667,0.1284,0.076483333
2022-09-08 17:00,10.24333333,10.24333333,0.007166667,0.02275,0.092916667,0.07625
2022-09-08 18:00,12.165,12.165,0.007,0.032083333,0.060383333,0.081583333
2022-09-08 19:00,10.33333333,10.33333333,0.006916667,0.0339,0.030083333,0.081216667
2022-09-08 20:00,12.37833333,12.37833333,0.006833333,0.0346,0.019766667,0.076433333
2022-09-08 21:00,16.53833333,16.53833333,0.006983333,0.033866667,0.029533333,0.06215
2022-09-08 22:00,22.13333333,22.13333333,0.006716667,0.034416667,0.034233333,0.057666667
2022-09-08 23:00,18.1,18.1,0.007066667,0.033216667,0.059216667,0.046483333
2022-09-09 0:00,20.32166667,20.32166667,0.007,0.032733333,0.044666667,0.041683333
2022-09-09 1:00,21.19833333,21.19833333,0.007,0.027133333,0.0416,0.037183333
2022-09-09 2:00,21.86166667,21.86166667,0.007,0.021433333,0.040583333,0.037283333
2022-09-09 3:00,24.84333333,24.84333333,0.006933333,0.02115,0.0329,0.039866667
2022-09-09 4:00,27.335,27.335,0.006883333,0.02165,0.028766667,0.042883333
2022-09-09 5:00,27.59,27.59,0.006733333,0.022466667,0.024833333,0.043566667
2022-09-09 6:00,27.89,27.89,0.006983333,0.024366667,0.015883333,0.042783333
2022-09-09 7:00,37.85166667,37.85166667,0.006983333,0.025816667,0.016133333,0.042466667
2022-09-09 8:00,30.70833333,30.70833333,0.007,0.022183333,0.027033333,0.036366667
2022-09-09 9:00,16.92166667,16.92166667,0.007,0.01275,0.02685,0.0281
2022-09-09 10:00,8.433333333,8.433333333,0.007,0.008966667,0.0223,0.025116667
2022-09-09 11:00,5.931666667,5.931666667,0.007,0.007283333,0.023183333,0.0241
2022-09-09 12:00,4.24,4.24,0.007,0.004933333,0.034366667,0.023166667
2022-09-09 13:00,3.546666667,3.546666667,0.007183333,0.0073,0.024216667,0.030416667
2022-09-09 14:00,4.29137931,4.29137931,0.008,0.007431034,0.064051724,0.030862069
2022-09-09 15:00,3.17,3.17,0.007966667,0.0081,0.061433333,0.0353
2022-09-09 16:00,10.58166667,10.58166667,0.008783333,0.02255,0.107883333,0.065266667
2022-09-09 17:00,18.57666667,18.57666667,0.00835,0.04095,0.105766667,0.082466667
2022-09-09 18:00,8.411666667,8.411666667,0.0083,0.022033333,0.0683,0.049166667
2022-09-09 19:00,9.531666667,9.531666667,0.008533333,0.03025,0.0251,0.042916667
2022-09-09 20:00,5.825,5.825,0.008083333,0.028066667,0.021216667,0.035566667
2022-09-09 21:00,5.106666667,5.106666667,0.008,0.025466667,0.023333333,0.037033333
2022-09-09 22:00,5.338333333,5.338333333,0.008,0.027866667,0.023666667,0.037716667
2022-09-09 23:00,5.685,5.685,0.008,0.02785,0.023,0.0385
2022-09-10 0:00,5.465,5.465,0.007866667,0.025733333,0.023333333,0.03565
2022-09-10 1:00,4.798333333,4.798333333,0.007116667,0.023616667,0.023833333,0.03455
2022-09-10 2:00,4.176666667,4.176666667,0.007,0.021116667,0.0235,0.034733333
2022-09-10 3:00,3.25,3.25,0.007,0.020516667,0.023,0.035683333
2022-09-10 4:00,2.9,2.9,0.007,0.02075,0.024166667,0.037433333
2022-09-10 5:00,2.816666667,2.816666667,0.007,0.023483333,0.022833333,0.0397
2022-09-10 6:00,2.888333333,2.888333333,0.007,0.023816667,0.023666667,0.039266667
2022-09-10 7:00,2.905,2.905,0.007,0.0239,0.0235,0.038683333
2022-09-10 8:00,3.115,3.115,0.007,0.023783333,0.023666667,0.035933333
2022-09-10 9:00,3.275,3.275,0.007,0.018666667,0.023333333,0.03245
2022-09-10 10:00,3.458333333,3.458333333,0.007,0.0163,0.023166667,0.030083333
2022-09-10 11:00,3.718333333,3.718333333,0.007,0.0161,0.023333333,0.031216667
2022-09-10 12:00,2.955,2.955,0.00695,0.009966667,0.023333333,0.024933333
2022-09-10 13:00,2.691666667,2.691666667,0.007,0.0064,0.011866667,0.0225
2022-09-10 14:00,2.613333333,2.613333333,0.007333333,0.006833333,0.0299,0.023916667
2022-09-10 15:00,2.741666667,2.741666667,0.007933333,0.008516667,0.038566667,0.025966667
2022-09-10 16:00,2.696666667,2.696666667,0.008,0.0149,0.018183333,0.0341
2022-09-10 17:00,3.026666667,3.026666667,0.008,0.019766667,0.023666667,0.041333333
2022-09-10 18:00,3.291666667,3.291666667,0.008,0.027533333,0.0235,0.04085
2022-09-10 19:00,4.08,4.08,0.008,0.033366667,0.022833333,0.04245
2022-09-10 20:00,5.273333333,5.273333333,0.008,0.030916667,0.024,0.0394
2022-09-10 21:00,5.138333333,5.138333333,0.007816667,0.0286,0.023666667,0.036466667
2022-09-10 22:00,5.188333333,5.188333333,0.007066667,0.02575,0.023166667,0.034
2022-09-10 23:00,5.178333333,5.178333333,0.007,0.02255,0.023166667,0.0322
2022-09-11 0:00,4.86,4.86,0.007,0.020083333,0.023333333,0.030866667
2022-09-11 1:00,4.94,4.94,0.007,0.019983333,0.023,0.031716667
2022-09-11 2:00,5.001666667,5.001666667,0.007,0.021266667,0.023,0.03155
2022-09-11 3:00,4.6,4.6,0.007,0.0194,0.023166667,0.0314
2022-09-11 4:00,5.151666667,5.151666667,0.007,0.02335,0.0235,0.030533333
2022-09-11 5:00,5.451666667,5.451666667,0.007,0.022333333,0.024166667,0.030233333
2022-09-11 6:00,5.298333333,5.298333333,0.007,0.018833333,0.023166667,0.0289
2022-09-11 7:00,5.761666667,5.761666667,0.007,0.02195,0.024,0.02955
2022-09-11 8:00,5.918333333,5.92,0.007,0.017333333,0.022666667,0.0288
2022-09-11 9:00,5.395,5.395,0.007,0.0142,0.0235,0.027516667
2022-09-11 10:00,5.075,5.075,0.007,0.011216667,0.023166667,0.024083333
2022-09-11 11:00,4.576666667,4.576666667,0.0071,0.0096,0.01005,0.02435
2022-09-11 12:00,4.348333333,4.348333333,0.00785,0.0109,0.018466667,0.02665
2022-09-11 13:00,4.321666667,4.321666667,0.007766667,0.008733333,0.049183333,0.026466667
2022-09-11 14:00,3.961666667,3.961666667,0.007816667,0.014633333,0.031116667,0.03655
2022-09-11 15:00,5.078333333,5.078333333,0.008,0.014733333,0.02775,0.040966667
2022-09-11 16:00,4.991666667,4.991666667,0.008,0.01295,0.032483333,0.039033333
2022-09-11 17:00,7.036666667,7.036666667,0.008566667,0.021166667,0.018633333,0.043383333
2022-09-11 18:00,7.348333333,7.348333333,0.00855,0.033133333,0.023833333,0.044733333
2022-09-11 19:00,9.693333333,9.693333333,0.008116667,0.0382,0.023333333,0.041533333
2022-09-11 20:00,11.25333333,11.25333333,0.008,0.038183333,0.0235,0.040266667
2022-09-11 21:00,11.17166667,11.17166667,0.008,0.034,0.025866667,0.034
2022-09-11 22:00,13.01864407,13.01864407,0.008,0.030983051,0.023559322,0.031915254
2022-09-11 23:00,12.61666667,12.61666667,0.008,0.026166667,0.022133333,0.0285
2022-09-12 0:00,14.185,14.185,0.008,0.024616667,0.01805,0.029266667
2022-09-12 1:00,15.175,15.17666667,0.008,0.029083333,0.023166667,0.030116667
2022-09-12 2:00,14.86166667,14.86166667,0.008,0.026283333,0.0235,0.02975
2022-09-12 3:00,15.05666667,15.05666667,0.008,0.027166667,0.023666667,0.028633333
2022-09-12 4:00,16.41333333,16.41833333,0.00775,0.02355,0.023833333,0.027833333
2022-09-12 5:00,17.71166667,17.71166667,0.00705,0.02245,0.023333333,0.028316667
2022-09-12 6:00,18.67666667,18.67833333,0.007366667,0.022716667,0.023,0.026616667
2022-09-12 7:00,19.31666667,19.32333333,0.007433333,0.022466667,0.0235,0.025533333
2022-09-12 8:00,19.02,19.04333333,0.0077,0.020083333,0.019916667,0.024233333
2022-09-12 9:00,17.955,17.96,0.0072,0.017083333,0.00645,0.0245
2022-09-12 10:00,16.11186441,16.11186441,0.007983051,0.015491525,0.018016949,0.023661017
2022-09-12 11:00,13.56333333,13.56333333,0.007616667,0.012433333,0.036466667,0.021816667
2022-09-12 12:00,13.10666667,13.10666667,0.008,0.012383333,0.055233333,0.021816667
2022-09-12 13:00,13.58833333,13.58833333,0.0078,0.01205,0.0705,0.023116667
2022-09-12 14:00,19.26,19.27166667,0.007416667,0.019666667,0.083383333,0.030583333
2022-09-12 15:00,15.55932203,15.56271186,0.007661017,0.016661017,0.057118644,0.029474576
2022-09-12 16:00,22.21,22.21833333,0.00795,0.018733333,0.068016667,0.031433333
2022-09-12 17:00,24.20833333,24.225,0.0075,0.02095,0.0649,0.0365
2022-09-12 18:00,19.95666667,19.96166667,0.007783333,0.0181,0.0547,0.032916667
2022-09-12 19:00,27.16333333,27.22333333,0.007466667,0.021966667,0.05345,0.037983333
2022-09-12 20:00,25.91166667,25.93,0.007866667,0.0289,0.0388,0.036166667
2022-09-12 21:00,27.03833333,27.04833333,0.008,0.0296,0.044316667,0.030866667
2022-09-12 22:00,30.41833333,30.46,0.008,0.030833333,0.0479,0.027966667
2022-09-12 23:00,25.33833333,25.36166667,0.008,0.02755,0.046266667,0.026
2022-09-13 0:00,23.03666667,23.04833333,0.008,0.023083333,0.03885,0.0238
2022-09-13 1:00,16.73,16.74333333,0.008,0.01895,0.022,0.023033333
2022-09-13 2:00,12.10833333,12.11,0.007633333,0.0151,0.007466667,0.02295
2022-09-13 3:00,11.93166667,11.93166667,0.007083333,0.0155,0.01835,0.024466667
2022-09-13 4:00,9.74,9.74,0.007083333,0.015116667,0.023333333,0.02395
2022-09-13 5:00,9.188333333,9.188333333,0.007166667,0.015766667,0.022666667,0.02415
2022-09-13 6:00,10.75666667,10.75666667,0.007333333,0.018766667,0.023166667,0.025616667
2022-09-13 7:00,10.33333333,10.33333333,0.007166667,0.018333333,0.023666667,0.025166667
2022-09-13 8:00,10.03666667,10.03666667,0.0072,0.0178,0.023166667,0.025233333
2022-09-13 9:00,9.795,9.795,0.00715,0.017516667,0.012,0.025116667
2022-09-13 10:00,9.24,9.241666667,0.007133333,0.013516667,0.018333333,0.02335
2022-09-13 11:00,8.67,8.67,0.007083333,0.011266667,0.033616667,0.022683333
2022-09-13 12:00,9.68,9.68,0.007583333,0.012983333,0.041216667,0.0268
2022-09-13 13:00,9.673333333,9.673333333,0.008,0.014083333,0.059,0.027033333
2022-09-13 14:00,9.195,9.196666667,0.008,0.015133333,0.0533,0.029916667
2022-09-13 15:00,8.95,8.95,0.008,0.020183333,0.049633333,0.031633333
2022-09-13 16:00,8.126666667,8.126666667,0.008,0.01825,0.037166667,0.03395
2022-09-13 17:00,8.63,8.63,0.008,0.022533333,0.028283333,0.03675
2022-09-13 18:00,8.718333333,8.718333333,0.008,0.0289,0.014883333,0.038983333
2022-09-13 19:00,9.035,9.036666667,0.008,0.03215,0.017766667,0.039116667
2022-09-13 20:00,8.133333333,8.133333333,0.008,0.0252,0.023,0.032416667
2022-09-13 21:00,7.776666667,7.776666667,0.007083333,0.0178,0.023166667,0.030116667
2022-09-13 22:00,6.875,6.875,0.007,0.013766667,0.023333333,0.029433333
2022-09-13 23:00,6.248333333,6.248333333,0.007,0.012766667,0.023666667,0.030383333
2022-09-14 0:00,5.953333333,5.953333333,0.007,0.014683333,0.024,0.033116667
2022-09-14 1:00,5.898333333,5.898333333,0.007,0.021416667,0.024,0.039666667
2022-09-14 2:00,4.656666667,4.656666667,0.006083333,0.01335,0.023666667,0.031983333
2022-09-14 3:00,4.02,4.02,0.006,0.012383333,0.023,0.031316667
2022-09-14 4:00,3.515,3.515,0.006,0.012716667,0.0235,0.032366667
2022-09-14 5:00,3.021666667,3.021666667,0.006016667,0.014116667,0.023166667,0.035816667
2022-09-14 6:00,2.736666667,2.736666667,0.006,0.0147,0.023333333,0.037133333
2022-09-14 7:00,2.381666667,2.381666667,0.006,0.014233333,0.023,0.03615
2022-09-14 8:00,2.565,2.57,0.006216667,0.016333333,0.023833333,0.038833333
2022-09-14 9:00,2.301666667,2.301666667,0.006616667,0.0142,0.022833333,0.034733333
2022-09-14 10:00,2.101666667,2.101666667,0.00675,0.013066667,0.023166667,0.032766667
2022-09-14 11:00,2.118333333,2.118333333,0.00695,0.0119,0.023833333,0.032466667
2022-09-14 12:00,2.535,2.535,0.007016667,0.013766667,0.023333333,0.03815
2022-09-14 13:00,3.42,3.42,0.007166667,0.014416667,0.023666667,0.04025
2022-09-14 14:00,3.94,3.94,0.00795,0.01505,0.0235,0.040516667
2022-09-14 15:00,4.676666667,4.676666667,0.008,0.017933333,0.023166667,0.044183333
2022-09-14 16:00,5.735,5.735,0.008,0.021183333,0.024,0.048016667
2022-09-14 17:00,6.403389831,6.403389831,0.007966102,0.022016949,0.023220339,0.049322034
2022-09-14 18:00,6.196666667,6.196666667,0.007116667,0.014766667,0.0235,0.04135
2022-09-14 19:00,6.098333333,6.098333333,0.007,0.017316667,0.024333333,0.042016667
2022-09-14 20:00,6.65,6.651666667,0.007033333,0.022033333,0.022833333,0.0449
2022-09-14 21:00,6.876666667,6.876666667,0.007,0.023933333,0.023,0.046383333
2022-09-14 22:00,6.8,6.8,0.007,0.022266667,0.024,0.045066667
2022-09-14 23:00,6.928333333,6.928333333,0.007,0.022633333,0.023333333,0.044483333
2022-09-15 0:00,7.573333333,7.576666667,0.007,0.025133333,0.023833333,0.0455
2022-09-15 1:00,8.108333333,8.11,0.007,0.026583333,0.023166667,0.046933333
2022-09-15 2:00,8.28,8.283333333,0.007,0.027683333,0.0235,0.048216667
2022-09-15 3:00,7.965,7.966666667,0.007,0.026516667,0.0235,0.045983333
2022-09-15 4:00,7.678333333,7.678333333,0.007,0.0251,0.023,0.0444
2022-09-15 5:00,7.966666667,7.97,0.007,0.023766667,0.0235,0.042683333
2022-09-15 6:00,7.781666667,7.781666667,0.007,0.022883333,0.0235,0.041916667
2022-09-15 7:00,8.115,8.115,0.007,0.02205,0.023666667,0.042766667
2022-09-15 8:00,8.133333333,8.133333333,0.0068,0.018166667,0.023666667,0.0401
2022-09-15 9:00,7.891666667,7.895,0.00675,0.015116667,0.023666667,0.0363
2022-09-15 10:00,7.511666667,7.511666667,0.007,0.01335,0.023166667,0.032366667
2022-09-15 11:00,7.481666667,7.481666667,0.007,0.012216667,0.023433333,0.032966667
2022-09-15 12:00,7.468333333,7.47,0.007016667,0.011366667,0.014633333,0.03235
2022-09-15 13:00,7.281666667,7.281666667,0.007483333,0.010533333,0.039366667,0.034033333
2022-09-15 14:00,6.785,6.785,0.007983333,0.009583333,0.0697,0.032833333
2022-09-15 15:00,5.675,5.675,0.0082,0.0121,0.072033333,0.038416667
2022-09-15 16:00,4.65,4.65,0.008116667,0.014533333,0.05535,0.034666667
2022-09-15 17:00,5.24,5.24,0.008266667,0.030283333,0.0274,0.0442
2022-09-15 18:00,6.418333333,6.418333333,0.008,0.029316667,0.008116667,0.04065
2022-09-15 19:00,8.53,8.53,0.008,0.026583333,0.022583333,0.038983333
2022-09-15 20:00,10.53833333,10.53833333,0.008,0.024816667,0.0235,0.036433333
2022-09-15 21:00,12.48,12.48,0.008,0.027733333,0.023166667,0.03405
2022-09-15 22:00,9.665,9.665,0.008,0.023216667,0.0235,0.03335
2022-09-15 23:00,10.06666667,10.06666667,0.007783333,0.021533333,0.023666667,0.03195
2022-09-16 0:00,10.23,10.23,0.007183333,0.019433333,0.023666667,0.031183333
2022-09-16 1:00,11.01666667,11.01833333,0.00785,0.021883333,0.0235,0.030766667
2022-09-16 2:00,10.79166667,10.795,0.007733333,0.023283333,0.023333333,0.031366667
2022-09-16 3:00,9.638333333,9.638333333,0.007,0.021233333,0.022666667,0.031716667
2022-09-16 4:00,9.49,9.493333333,0.007,0.01865,0.023,0.029916667
2022-09-16 5:00,9.886666667,9.886666667,0.007,0.019,0.023333333,0.028666667
2022-09-16 6:00,11.04833333,11.05,0.007,0.021933333,0.023,0.02905
2022-09-16 7:00,11.24333333,11.24333333,0.007016667,0.0195,0.0235,0.028283333
2022-09-16 8:00,11.10333333,11.105,0.007,0.016183333,0.0225,0.02715
2022-09-16 9:00,11.11166667,11.11166667,0.007016667,0.013016667,0.018833333,0.02395
2022-09-16 10:00,13.10666667,13.10666667,0.007233333,0.01335,0.067366667,0.025916667
2022-09-16 11:00,16.54666667,16.55166667,0.0079,0.0173,0.066533333,0.034116667
2022-09-16 12:00,16.51166667,16.53333333,0.0071,0.01475,0.032033333,0.038233333
2022-09-16 13:00,15.51,15.51333333,0.007,0.013466667,0.03205,0.0355
2022-09-16 14:00,13.06833333,13.07,0.007,0.012066667,0.03755,0.033683333
2022-09-16 15:00,11.54,11.54,0.007083333,0.0158,0.034716667,0.0384
2022-09-16 16:00,13.36166667,13.36333333,0.007316667,0.018433333,0.04845,0.0395
2022-09-16 17:00,12.67833333,12.67833333,0.008,0.031266667,0.0447,0.043983333
2022-09-16 18:00,14.865,14.87,0.007783333,0.042683333,0.0474,0.04595
2022-09-16 19:00,14.985,14.98666667,0.008,0.028483333,0.08445,0.0352
2022-09-16 20:00,14.93166667,14.93166667,0.008,0.0237,0.0701,0.031333333
2022-09-16 21:00,16.40166667,16.40166667,0.007933333,0.021866667,0.062316667,0.029516667
2022-09-16 22:00,13.04333333,13.07333333,0.00785,0.022733333,0.035683333,0.033
2022-09-16 23:00,11.87833333,11.895,0.007716667,0.022833333,0.00935,0.0343
2022-09-17 0:00,11.57833333,11.585,0.008,0.021233333,0.014083333,0.029683333
2022-09-17 1:00,13.82,13.82833333,0.007633333,0.020533333,0.0231,0.028366667
2022-09-17 2:00,15.66166667,15.68333333,0.007483333,0.021333333,0.017216667,0.030733333
2022-09-17 3:00,14.03833333,14.06833333,0.007033333,0.0185,0.0077,0.029566667
2022-09-17 4:00,16.43833333,16.52333333,0.00725,0.017716667,0.006233333,0.028033333
2022-09-17 5:00,15.08,15.12,0.00755,0.016483333,0.0101,0.026066667
2022-09-17 6:00,17.47118644,17.55254237,0.007779661,0.017135593,0.011983051,0.025847458
2022-09-17 7:00,18.77666667,18.85666667,0.007983333,0.0209,0.017466667,0.025183333
2022-09-17 8:00,18.95666667,19.01666667,0.008,0.017033333,0.0474,0.022283333
2022-09-17 9:00,22.62666667,22.72666667,0.008,0.012733333,0.079883333,0.020316667
2022-09-17 10:00,25.04666667,25.14833333,0.007683333,0.00845,0.117266667,0.021216667
2022-09-17 11:00,22.91166667,22.975,0.007083333,0.008183333,0.129166667,0.02685
2022-09-17 12:00,15.715,15.71833333,0.00695,0.004266667,0.1317,0.0267
2022-09-17 13:00,17.52333333,17.54833333,0.007683333,0.010533333,0.153133333,0.03685
2022-09-17 14:00,20.14,20.2,0.008583333,0.013016667,0.14855,0.045866667
2022-09-17 15:00,18.26166667,18.32833333,0.008733333,0.012983333,0.130366667,0.043766667
2022-09-17 16:00,18.36833333,18.425,0.00895,0.01295,0.11445,0.040516667
2022-09-17 17:00,13.29166667,13.36,0.00895,0.01455,0.114516667,0.0426
2022-09-17 18:00,15.565,15.69333333,0.008583333,0.0233,0.091166667,0.049216667
2022-09-17 19:00,16.77666667,16.92833333,0.008283333,0.03515,0.063233333,0.050883333
2022-09-17 20:00,19.34333333,19.505,0.008083333,0.038966667,0.052733333,0.047816667
2022-09-17 21:00,19.01166667,19.17666667,0.008,0.032966667,0.06255,0.0377
2022-09-17 22:00,20.49,20.675,0.008,0.0309,0.085183333,0.0346
2022-09-17 23:00,21.75333333,21.88333333,0.008,0.02215,0.080283333,0.031116667
2022-09-18 0:00,21.46833333,21.54333333,0.007983333,0.015116667,0.065883333,0.0289
2022-09-18 1:00,18.055,18.12666667,0.008,0.0146,0.098283333,0.027866667
2022-09-18 2:00,15.79666667,15.88333333,0.008,0.015716667,0.099216667,0.027516667
2022-09-18 3:00,15.725,15.83166667,0.008,0.015066667,0.083233333,0.027133333
2022-09-18 4:00,17.09666667,17.245,0.0076,0.015466667,0.0576,0.030516667
2022-09-18 5:00,18.405,18.61666667,0.007616667,0.016633333,0.041066667,0.031333333
2022-09-18 6:00,19.71333333,19.98,0.007583333,0.0166,0.045066667,0.031833333
2022-09-18 7:00,20.34166667,20.61833333,0.007216667,0.017266667,0.045916667,0.034266667
2022-09-18 8:00,21.13666667,21.405,0.00735,0.017316667,0.0477,0.035233333
2022-09-18 9:00,19.79166667,19.98666667,0.008,0.014883333,0.060583333,0.029233333
2022-09-18 10:00,19.57333333,19.69333333,0.00835,0.012916667,0.113233333,0.02805
2022-09-18 11:00,17.255,17.34833333,0.007783333,0.008683333,0.134066667,0.02565
2022-09-18 12:00,11.27833333,11.28333333,0.007983333,0.004216667,0.16715,0.022216667
2022-09-18 13:00,9.795,9.798333333,0.008333333,0.0039,0.18125,0.0244
2022-09-18 14:00,10.2,10.2,0.008966667,0.008633333,0.165933333,0.03185
2022-09-18 15:00,11.26166667,11.27666667,0.009,0.011666667,0.1606,0.041183333
2022-09-18 16:00,10.89333333,10.90166667,0.009,0.010766667,0.158,0.045716667
2022-09-18 17:00,16.615,16.65,0.00905,0.014366667,0.19315,0.04955
2022-09-18 18:00,18.75166667,18.83,0.009,0.035066667,0.12125,0.0605
2022-09-18 19:00,16.495,16.55666667,0.009,0.030966667,0.083966667,0.054066667
2022-09-18 20:00,14.16,14.20666667,0.00855,0.02715,0.053766667,0.043016667
2022-09-18 21:00,11.89166667,11.93833333,0.008,0.0205,0.043733333,0.036516667
2022-09-18 22:00,11.72166667,11.79166667,0.008,0.018733333,0.03775,0.031733333
2022-09-18 23:00,8.14,8.168333333,0.008,0.0141,0.017183333,0.026666667
2022-09-19 0:00,6.241666667,6.251666667,0.008,0.015016667,0.023166667,0.026383333
2022-09-19 1:00,7.251666667,7.296666667,0.008,0.0153,0.023333333,0.0268
2022-09-19 2:00,5.485,5.491666667,0.007883333,0.0141,0.0235,0.026266667
2022-09-19 3:00,4.01,4.021666667,0.0071,0.013933333,0.0235,0.0269
2022-09-19 4:00,3.848333333,3.856666667,0.0079,0.014733333,0.023166667,0.028083333
2022-09-19 5:00,3.323333333,3.328333333,0.00785,0.015433333,0.023,0.02845
2022-09-19 6:00,4.23,4.245,0.0077,0.016433333,0.023666667,0.028916667
2022-09-19 7:00,4.362711864,4.369491525,0.007762712,0.018152542,0.023389831,0.029610169
2022-09-19 8:00,5.228333333,5.236666667,0.007916667,0.016966667,0.017483333,0.027883333
2022-09-19 9:00,6.488333333,6.498333333,0.008,0.012883333,0.037983333,0.023883333
2022-09-19 10:00,3.275,3.28,0.007716667,0.010233333,0.042966667,0.024233333
2022-09-19 11:00,2.933333333,2.933333333,0.00795,0.010966667,0.040166667,0.026916667
2022-09-19 12:00,3.73,3.733333333,0.008,0.0127,0.044083333,0.028583333
2022-09-19 13:00,8.175,8.188333333,0.00825,0.008933333,0.132033333,0.031466667
2022-09-19 14:00,9.253333333,9.285,0.0084,0.012533333,0.1065,0.044383333
2022-09-19 15:00,8.75,8.818333333,0.008016667,0.014316667,0.063883333,0.04555
2022-09-19 16:00,7.766666667,7.935,0.008,0.014316667,0.029833333,0.043666667
2022-09-19 17:00,7.24,7.478333333,0.007983333,0.014033333,0.028566667,0.043066667
2022-09-19 18:00,6.241666667,6.593333333,0.00795,0.0169,0.017433333,0.040133333
2022-09-19 19:00,5.665,6.063333333,0.0073,0.02505,0.023333333,0.041616667
2022-09-19 20:00,5.393333333,5.703333333,0.007,0.024083333,0.023333333,0.0392
2022-09-19 21:00,5.141666667,5.418333333,0.007,0.01995,0.023833333,0.036583333
2022-09-19 22:00,4.393333333,4.746666667,0.007,0.021116667,0.0235,0.03485
2022-09-19 23:00,4.183333333,4.446666667,0.007,0.024983333,0.023333333,0.0331
2022-09-20 0:00,4.521666667,4.726666667,0.007,0.0296,0.023166667,0.032183333
2022-09-20 1:00,5.018333333,5.155,0.007,0.029433333,0.023833333,0.031016667
2022-09-20 2:00,5.101666667,5.22,0.007,0.027783333,0.023333333,0.03015
2022-09-20 3:00,5.001666667,5.121666667,0.007,0.025283333,0.022833333,0.02915
2022-09-20 4:00,4.821666667,4.973333333,0.007,0.022366667,0.024166667,0.0296
2022-09-20 5:00,5.31,5.436666667,0.007,0.021966667,0.023166667,0.03005
2022-09-20 6:00,4.705,4.835,0.007,0.02275,0.023333333,0.03195
2022-09-20 7:00,4.613333333,4.785,0.006983333,0.024716667,0.023166667,0.031816667
2022-09-20 8:00,4.81,5.108333333,0.00695,0.021433333,0.023166667,0.029566667
2022-09-20 9:00,4.161666667,4.441666667,0.006483333,0.01455,0.023333333,0.027116667
2022-09-20 10:00,3.71,4.02,0.006016667,0.012016667,0.023666667,0.026483333
2022-09-20 11:00,3.581666667,3.86,0.006016667,0.011816667,0.023666667,0.028166667
2022-09-20 12:00,3.221666667,3.403333333,0.006233333,0.010766667,0.023166667,0.028633333
2022-09-20 13:00,2.901666667,3.103333333,0.00655,0.0096,0.023166667,0.028333333
2022-09-20 14:00,2.688333333,2.843333333,0.007,0.0096,0.023666667,0.0292
2022-09-20 15:00,2.616949153,2.772881356,0.007118644,0.012932203,0.023050847,0.032610169
2022-09-20 16:00,2.491666667,2.631666667,0.0072,0.015466667,0.023333333,0.03475
2022-09-20 17:00,3.63,3.788333333,0.007783333,0.022216667,0.023333333,0.038816667
2022-09-20 18:00,3.971666667,4.061666667,0.007933333,0.033916667,0.022833333,0.044516667
2022-09-20 19:00,4.995,5.065,0.008,0.042583333,0.023,0.051233333
2022-09-20 20:00,6.691666667,6.72,0.00795,0.0403,0.0235,0.041933333
2022-09-20 21:00,12.72166667,12.735,0.007116667,0.033533333,0.023166667,0.037533333
2022-09-20 22:00,6.366666667,6.37,0.007,0.032566667,0.023666667,0.038216667
2022-09-20 23:00,5.916666667,5.918333333,0.007,0.0301,0.0235,0.0367
2022-09-21 0:00,6.191666667,6.191666667,0.007,0.0305,0.022833333,0.0372
2022-09-21 1:00,6.141666667,6.141666667,0.007,0.0276,0.023666667,0.03685
2022-09-21 2:00,6.67,6.67,0.007,0.02995,0.023666667,0.034016667
2022-09-21 3:00,7.19,7.19,0.007,0.0316,0.0235,0.032116667
2022-09-21 4:00,6.068333333,6.073333333,0.007,0.028533333,0.023333333,0.0311
2022-09-21 5:00,5.111666667,5.113333333,0.00695,0.025716667,0.0235,0.030933333
2022-09-21 6:00,15.50333333,15.785,0.00675,0.027333333,0.023166667,0.030216667
2022-09-21 7:00,5.983333333,5.99,0.00605,0.02785,0.023333333,0.032983333
2022-09-21 8:00,5.895,5.896666667,0.006616667,0.023616667,0.023333333,0.030516667
2022-09-21 9:00,5.638333333,5.646666667,0.0068,0.016083333,0.023166667,0.026983333
2022-09-21 10:00,5.146666667,5.153333333,0.006483333,0.013516667,0.023333333,0.02585
2022-09-21 11:00,5.044067797,5.054237288,0.006254237,0.010864407,0.022711864,0.025457627
2022-09-21 12:00,4.374576271,4.376271186,0.006,0.008983051,0.023220339,0.028508475
2022-09-21 13:00,4.471666667,4.471666667,0.006083333,0.0093,0.023833333,0.032816667
2022-09-21 14:00,3.715,3.715,0.006333333,0.008766667,0.0235,0.034166667
2022-09-21 15:00,3.095,3.095,0.0069,0.009433333,0.0235,0.035116667
2022-09-21 16:00,3.191666667,3.191666667,0.007266667,0.0107,0.022433333,0.037116667
2022-09-21 17:00,7.166666667,7.168333333,0.008,0.03665,0.02225,0.068266667
2022-09-21 18:00,5.403333333,5.403333333,0.0078,0.03855,0.022333333,0.064883333
2022-09-21 19:00,5.94,5.94,0.00735,0.044183333,0.0235,0.06155
2022-09-21 20:00,7.031666667,7.031666667,0.007,0.041116667,0.023,0.061466667
2022-09-21 21:00,7.538333333,7.538333333,0.007,0.036883333,0.023333333,0.058183333
2022-09-21 22:00,8.841666667,8.845,0.007,0.033933333,0.023333333,0.0508
2022-09-21 23:00,9.333898305,9.337288136,0.007,0.032864407,0.023728814,0.042813559
2022-09-22 0:00,9.075,9.075,0.007,0.030966667,0.023333333,0.042833333
2022-09-22 1:00,11.00833333,11.00833333,0.007,0.035616667,0.023333333,0.0389
2022-09-22 2:00,15.46833333,15.47,0.007,0.031716667,0.023333333,0.035883333
2022-09-22 3:00,16.44166667,16.44166667,0.007,0.026566667,0.023166667,0.032966667
2022-09-22 4:00,8.201666667,8.201666667,0.006416667,0.019066667,0.0235,0.029233333
2022-09-22 5:00,3.93,3.93,0.006,0.015566667,0.023666667,0.028266667
2022-09-22 6:00,3.155,3.155,0.006,0.019066667,0.0235,0.028066667
2022-09-22 7:00,2.845,2.845,0.006,0.023183333,0.023166667,0.028566667
2022-09-22 8:00,3.056666667,3.068333333,0.006166667,0.02135,0.0235,0.02855
2022-09-22 9:00,2.821666667,2.821666667,0.006466667,0.0175,0.0235,0.027083333
2022-09-22 10:00,3.04,3.04,0.00615,0.01445,0.023833333,0.027283333
2022-09-22 11:00,3.755,3.755,0.00615,0.013566667,0.0235,0.029016667
2022-09-22 12:00,5.176666667,5.176666667,0.006083333,0.013166667,0.023,0.036083333
2022-09-22 13:00,4.85,4.85,0.00605,0.0094,0.0235,0.033733333
2022-09-22 14:00,4.633333333,4.633333333,0.006083333,0.01395,0.023666667,0.043766667
2022-09-22 15:00,4.001666667,4.001666667,0.0066,0.0134,0.023,0.039366667
2022-09-22 16:00,4.766666667,4.766666667,0.007133333,0.01625,0.023166667,0.044683333
2022-09-22 17:00,5.661666667,5.661666667,0.007283333,0.021933333,0.0235,0.049733333
2022-09-22 18:00,7.3,7.3,0.007733333,0.0349,0.023,0.051833333
2022-09-22 19:00,11.52,11.52166667,0.007333333,0.040783333,0.023666667,0.054783333
2022-09-22 20:00,35.00338983,35.01016949,0.007457627,0.040559322,0.023389831,0.050118644
2022-09-22 21:00,48.30833333,48.31166667,0.00745,0.038583333,0.023333333,0.042416667
2022-09-22 22:00,37.50166667,37.535,0.007366667,0.038316667,0.023333333,0.03545
2022-09-22 23:00,11.32333333,11.32333333,0.007,0.034733333,0.023166667,0.030583333
2022-09-23 0:00,8.451666667,8.451666667,0.007,0.024666667,0.024,0.030116667
2022-09-23 1:00,8.251666667,8.251666667,0.007,0.025216667,0.0235,0.02865
2022-09-23 2:00,9.068333333,9.068333333,0.007,0.02975,0.023333333,0.02895
2022-09-23 3:00,10.51833333,10.51833333,0.007,0.028866667,0.024,0.029033333
2022-09-23 4:00,11.46333333,11.46333333,0.007,0.030233333,0.023666667,0.028716667
2022-09-23 5:00,12.81666667,12.81666667,0.007,0.029783333,0.023333333,0.0282
2022-09-23 6:00,17.22833333,17.23333333,0.007,0.027933333,0.023,0.0281
2022-09-23 7:00,20.04333333,20.07666667,0.007,0.03005,0.023166667,0.027483333
2022-09-23 8:00,22.28,22.35666667,0.006966667,0.02765,0.023666667,0.025516667
2022-09-23 9:00,18.30833333,18.30833333,0.00645,0.0187,0.023333333,0.0264
2022-09-23 10:00,18.16833333,18.16833333,0.00625,0.025233333,0.018683333,0.032883333
2022-09-23 11:00,8.273333333,8.273333333,0.005966667,0.021866667,0.021483333,0.042716667
2022-09-23 12:00,5.223728814,5.227118644,0.006,0.027949153,0.022915254,0.052711864
2022-09-23 13:00,8.276666667,8.395,0.006,0.021883333,0.023333333,0.05295
2022-09-23 14:00,5.405,5.701666667,0.006,0.0111,0.023333333,0.033783333
2022-09-23 15:00,3.025,3.476666667,0.005966667,0.01125,0.023,0.034283333
2022-09-23 16:00,2.653333333,3.148333333,0.006,0.013366667,0.024333333,0.039466667
2022-09-23 17:00,2.110344828,2.555172414,0.006,0.013672414,0.023965517,0.039362069
2022-09-23 18:00,2.085,2.368333333,0.006,0.019066667,0.0235,0.0431
2022-09-23 19:00,2.393333333,2.608333333,0.006083333,0.028983333,0.023666667,0.044733333
2022-09-23 20:00,2.733333333,3.008333333,0.0064,0.029716667,0.023666667,0.041933333
2022-09-23 21:00,2.620338983,3.008474576,0.006694915,0.028847458,0.023050847,0.037389831
2022-09-23 22:00,2.143333333,2.483333333,0.006566667,0.029233333,0.023166667,0.036466667
2022-09-23 23:00,2.416666667,2.615,0.006866667,0.029233333,0.024,0.034183333
2022-09-24 0:00,2.346666667,2.415,0.006833333,0.027783333,0.0235,0.0332
2022-09-24 1:00,2.153333333,2.173333333,0.0067,0.026216667,0.023333333,0.031533333
2022-09-24 2:00,1.945,1.948333333,0.006433333,0.023983333,0.023333333,0.030383333
2022-09-24 3:00,2.156666667,2.158333333,0.00695,0.0254,0.022833333,0.029516667
2022-09-24 4:00,2.28,2.28,0.006916667,0.0262,0.0235,0.028783333
2022-09-24 5:00,2.718333333,2.718333333,0.007,0.027566667,0.023666667,0.02845
2022-09-24 6:00,3.381666667,3.381666667,0.006966667,0.03245,0.022833333,0.02925
2022-09-24 7:00,6.098333333,6.098333333,0.007,0.037066667,0.023333333,0.030033333
2022-09-24 8:00,6.643333333,6.643333333,0.006983333,0.031483333,0.023,0.02795
2022-09-24 9:00,5.626666667,5.626666667,0.006266667,0.016066667,0.023333333,0.025016667
2022-09-24 10:00,4.265,4.265,0.006,0.01275,0.023833333,0.02495
2022-09-24 11:00,5.578333333,5.578333333,0.006133333,0.0129,0.0235,0.027
2022-09-24 12:00,6.473333333,6.473333333,0.006116667,0.017383333,0.023666667,0.037116667
2022-09-24 13:00,6.883333333,6.883333333,0.006016667,0.017683333,0.023166667,0.0396
2022-09-24 14:00,5.02,5.02,0.006,0.017766667,0.0235,0.04795
2022-09-24 15:00,5.256666667,5.256666667,0.006433333,0.017816667,0.023666667,0.049
2022-09-24 16:00,2.983333333,2.99,0.006683333,0.0212,0.023,0.0508
2022-09-24 17:00,2.591666667,2.605,0.006983333,0.02765,0.023166667,0.0577
2022-09-24 18:00,2.606666667,2.673333333,0.006966667,0.033466667,0.023,0.0601
2022-09-24 19:00,3.315,3.35,0.006516667,0.036266667,0.023166667,0.060916667
2022-09-24 20:00,4.348333333,4.396666667,0.006683333,0.03405,0.023666667,0.05615
2022-09-24 21:00,4.851666667,4.913333333,0.006366667,0.030066667,0.0235,0.0505
2022-09-24 22:00,4.738333333,4.751666667,0.006083333,0.02595,0.023166667,0.044316667
2022-09-24 23:00,5.541666667,5.551666667,0.006,0.023583333,0.023333333,0.0423
2022-09-25 0:00,4.635,4.64,0.006,0.020683333,0.023166667,0.039283333
2022-09-25 1:00,3.873333333,3.888333333,0.00605,0.020616667,0.023666667,0.03795
2022-09-25 2:00,4.675,4.675,0.006783333,0.024333333,0.023666667,0.03625
2022-09-25 3:00,4.603333333,4.603333333,0.006033333,0.0201,0.023333333,0.0329
2022-09-25 4:00,4.603333333,4.606666667,0.006033333,0.02135,0.023333333,0.032833333
2022-09-25 5:00,4.941666667,4.941666667,0.006233333,0.0215,0.023166667,0.032083333
2022-09-25 6:00,5.12,5.121666667,0.00635,0.0202,0.023333333,0.03085
2022-09-25 7:00,5.466666667,5.471666667,0.00615,0.019866667,0.0236,0.030983333
2022-09-25 8:00,6.551666667,6.551666667,0.00645,0.021583333,0.023166667,0.031633333
2022-09-25 9:00,6.776666667,6.78,0.006616667,0.017416667,0.023333333,0.030183333
2022-09-25 10:00,6.145,6.145,0.006633333,0.015433333,0.023166667,0.030066667
2022-09-25 11:00,4.535,4.536666667,0.006116667,0.01085,0.0235,0.027433333
2022-09-25 12:00,4.611666667,4.611666667,0.006166667,0.011683333,0.023166667,0.0316
2022-09-25 13:00,4.366666667,4.366666667,0.006033333,0.01415,0.022333333,0.040916667
2022-09-25 14:00,4.305,4.305,0.006,0.016483333,0.023,0.046533333
2022-09-25 15:00,4.861666667,4.861666667,0.00605,0.021166667,0.0235,0.050566667
2022-09-25 16:00,5.961016949,5.961016949,0.006254237,0.028152542,0.023389831,0.062966102
2022-09-25 17:00,4.693333333,4.693333333,0.0062,0.026533333,0.023166667,0.058833333
2022-09-25 18:00,4.948333333,4.948333333,0.006233333,0.0289,0.0241,0.060416667
2022-09-25 19:00,5.833333333,5.833333333,0.006033333,0.031283333,0.022,0.06535
2022-09-25 20:00,6.768333333,6.768333333,0.006,0.030966667,0.0235,0.059933333
2022-09-25 21:00,9.453333333,9.453333333,0.0065,0.030516667,0.023383333,0.051666667
2022-09-25 22:00,12.07,12.07166667,0.007,0.0324,0.016533333,0.045183333
2022-09-25 23:00,10.525,10.525,0.007,0.031283333,0.02185,0.04075
2022-09-26 0:00,11.62833333,11.62833333,0.007,0.0336,0.023666667,0.03515
2022-09-26 1:00,14.33666667,14.33666667,0.007,0.0346,0.022733333,0.036583333
2022-09-26 2:00,13.21333333,13.21333333,0.007,0.02785,0.022266667,0.028116667
2022-09-26 3:00,13.25666667,13.25666667,0.007,0.027166667,0.023,0.030316667
2022-09-26 4:00,13.14833333,13.14833333,0.0068,0.022166667,0.023,0.033333333
2022-09-26 5:00,14.71166667,14.71166667,0.007,0.0236,0.0235,0.032166667
2022-09-26 6:00,15.90666667,15.90666667,0.007,0.0236,0.023833333,0.028783333
2022-09-26 7:00,14.68166667,14.68166667,0.006416667,0.027033333,0.023166667,0.0337
2022-09-26 8:00,16.75,16.75,0.006916667,0.029783333,0.023666667,0.031516667
2022-09-26 9:00,18.28333333,18.28333333,0.006666667,0.023666667,0.0235,0.0346
2022-09-26 10:00,17.555,17.555,0.006016667,0.019683333,0.023133333,0.0381
2022-09-26 11:00,16.57333333,16.57333333,0.006016667,0.013833333,0.022416667,0.031916667
2022-09-26 12:00,11.86833333,11.86833333,0.006016667,0.01195,0.01205,0.029766667
2022-09-26 13:00,9.43,9.43,0.00605,0.011283333,0.018,0.0322
2022-09-26 14:00,9.461016949,9.461016949,0.00620339,0.010881356,0.040016949,0.039830508
2022-09-26 15:00,13.57666667,13.57666667,0.006716667,0.020016667,0.047466667,0.0564
2022-09-26 16:00,23.315,23.315,0.006583333,0.03295,0.0151,0.068583333
2022-09-26 17:00,20.49322034,20.49322034,0.006542373,0.042220339,0.036847458,0.078033898
2022-09-26 18:00,20.10166667,20.10166667,0.006283333,0.038083333,0.015683333,0.0787
2022-09-26 19:00,18.275,18.275,0.0061,0.0427,0.019983333,0.0778
2022-09-26 20:00,25.02666667,25.02666667,0.00685,0.0414,0.012683333,0.06125
2022-09-26 21:00,25.265,25.265,0.007,0.041133333,0.009766667,0.050733333
2022-09-26 22:00,28.25166667,28.25166667,0.007,0.039783333,0.013716667,0.044516667
2022-09-26 23:00,21.565,21.565,0.007,0.031966667,0.01625,0.036116667
2022-09-27 0:00,17.25423729,17.25423729,0.006779661,0.022372881,0.023220339,0.032728814
2022-09-27 1:00,21.595,21.595,0.0068,0.02675,0.023,0.036933333
2022-09-27 2:00,21.14,21.14,0.007,0.026433333,0.023166667,0.031583333
2022-09-27 3:00,19.065,19.065,0.007,0.027366667,0.023333333,0.028116667
2022-09-27 4:00,18.58333333,18.58333333,0.006916667,0.024066667,0.023666667,0.028716667
2022-09-27 5:00,16.57666667,16.57666667,0.006433333,0.023833333,0.0235,0.0295
2022-09-27 6:00,17.11833333,17.11833333,0.006183333,0.025716667,0.023166667,0.03165
2022-09-27 7:00,18.29166667,18.29166667,0.006,0.0355,0.0235,0.037716667
2022-09-27 8:00,17.86,17.86,0.00625,0.0321,0.022833333,0.03415
2022-09-27 9:00,22.75,22.75,0.006,0.015783333,0.022333333,0.029416667
2022-09-27 10:00,28.70833333,28.70833333,0.006,0.013533333,0.008916667,0.032016667
2022-09-27 11:00,26.905,26.905,0.006,0.011233333,0.022233333,0.034016667
2022-09-27 12:00,21.3,21.31,0.005516667,0.007416667,0.035666667,0.040066667
2022-09-27 13:00,21.66166667,21.67,0.005766667,0.00925,0.04015,0.056733333
2022-09-27 14:00,30.55666667,30.55666667,0.006916667,0.016133333,0.063366667,0.072433333
2022-09-27 15:00,39.25,39.25,0.006766667,0.03055,0.049066667,0.090816667
2022-09-27 16:00,32.23166667,32.23333333,0.007,0.033783333,0.054916667,0.08525
2022-09-27 17:00,36.43166667,36.43333333,0.006416667,0.03425,0.044166667,0.097716667
2022-09-27 18:00,40.48166667,40.48166667,0.006,0.03805,0.015816667,0.10115
2022-09-27 19:00,47.06666667,47.06666667,0.006,0.0474,0.0198,0.099466667
2022-09-27 20:00,67.48833333,67.50666667,0.005983333,0.044683333,0.013166667,0.095433333
2022-09-27 21:00,79.85166667,79.945,0.005966667,0.040033333,0.016033333,0.084233333
2022-09-27 22:00,79.87166667,79.94,0.005983333,0.035533333,0.01165,0.0736
2022-09-27 23:00,73.37,73.39833333,0.00615,0.035233333,0.015216667,0.062133333
2022-09-28 0:00,92.14833333,92.33,0.006033333,0.034083333,0.01655,0.058933333
2022-09-28 1:00,105.2355932,106.140678,0.006016949,0.032050847,0.023050847,0.053542373
2022-09-28 2:00,103.7316667,105.1616667,0.0066,0.028966667,0.023183333,0.044833333
2022-09-28 3:00,94.865,95.96,0.0063,0.024683333,0.023333333,0.04555
2022-09-28 4:00,91.73,92.54333333,0.006316667,0.023416667,0.0235,0.0432
2022-09-28 5:00,84.80833333,85.675,0.0068,0.024233333,0.023166667,0.039266667
2022-09-28 6:00,78.95,79.72,0.006166667,0.024133333,0.023166667,0.0426
2022-09-28 7:00,76.41833333,78.335,0.0061,0.026016667,0.023333333,0.0438
2022-09-28 8:00,77.86,79.27833333,0.006016667,0.0254,0.023,0.046416667
2022-09-28 9:00,78.89,79.81,0.0061,0.023366667,0.015416667,0.042316667
2022-09-28 10:00,64.63333333,64.93333333,0.006383333,0.016383333,0.013316667,0.032733333
2022-09-28 11:00,60.29833333,60.365,0.006,0.014216667,0.035766667,0.038733333
2022-09-28 12:00,47.46666667,47.47166667,0.00515,0.010933333,0.064433333,0.049983333
2022-09-28 13:00,52.46166667,52.46666667,0.005366667,0.012083333,0.07315,0.052866667
2022-09-28 14:00,48.745,48.75666667,0.006,0.015933333,0.081483333,0.053583333
2022-09-28 15:00,61.67333333,61.69,0.006216667,0.024166667,0.099066667,0.068083333
2022-09-28 16:00,45.34,45.34,0.006333333,0.016783333,0.06895,0.066883333
2022-09-28 17:00,69.76666667,69.785,0.006533333,0.038,0.04615,0.08375
2022-09-28 18:00,56.43,56.43166667,0.0062,0.038233333,0.017333333,0.080283333
2022-09-28 19:00,56.505,56.51,0.005883333,0.0418,0.011083333,0.080016667
2022-09-28 20:00,49.13,49.13,0.00595,0.036716667,0.02245,0.07775
2022-09-28 21:00,55.86,55.86,0.006,0.034383333,0.01885,0.0743
2022-09-28 22:00,64.14833333,64.17666667,0.006,0.03245,0.023166667,0.068783333
2022-09-28 23:00,60.00666667,60.025,0.006116667,0.027916667,0.021016667,0.057866667
2022-09-29 0:00,61.28,61.29333333,0.006066667,0.027916667,0.022516667,0.047616667
2022-09-29 1:00,57.9,57.915,0.006283333,0.026116667,0.023066667,0.043283333
2022-09-29 2:00,67.59666667,67.65833333,0.00695,0.0294,0.023666667,0.038083333
2022-09-29 3:00,63.885,63.93833333,0.007,0.02875,0.023333333,0.029283333
2022-09-29 4:00,59.045,59.15333333,0.007,0.029366667,0.023333333,0.0269
2022-09-29 5:00,65.275,65.435,0.006983333,0.030033333,0.022833333,0.03225
2022-09-29 6:00,69.97666667,70.445,0.006983333,0.029183333,0.023166667,0.032566667
2022-09-29 7:00,66.62833333,66.96833333,0.00685,0.027866667,0.023383333,0.0322
2022-09-29 8:00,69.69,70.05333333,0.006966667,0.027616667,0.024,0.033766667
2022-09-29 9:00,63.61,64.01833333,0.006933333,0.02475,0.023333333,0.031516667
2022-09-29 10:00,57.98,58.25166667,0.006516667,0.019866667,0.010066667,0.02975
2022-09-29 11:00,56.55,56.76666667,0.006,0.01345,0.0211,0.028333333
2022-09-29 12:00,46.63333333,46.725,0.005283333,0.014383333,0.01415,0.04455
2022-09-29 13:00,42.19166667,42.26,0.005,0.013366667,0.016,0.056716667
2022-09-29 14:00,42.31166667,42.36666667,0.005083333,0.013116667,0.01735,0.0605
2022-09-29 15:00,33.39,33.39,0.0056,0.011583333,0.02215,0.05745
2022-09-29 16:00,31.16,31.16,0.00595,0.0149,0.021866667,0.062683333
2022-09-29 17:00,32.85,32.85166667,0.006,0.020183333,0.011816667,0.067733333
2022-09-29 18:00,33.455,33.48666667,0.006,0.030816667,0.023166667,0.067266667
2022-09-29 19:00,33.35666667,33.43666667,0.006,0.040333333,0.023333333,0.06945
2022-09-29 20:00,44.65333333,45.04166667,0.006,0.043716667,0.023666667,0.072383333
2022-09-29 21:00,47.45333333,47.78833333,0.006,0.037516667,0.023,0.0648
2022-09-29 22:00,48.53666667,48.91666667,0.006083333,0.033633333,0.0235,0.051166667
2022-09-29 23:00,55.03333333,55.415,0.006333333,0.037916667,0.023666667,0.050183333
2022-09-30 0:00,57.795,58.36166667,0.007,0.033333333,0.022833333,0.037833333
2022-09-30 1:00,49.09666667,49.48333333,0.007,0.031683333,0.023833333,0.032833333
2022-09-30 2:00,52.625,52.97,0.007,0.033533333,0.023,0.033133333
2022-09-30 3:00,53.92,54.41666667,0.007,0.032616667,0.023,0.031433333
2022-09-30 4:00,50.55423729,50.90677966,0.007,0.031762712,0.023898305,0.030322034
2022-09-30 5:00,48.28166667,48.64166667,0.007,0.028266667,0.023666667,0.027216667
2022-09-30 6:00,50.89666667,51.29666667,0.007,0.0285,0.023666667,0.027083333
2022-09-30 7:00,53.70166667,54.215,0.007,0.03375,0.023,0.0282
2022-09-30 8:00,51.18166667,51.52333333,0.007,0.0301,0.018216667,0.028216667
2022-09-30 9:00,56.03666667,56.38166667,0.006883333,0.018366667,0.036316667,0.028433333
2022-09-30 10:00,57.155,57.635,0.006383333,0.013033333,0.080066667,0.028316667
2022-09-30 11:00,60.02833333,60.54166667,0.006166667,0.010833333,0.0961,0.032916667
2022-09-30 12:00,46.05833333,46.37,0.006016667,0.009633333,0.06455,0.044333333
2022-09-30 13:00,33.21,33.295,0.006133333,0.008633333,0.069483333,0.042566667
2022-09-30 14:00,50.58833333,50.86,0.006483333,0.01795,0.09895,0.0617
2022-09-30 15:00,68.33,69.05166667,0.006966667,0.023633333,0.113083333,0.076016667
2022-09-30 16:00,56.02333333,56.43666667,0.006883333,0.018133333,0.088533333,0.07255
2022-09-30 17:00,53.87833333,54.3,0.006983333,0.030883333,0.0872,0.077033333
2022-09-30 18:00,52.855,53.18333333,0.00695,0.041916667,0.05115,0.078883333
2022-09-30 19:00,54.92333333,55.43166667,0.0062,0.0416,0.0178,0.076433333
2022-09-30 20:00,57.31,57.75333333,0.006,0.036683333,0.016233333,0.07565
2022-09-30 21:00,54.97666667,55.42833333,0.006,0.032383333,0.023666667,0.0649
2022-09-30 22:00,50.38833333,50.755,0.006033333,0.030616667,0.023666667,0.055483333
2022-09-30 23:00,69.155,69.905,0.0064,0.03755,0.0137,0.055816667
