Date,PM2.5,PM10,SO2,NO2,O3,CO
2021-08-10 13:00,,,,,,
2021-08-10 14:00,,,,,,
2021-08-10 15:00,,,,,,
2021-08-10 16:00,,,,,,
2021-08-10 17:00,14,25,,,,
2021-08-10 18:00,16,25,0.003,0.007,0.037,
2021-08-10 19:00,14,20,0.003,0.008,0.029,
2021-08-10 20:00,14,21,0.003,0.006,0.028,
2021-08-10 21:00,15,21,0.002,0.007,0.025,
2021-08-10 22:00,14,25,0.003,0.006,0.025,
2021-08-10 23:00,12,27,0.003,0.005,0.023,
2021-08-11 0:00,15,23,0.003,0.005,0.017,
2021-08-11 1:00,21,27,0.002,0.006,0.017,
2021-08-11 2:00,12,28,0.003,0.006,0.016,
2021-08-11 3:00,12,21,0.003,0.005,0.017,
2021-08-11 4:00,15,23,0.002,0.007,0.016,
2021-08-11 5:00,16,25,0.002,0.007,0.014,
2021-08-11 6:00,15,29,0.003,0.008,0.011,
2021-08-11 7:00,17,31,0.003,0.009,0.008,
2021-08-11 8:00,20,37,0.002,0.011,0.008,
2021-08-11 9:00,20,31,0.003,0.01,0.014,
2021-08-11 10:00,20,32,0.003,0.005,0.028,
2021-08-11 11:00,18,31,0.003,0.005,0.035,
2021-08-11 12:00,20,35,0.003,0.005,0.04,
2021-08-11 13:00,23,28,0.003,0.005,0.048,
2021-08-11 14:00,20,34,0.003,0.004,0.05,
2021-08-11 15:00,18,25,0.003,0.004,0.05,
2021-08-11 16:00,18,26,0.003,0.004,0.051,
2021-08-11 17:00,19,30,0.003,0.004,0.053,
2021-08-11 18:00,20,32,0.003,0.005,0.055,
2021-08-11 19:00,20,32,0.003,0.007,0.043,
2021-08-11 20:00,21,34,0.003,0.013,0.03,
2021-08-11 21:00,22,36,0.003,0.014,0.028,
2021-08-11 22:00,27,42,0.003,0.014,0.025,
2021-08-11 23:00,28,38,0.003,0.011,0.024,
2021-08-12 0:00,26,38,0.003,0.01,0.021,
2021-08-12 1:00,22,32,0.003,0.01,0.019,
2021-08-12 2:00,18,31,0.003,0.007,0.02,
2021-08-12 3:00,22,33,0.003,0.008,0.016,
2021-08-12 4:00,21,29,0.003,0.007,0.017,
2021-08-12 5:00,20,29,0.003,0.01,0.013,
2021-08-12 6:00,28,41,0.003,0.011,0.005,
2021-08-12 7:00,26,42,0.003,0.012,0.005,
2021-08-12 8:00,22,46,0.003,0.012,0.008,
2021-08-12 9:00,26,37,0.003,0.013,0.014,
2021-08-12 10:00,21,28,0.003,0.011,0.023,
2021-08-12 11:00,20,31,0.003,0.01,0.034,
2021-08-12 12:00,20,29,0.003,0.008,0.046,
2021-08-12 13:00,24,34,0.003,0.007,0.059,
2021-08-12 14:00,22,35,0.003,0.007,0.063,
2021-08-12 15:00,25,34,0.003,0.006,0.056,
2021-08-12 16:00,29,43,0.003,0.009,0.05,
2021-08-12 17:00,27,38,0.003,0.007,0.059,
2021-08-12 18:00,25,39,0.003,0.007,0.054,
2021-08-12 19:00,26,41,0.002,0.009,0.042,
2021-08-12 20:00,29,40,0.003,0.009,0.035,
2021-08-12 21:00,24,41,0.003,0.014,0.028,
2021-08-12 22:00,25,35,0.003,0.01,0.034,
2021-08-12 23:00,21,29,0.003,0.005,0.044,
2021-08-13 0:00,24,33,0.002,0.006,0.035,
2021-08-13 1:00,20,31,0.002,0.005,0.03,
2021-08-13 2:00,24,35,0.002,0.005,0.027,
2021-08-13 3:00,20,28,0.002,0.006,0.026,
2021-08-13 4:00,21,31,0.002,0.005,0.027,
2021-08-13 5:00,23,30,0.003,0.007,0.025,
2021-08-13 6:00,21,30,0.002,0.01,0.021,
2021-08-13 7:00,21,29,0.002,0.014,0.017,
2021-08-13 8:00,23,29,0.003,0.014,0.017,
2021-08-13 9:00,24,44,0.003,0.014,0.015,
2021-08-13 10:00,22,34,0.003,0.013,0.021,
2021-08-13 11:00,21,22,0.002,0.008,0.03,
2021-08-13 12:00,24,26,0.002,0.009,0.028,
2021-08-13 13:00,24,35,0.002,0.01,0.029,
2021-08-13 14:00,23,32,0.003,0.009,0.032,
2021-08-13 15:00,24,32,0.003,0.009,0.037,
2021-08-13 16:00,25,32,0.003,0.008,0.04,
2021-08-13 17:00,25,28,0.002,0.007,0.043,
2021-08-13 18:00,22,31,0.003,0.007,0.041,
2021-08-13 19:00,21,33,0.003,0.007,0.03,
2021-08-13 20:00,21,31,0.003,0.015,0.021,
2021-08-13 21:00,24,35,0.003,0.014,0.019,
2021-08-13 22:00,23,34,0.003,0.016,0.016,
2021-08-13 23:00,23,29,0.003,0.011,0.022,
2021-08-14 0:00,20,27,0.003,0.011,0.023,
2021-08-14 1:00,24,27,0.003,0.01,0.023,
2021-08-14 2:00,20,27,0.003,0.009,0.025,
2021-08-14 3:00,19,32,0.003,0.009,0.02,
2021-08-14 4:00,20,27,0.003,0.008,0.016,
2021-08-14 5:00,20,26,0.003,0.008,0.019,
2021-08-14 6:00,22,31,0.003,0.009,0.013,
2021-08-14 7:00,24,31,0.003,0.01,0.011,
2021-08-14 8:00,24,36,0.003,0.01,0.012,
2021-08-14 9:00,25,29,0.003,0.008,0.018,
2021-08-14 10:00,23,35,0.003,0.008,0.019,
2021-08-14 11:00,19,27,0.003,0.007,0.025,
2021-08-14 12:00,15,19,0.003,0.007,0.029,
2021-08-14 13:00,15,21,0.003,0.006,0.031,
2021-08-14 14:00,17,20,0.003,0.005,0.033,
2021-08-14 15:00,14,22,0.003,0.004,0.034,
2021-08-14 16:00,16,19,0.003,0.004,0.04,
2021-08-14 17:00,,17,0.003,0.004,0.041,
2021-08-14 18:00,17,24,0.003,0.004,0.035,
2021-08-14 19:00,12,18,0.003,0.004,0.026,
2021-08-14 20:00,12,25,0.003,0.006,0.017,
2021-08-14 21:00,17,24,0.003,0.006,0.016,
2021-08-14 22:00,20,24,0.003,0.007,0.014,
2021-08-14 23:00,18,25,0.003,0.006,0.015,
2021-08-15 0:00,17,29,0.003,0.006,0.016,
2021-08-15 1:00,9,25,0.003,0.006,0.013,
2021-08-15 2:00,20,25,0.003,0.006,0.014,
2021-08-15 3:00,18,23,0.002,0.006,0.014,
2021-08-15 4:00,19,25,0.002,0.005,0.012,
2021-08-15 5:00,17,27,0.002,0.005,0.01,
2021-08-15 6:00,22,27,0.002,0.006,0.009,
2021-08-15 7:00,19,34,0.003,0.005,0.009,
2021-08-15 8:00,23,34,0.003,0.006,0.01,
2021-08-15 9:00,21,29,0.003,0.005,0.018,
2021-08-15 10:00,19,23,0.003,0.005,0.025,
2021-08-15 11:00,12,16,0.003,0.005,0.03,
2021-08-15 12:00,15,19,0.003,0.005,0.033,
2021-08-15 13:00,15,25,0.003,0.005,0.04,
2021-08-15 14:00,16,23,0.003,0.004,0.046,
2021-08-15 15:00,12,17,0.003,0.003,0.046,
2021-08-15 16:00,16,18,0.003,0.003,0.046,
2021-08-15 17:00,16,16,0.003,0.003,0.047,
2021-08-15 18:00,16,25,0.003,0.006,0.034,
2021-08-15 19:00,14,23,0.002,0.004,0.034,
2021-08-15 20:00,17,18,0.002,0.004,0.031,
2021-08-15 21:00,18,21,0.002,0.004,0.027,
2021-08-15 22:00,13,15,0.002,0.003,0.026,
2021-08-15 23:00,,12,0.002,0.003,0.025,
2021-08-16 0:00,14,14,0.002,0.003,0.023,
2021-08-16 1:00,,15,0.002,0.004,0.02,
2021-08-16 2:00,16,25,0.002,0.006,0.016,
2021-08-16 3:00,17,19,0.002,0.006,0.017,
2021-08-16 4:00,15,20,0.002,0.006,0.016,
2021-08-16 5:00,15,23,0.002,0.007,0.015,
2021-08-16 6:00,,18,0.002,0.008,0.014,
2021-08-16 7:00,17,21,0.003,0.01,0.013,
2021-08-16 8:00,10,18,0.003,0.01,0.013,
2021-08-16 9:00,16,25,0.003,0.009,0.016,
2021-08-16 10:00,19,27,0.003,0.007,0.023,
2021-08-16 11:00,20,23,0.002,0.006,0.031,
2021-08-16 12:00,22,24,0.002,0.006,0.038,
2021-08-16 13:00,19,22,0.002,0.005,0.043,
2021-08-16 14:00,19,23,0.002,0.004,0.041,
2021-08-16 15:00,17,20,0.002,0.004,0.037,
2021-08-16 16:00,21,22,0.003,0.004,0.036,
2021-08-16 17:00,19,27,0.003,0.004,0.036,
2021-08-16 18:00,23,28,0.003,0.005,0.032,
2021-08-16 19:00,22,27,0.003,0.01,0.023,
2021-08-16 20:00,21,33,0.003,0.01,0.02,
2021-08-16 21:00,19,25,0.003,0.005,0.025,
2021-08-16 22:00,23,27,0.003,0.006,0.025,
2021-08-16 23:00,22,28,0.003,0.005,0.025,
2021-08-17 0:00,27,31,0.003,0.005,0.027,
2021-08-17 1:00,25,32,0.003,0.007,0.024,
2021-08-17 2:00,27,31,0.003,0.009,0.022,
2021-08-17 3:00,22,31,0.003,0.008,0.021,
2021-08-17 4:00,20,27,0.003,0.01,0.019,
2021-08-17 5:00,21,29,0.003,0.009,0.016,
2021-08-17 6:00,23,28,0.003,0.009,0.013,
2021-08-17 7:00,25,37,0.003,0.012,0.009,
2021-08-17 8:00,23,41,0.003,0.013,0.01,
2021-08-17 9:00,23,32,0.003,0.011,0.015,
2021-08-17 10:00,22,33,0.003,0.008,0.02,
2021-08-17 11:00,21,23,0.003,0.006,0.024,
2021-08-17 12:00,18,28,0.003,0.005,0.03,
2021-08-17 13:00,16,23,0.003,0.005,0.032,
2021-08-17 14:00,,,0.003,0.005,0.035,
2021-08-17 15:00,,,,,,
2021-08-17 16:00,,,,,,
2021-08-17 17:00,,,,,,
2021-08-17 18:00,11,14,,,,
2021-08-17 19:00,,10,0.002,0.005,,
2021-08-17 20:00,11,12,0.002,0.006,0.033,
2021-08-17 21:00,13,16,0.002,0.006,0.033,
2021-08-17 22:00,13,19,0.003,0.006,0.032,
2021-08-17 23:00,12,18,0.003,0.007,0.029,
2021-08-18 0:00,13,18,0.003,0.008,0.027,
2021-08-18 1:00,14,22,0.002,0.008,0.021,
2021-08-18 2:00,16,18,0.002,0.007,0.019,
2021-08-18 3:00,17,20,0.002,0.004,0.032,
2021-08-18 4:00,15,26,0.002,0.004,0.03,
2021-08-18 5:00,19,19,0.002,0.005,0.024,
2021-08-18 6:00,20,27,0.002,0.006,0.021,
2021-08-18 7:00,20,26,0.002,0.008,0.017,
2021-08-18 8:00,18,24,0.002,0.01,0.017,
2021-08-18 9:00,18,22,0.002,0.008,0.023,
2021-08-18 10:00,19,28,0.002,0.007,0.023,
2021-08-18 11:00,18,24,0.002,0.006,0.027,
2021-08-18 12:00,18,23,0.002,0.006,0.028,
2021-08-18 13:00,14,17,0.002,0.006,0.033,
2021-08-18 14:00,15,15,0.002,0.005,0.051,
2021-08-18 15:00,10,16,0.002,0.005,0.057,
2021-08-18 16:00,11,19,0.002,0.005,0.055,
2021-08-18 17:00,14,16,0.002,0.005,0.049,
2021-08-18 18:00,12,12,0.002,0.007,0.041,
2021-08-18 19:00,12,20,0.002,0.01,0.032,
2021-08-18 20:00,13,21,0.002,0.012,0.027,
2021-08-18 21:00,14,19,0.002,0.011,0.026,
2021-08-18 22:00,14,19,0.002,0.007,0.031,
2021-08-18 23:00,14,15,0.002,0.005,0.034,
2021-08-19 0:00,17,23,0.002,0.007,0.025,
2021-08-19 1:00,12,20,0.002,0.007,0.02,
2021-08-19 2:00,14,22,0.002,0.008,0.019,
2021-08-19 3:00,15,17,0.002,0.006,0.019,
2021-08-19 4:00,17,18,0.002,0.006,0.018,
2021-08-19 5:00,13,18,0.002,0.006,0.019,
2021-08-19 6:00,12,18,0.002,0.007,0.017,
2021-08-19 7:00,16,28,0.002,0.009,0.018,
2021-08-19 8:00,13,26,0.001,0.007,0.023,
2021-08-19 9:00,18,24,0.001,0.008,0.025,
2021-08-19 10:00,17,18,0.001,0.006,0.033,
2021-08-19 11:00,14,15,0.001,0.006,0.035,
2021-08-19 12:00,17,22,0.001,0.006,0.039,
2021-08-19 13:00,14,28,0.001,0.005,0.042,
2021-08-19 14:00,14,18,0.002,0.004,0.048,
2021-08-19 15:00,,11,0.002,0.004,0.049,
2021-08-19 16:00,14,18,0.002,0.005,0.047,
2021-08-19 17:00,14,19,0.001,0.005,0.042,
2021-08-19 18:00,16,21,0.001,0.008,0.033,0.4
2021-08-19 19:00,10,23,0.002,0.006,0.034,0.4
2021-08-19 20:00,13,15,0.002,0.007,0.031,0.4
2021-08-19 21:00,15,15,0.002,0.008,0.03,0.5
2021-08-19 22:00,14,24,0.002,0.009,0.028,0.5
2021-08-19 23:00,15,23,0.002,0.009,0.026,0.5
2021-08-20 0:00,16,21,0.002,0.008,0.025,0.5
2021-08-20 1:00,17,19,0.001,0.007,0.025,0.5
2021-08-20 2:00,12,16,0.001,0.007,0.026,0.5
2021-08-20 3:00,16,20,0.001,0.007,0.025,0.5
2021-08-20 4:00,15,20,0.001,0.007,0.025,0.5
2021-08-20 5:00,14,20,0.001,0.007,0.026,0.5
2021-08-20 6:00,17,19,0.001,0.008,0.023,0.5
2021-08-20 7:00,19,25,0.001,0.012,0.018,0.5
2021-08-20 8:00,17,26,0.001,0.011,0.02,0.5
2021-08-20 9:00,16,20,0.001,0.008,0.027,0.5
2021-08-20 10:00,17,17,0.001,0.006,0.033,0.5
2021-08-20 11:00,13,15,0.001,0.005,0.04,0.5
2021-08-20 12:00,15,21,0.001,0.004,0.045,0.5
2021-08-20 13:00,17,21,0.001,0.004,0.047,0.5
2021-08-20 14:00,,19,0.001,0.004,0.048,0.5
2021-08-20 15:00,18,19,0.001,0.004,0.048,0.5
2021-08-20 16:00,19,20,0.001,0.004,0.049,0.5
2021-08-20 17:00,17,18,0.001,0.006,0.047,0.5
2021-08-20 18:00,17,18,0.001,0.006,0.045,0.5
2021-08-20 19:00,17,18,0.001,0.011,0.038,0.5
2021-08-20 20:00,19,26,0.001,0.012,0.035,0.5
2021-08-20 21:00,22,24,0.001,0.008,0.039,0.5
2021-08-20 22:00,19,26,0.002,0.005,0.045,0.5
2021-08-20 23:00,19,21,0.001,0.005,0.047,0.5
2021-08-21 0:00,18,25,0.001,0.004,0.047,0.4
2021-08-21 1:00,16,26,0.001,0.004,0.045,0.4
2021-08-21 2:00,20,24,0.001,0.004,0.044,0.5
2021-08-21 3:00,20,24,0.002,0.004,0.042,0.4
2021-08-21 4:00,20,24,0.001,0.004,0.04,0.4
2021-08-21 5:00,14,27,0.002,0.004,0.038,0.4
2021-08-21 6:00,17,17,0.002,0.004,0.036,0.4
2021-08-21 7:00,20,25,0.002,0.004,0.035,0.4
2021-08-21 8:00,15,26,0.002,0.005,0.033,0.4
2021-08-21 9:00,,15,0.002,0.005,0.031,0.4
2021-08-21 10:00,17,17,0.002,0.004,0.034,0.4
2021-08-21 11:00,16,16,0.002,0.004,0.041,0.4
2021-08-21 12:00,,13,0.002,0.004,0.036,0.4
2021-08-21 13:00,,9,0.002,0.004,0.034,0.4
2021-08-21 14:00,,7,0.002,0.004,0.031,0.5
2021-08-21 15:00,,12,0.001,0.004,0.033,0.5
2021-08-21 16:00,,10,0.002,0.004,0.037,0.5
2021-08-21 17:00,,10,0.002,0.004,0.036,0.5
2021-08-21 18:00,,13,0.002,0.005,0.035,0.5
2021-08-21 19:00,16,17,0.002,0.005,0.04,0.6
2021-08-21 20:00,15,16,0.002,0.005,0.044,0.5
2021-08-21 21:00,15,15,0.002,0.004,0.044,0.5
2021-08-21 22:00,10,17,0.002,0.004,0.044,0.5
2021-08-21 23:00,15,18,0.002,0.004,0.043,0.5
2021-08-22 0:00,17,19,0.002,0.003,0.043,0.5
2021-08-22 1:00,,14,0.002,0.003,0.042,0.5
2021-08-22 2:00,16,22,0.002,0.003,0.042,0.5
2021-08-22 3:00,17,23,0.002,0.003,0.042,0.5
2021-08-22 4:00,14,19,0.002,0.003,0.039,0.5
2021-08-22 5:00,16,24,0.002,0.003,0.038,0.5
2021-08-22 6:00,15,20,0.002,0.004,0.032,0.5
2021-08-22 7:00,16,25,0.002,0.005,0.026,0.5
2021-08-22 8:00,17,21,0.002,0.005,0.031,0.7
2021-08-22 9:00,17,24,0.001,0.004,0.04,0.6
2021-08-22 10:00,19,24,0.002,0.004,0.04,0.5
2021-08-22 11:00,19,27,0.002,0.005,0.041,0.6
2021-08-22 12:00,22,26,0.002,0.005,0.04,0.7
2021-08-22 13:00,24,32,0.002,0.005,0.044,0.7
2021-08-22 14:00,27,41,0.002,0.005,0.05,0.7
2021-08-22 15:00,32,40,0.002,0.005,0.057,0.8
2021-08-22 16:00,31,45,0.002,0.005,0.057,0.8
2021-08-22 17:00,28,40,0.002,0.006,0.056,0.7
2021-08-22 18:00,27,41,0.002,0.007,0.053,0.8
2021-08-22 19:00,27,42,0.002,0.008,0.038,0.8
2021-08-22 20:00,35,40,0.002,0.011,0.031,0.8
2021-08-22 21:00,33,48,0.002,0.011,0.027,0.8
2021-08-22 22:00,28,44,0.002,0.01,0.026,0.8
2021-08-22 23:00,27,45,0.002,0.011,0.024,0.9
2021-08-23 0:00,32,40,0.002,0.009,0.025,0.8
2021-08-23 1:00,24,43,0.002,0.008,0.023,0.8
2021-08-23 2:00,29,41,0.002,0.007,0.023,0.8
2021-08-23 3:00,29,39,0.002,0.007,0.016,0.8
2021-08-23 4:00,27,46,0.002,0.007,0.014,0.8
2021-08-23 5:00,30,47,0.002,0.008,0.014,0.8
2021-08-23 6:00,32,48,0.002,0.007,0.021,0.8
2021-08-23 7:00,33,41,0.002,0.006,0.024,0.7
2021-08-23 8:00,32,42,0.002,0.01,0.018,0.7
2021-08-23 9:00,33,37,0.002,0.01,0.018,0.7
2021-08-23 10:00,29,30,0.002,0.009,0.019,0.7
2021-08-23 11:00,27,32,0.002,0.008,0.021,0.7
2021-08-23 12:00,20,23,0.002,0.006,0.026,0.6
2021-08-23 13:00,21,21,0.002,0.006,0.027,0.6
2021-08-23 14:00,,21,0.002,0.008,0.024,0.6
2021-08-23 15:00,18,18,0.002,0.006,0.029,0.6
2021-08-23 16:00,13,15,0.002,0.004,0.037,0.5
2021-08-23 17:00,,13,0.002,0.006,0.038,0.5
2021-08-23 18:00,15,16,0.002,0.005,0.04,0.4
2021-08-23 19:00,,10,0.002,0.005,0.041,0.4
2021-08-23 20:00,10,13,0.002,0.004,0.039,0.4
2021-08-23 21:00,12,12,0.002,0.004,0.039,0.4
2021-08-23 22:00,17,17,0.002,0.004,0.039,0.5
2021-08-23 23:00,13,14,0.002,0.005,0.034,0.5
2021-08-24 0:00,16,18,0.002,0.006,0.03,0.5
2021-08-24 1:00,,10,0.002,0.006,0.028,0.5
2021-08-24 2:00,12,18,0.002,0.006,0.027,0.6
2021-08-24 3:00,13,14,0.002,0.006,0.025,0.6
2021-08-24 4:00,,14,0.002,0.005,0.023,0.5
2021-08-24 5:00,14,17,0.002,0.006,0.021,0.5
2021-08-24 6:00,,11,0.001,0.006,0.021,0.6
2021-08-24 7:00,14,14,0.002,0.006,0.024,0.6
2021-08-24 8:00,14,18,0.002,0.008,0.023,0.5
2021-08-24 9:00,11,18,0.002,0.008,0.022,0.5
2021-08-24 10:00,,12,0.002,0.007,0.023,0.5
2021-08-24 11:00,,12,0.002,0.005,0.026,0.5
2021-08-24 12:00,13,17,0.002,0.004,0.029,0.5
2021-08-24 13:00,,16,0.002,0.004,0.032,0.5
2021-08-24 14:00,18,23,0.002,0.005,0.037,0.6
2021-08-24 15:00,,21,0.002,0.006,0.036,0.6
2021-08-24 16:00,,,0.002,0.007,0.033,0.6
2021-08-24 17:00,,,,,,
2021-08-24 18:00,,,,,,
2021-08-24 19:00,,25,,,,
2021-08-24 20:00,,14,0.002,0.006,0.029,0.4
2021-08-24 21:00,6,18,0.002,0.007,0.028,0.4
2021-08-24 22:00,9,22,0.002,0.005,0.029,0.4
2021-08-24 23:00,17,19,0.002,0.005,0.03,0.4
2021-08-25 0:00,11,18,0.002,0.004,0.031,0.3
2021-08-25 1:00,18,20,0.002,0.004,0.032,0.4
2021-08-25 2:00,15,19,0.002,0.004,0.032,0.5
2021-08-25 3:00,12,20,0.002,0.004,0.03,0.5
2021-08-25 4:00,13,21,0.002,0.004,0.03,0.5
2021-08-25 5:00,13,21,0.002,0.005,0.024,0.5
2021-08-25 6:00,16,24,0.002,0.007,0.018,0.5
2021-08-25 7:00,16,24,0.002,0.011,0.014,0.4
2021-08-25 8:00,15,16,0.002,0.009,0.022,0.5
2021-08-25 9:00,16,17,0.002,0.008,0.022,0.5
2021-08-25 10:00,16,17,0.002,0.008,0.024,0.5
2021-08-25 11:00,,15,0.002,0.01,0.024,0.5
2021-08-25 12:00,,8,0.002,0.006,0.029,0.4
2021-08-25 13:00,,12,0.002,0.007,0.032,0.4
2021-08-25 14:00,13,16,0.002,0.006,0.034,0.4
2021-08-25 15:00,,11,0.002,0.005,0.04,0.4
2021-08-25 16:00,,10,0.002,0.007,0.038,0.4
2021-08-25 17:00,,9,0.002,0.006,0.043,0.4
2021-08-25 18:00,12,12,0.002,0.006,0.043,0.4
2021-08-25 19:00,,12,0.002,0.007,0.04,0.4
2021-08-25 20:00,,10,0.002,0.007,0.038,0.4
2021-08-25 21:00,,11,0.002,0.006,0.037,0.4
2021-08-25 22:00,13,16,0.002,0.008,0.03,0.4
2021-08-25 23:00,14,20,0.002,0.008,0.024,0.4
2021-08-26 0:00,12,16,0.002,0.008,0.022,0.4
2021-08-26 1:00,14,18,0.002,0.005,0.024,0.4
2021-08-26 2:00,12,21,0.002,0.006,0.019,0.4
2021-08-26 3:00,16,21,0.002,0.007,0.016,0.4
2021-08-26 4:00,14,22,0.001,0.007,0.015,0.5
2021-08-26 5:00,16,29,0.002,0.009,0.016,0.5
2021-08-26 6:00,17,24,0.002,0.008,0.016,0.5
2021-08-26 7:00,14,19,0.002,0.01,0.02,0.5
2021-08-26 8:00,17,23,0.002,0.009,0.023,0.5
2021-08-26 9:00,17,24,0.002,0.008,0.024,0.5
2021-08-26 10:00,22,28,0.001,0.006,0.031,0.5
2021-08-26 11:00,27,37,0.002,0.006,0.042,0.5
2021-08-26 12:00,24,35,0.002,0.006,0.048,0.5
2021-08-26 13:00,27,44,0.002,0.006,0.055,0.5
2021-08-26 14:00,29,52,0.002,0.008,0.06,0.5
2021-08-26 15:00,26,51,0.002,0.007,0.062,0.5
2021-08-26 16:00,30,47,0.002,0.009,0.059,0.6
2021-08-26 17:00,28,51,0.002,0.008,0.058,0.5
2021-08-26 18:00,30,50,0.002,0.009,0.048,0.5
2021-08-26 19:00,29,55,0.002,0.008,0.046,0.5
2021-08-26 20:00,31,55,0.002,0.01,0.04,0.6
2021-08-26 21:00,31,62,0.002,0.011,0.037,0.7
2021-08-26 22:00,32,62,0.002,0.01,0.034,0.6
2021-08-26 23:00,31,61,0.002,0.007,0.039,0.6
2021-08-27 0:00,33,57,0.002,0.005,0.041,0.6
2021-08-27 1:00,32,50,0.002,0.005,0.041,0.6
2021-08-27 2:00,31,55,0.002,0.006,0.034,0.6
2021-08-27 3:00,35,54,0.002,0.005,0.037,0.6
2021-08-27 4:00,37,57,0.002,0.004,0.043,0.6
2021-08-27 5:00,33,59,0.002,0.005,0.035,0.6
2021-08-27 6:00,35,57,0.002,0.007,0.022,0.6
2021-08-27 7:00,33,61,0.002,0.013,0.014,0.7
2021-08-27 8:00,35,58,0.002,0.015,0.012,0.7
2021-08-27 9:00,38,67,0.002,0.015,0.02,0.7
2021-08-27 10:00,44,71,0.002,0.012,0.03,0.6
2021-08-27 11:00,23,42,0.002,0.011,0.035,0.5
2021-08-27 12:00,19,33,0.002,0.01,0.039,0.5
2021-08-27 13:00,22,26,0.002,0.009,0.038,0.5
2021-08-27 14:00,,23,0.002,0.009,0.037,0.6
2021-08-27 15:00,19,19,0.002,0.009,0.036,0.6
2021-08-27 16:00,22,25,0.002,0.006,0.042,0.5
2021-08-27 17:00,17,24,0.002,0.008,0.037,0.5
2021-08-27 18:00,,21,0.002,0.007,0.037,0.5
2021-08-27 19:00,20,26,0.002,0.01,0.03,0.5
2021-08-27 20:00,21,30,0.002,0.01,0.024,0.6
2021-08-27 21:00,23,35,0.002,0.009,0.021,0.6
2021-08-27 22:00,26,33,0.002,0.01,0.02,0.5
2021-08-27 23:00,22,35,0.002,0.008,0.02,0.5
2021-08-28 0:00,27,40,0.002,0.007,0.02,0.5
2021-08-28 1:00,27,33,0.002,0.007,0.021,0.5
2021-08-28 2:00,29,29,0.002,0.006,0.021,0.5
2021-08-28 3:00,29,39,0.002,0.007,0.02,0.5
2021-08-28 4:00,29,37,0.002,0.007,0.022,0.5
2021-08-28 5:00,,31,0.002,0.007,0.016,0.5
2021-08-28 6:00,28,35,0.002,0.007,0.016,0.5
2021-08-28 7:00,27,34,0.002,0.009,0.012,0.5
2021-08-28 8:00,32,34,0.002,0.01,0.016,0.6
2021-08-28 9:00,30,31,0.002,0.008,0.021,0.6
2021-08-28 10:00,29,30,0.002,0.005,0.029,0.6
2021-08-28 11:00,23,30,0.002,0.005,0.037,0.6
2021-08-28 12:00,29,34,0.002,0.005,0.046,0.6
2021-08-28 13:00,34,40,0.002,0.005,0.055,0.6
2021-08-28 14:00,35,42,0.002,0.005,0.057,0.6
2021-08-28 15:00,36,48,0.002,0.005,0.058,0.6
2021-08-28 16:00,32,45,0.002,0.007,0.05,0.6
2021-08-28 17:00,35,47,0.002,0.006,0.054,0.6
2021-08-28 18:00,36,47,0.002,0.007,0.057,0.6
2021-08-28 19:00,33,48,0.002,0.009,0.045,0.6
2021-08-28 20:00,39,46,0.002,0.01,0.031,0.6
2021-08-28 21:00,35,49,0.002,0.009,0.026,0.6
2021-08-28 22:00,34,48,0.002,0.008,0.025,0.6
2021-08-28 23:00,38,48,0.002,0.007,0.023,0.6
2021-08-29 0:00,41,56,0.002,0.008,0.022,0.6
2021-08-29 1:00,45,58,0.002,0.008,0.018,0.6
2021-08-29 2:00,45,49,0.002,0.006,0.025,0.6
2021-08-29 3:00,42,53,0.002,0.006,0.026,0.7
2021-08-29 4:00,32,39,0.002,0.005,0.043,0.6
2021-08-29 5:00,19,23,0.002,0.003,0.054,0.5
2021-08-29 6:00,,17,0.002,0.003,0.051,0.6
2021-08-29 7:00,19,22,0.002,0.004,0.048,0.6
2021-08-29 8:00,,20,0.002,0.005,0.041,0.6
2021-08-29 9:00,23,23,0.002,0.006,0.039,0.6
2021-08-29 10:00,21,22,0.002,0.005,0.043,0.6
2021-08-29 11:00,,21,0.002,0.005,0.044,0.6
2021-08-29 12:00,,19,0.002,0.004,0.044,0.6
2021-08-29 13:00,21,23,0.002,0.004,0.047,0.6
2021-08-29 14:00,,17,0.002,0.004,0.052,0.5
2021-08-29 15:00,18,21,0.002,0.004,0.052,0.5
2021-08-29 16:00,21,23,0.002,0.003,0.054,0.5
2021-08-29 17:00,27,30,0.002,0.004,0.061,0.5
2021-08-29 18:00,,26,0.002,0.005,0.065,0.5
2021-08-29 19:00,23,31,0.002,0.009,0.041,0.6
2021-08-29 20:00,25,29,0.002,0.012,0.029,0.5
2021-08-29 21:00,26,32,0.002,0.011,0.028,0.5
2021-08-29 22:00,30,37,0.002,0.009,0.029,0.6
2021-08-29 23:00,30,38,0.002,0.01,0.025,0.6
2021-08-30 0:00,31,45,0.002,0.008,0.023,0.6
2021-08-30 1:00,28,50,0.002,0.007,0.019,0.6
2021-08-30 2:00,32,43,0.002,0.006,0.016,0.6
2021-08-30 3:00,33,45,0.002,0.006,0.015,0.6
2021-08-30 4:00,35,37,0.002,0.006,0.014,0.6
2021-08-30 5:00,34,47,0.002,0.009,0.011,0.6
2021-08-30 6:00,33,43,0.002,0.009,0.008,0.6
2021-08-30 7:00,36,44,0.002,0.012,0.01,0.6
2021-08-30 8:00,35,38,0.002,0.01,0.011,0.6
2021-08-30 9:00,32,40,0.002,0.013,0.014,0.6
2021-08-30 10:00,35,42,0.002,0.012,0.018,0.6
2021-08-30 11:00,47,50,0.003,0.012,0.022,0.7
2021-08-30 12:00,42,57,0.003,0.011,0.03,0.6
2021-08-30 13:00,36,41,0.003,0.008,0.04,0.6
2021-08-30 14:00,38,45,0.003,0.01,0.043,0.6
2021-08-30 15:00,41,48,0.003,0.013,0.049,0.6
2021-08-30 16:00,,,,,,
2021-08-30 17:00,,,,,,
2021-08-30 18:00,,,,,,
2021-08-30 19:00,,,,,,
2021-08-30 20:00,,,,,,
2021-08-30 21:00,33,47,,,,
2021-08-30 22:00,34,47,0.003,0.014,0.022,
2021-08-30 23:00,34,48,0.003,0.013,0.021,0.4
2021-08-31 0:00,31,45,0.003,0.011,0.022,0.4
2021-08-31 1:00,32,48,0.003,0.009,0.02,0.4
2021-08-31 2:00,25,44,0.003,0.008,0.011,0.4
2021-08-31 3:00,29,51,0.002,0.008,0.008,0.4
2021-08-31 4:00,30,50,0.002,0.007,0.008,0.4
2021-08-31 5:00,29,48,0.003,0.008,0.009,0.3
2021-08-31 6:00,30,42,0.003,0.009,0.009,0.3
2021-08-31 7:00,33,47,0.003,0.01,0.009,0.3
2021-08-31 8:00,30,42,0.003,0.01,0.013,0.4
2021-08-31 9:00,38,41,0.003,0.011,0.011,0.4
2021-08-31 10:00,33,46,0.003,0.014,0.012,0.5
2021-08-31 11:00,30,41,0.003,0.012,0.018,0.5
2021-08-31 12:00,24,32,0.003,0.009,0.03,0.4
2021-08-31 13:00,31,37,0.003,0.009,0.031,0.4
2021-08-31 14:00,24,32,0.003,0.009,0.034,0.3
2021-08-31 15:00,27,38,0.003,0.011,0.028,0.4
2021-08-31 16:00,33,46,0.003,0.01,0.022,0.3
2021-08-31 17:00,,20,0.003,0.006,0.029,0.1
2021-08-31 18:00,16,18,0.003,0.007,0.027,0.1
2021-08-31 19:00,13,19,0.003,0.008,0.025,0.1
2021-08-31 20:00,19,21,0.003,0.007,0.025,0.1
2021-08-31 21:00,,16,0.003,0.006,0.024,0.1
2021-08-31 22:00,,14,0.003,0.006,0.023,0.2
2021-08-31 23:00,,16,0.003,0.006,0.022,0.2
2021-09-01 0:00,16,20,0.003,0.007,0.021,0.1
2021-09-01 1:00,,16,0.003,0.002,0.03,0.1
2021-09-01 2:00,,11,0.002,0.002,0.031,0.1
2021-09-01 3:00,,13,0.002,0.004,0.023,0.1
2021-09-01 4:00,,7,0.002,0.005,0.021,0.1
2021-09-01 5:00,,5,0.002,0.005,0.02,0.1
2021-09-01 6:00,,3,0.002,0.005,0.02,0
2021-09-01 7:00,10,,0.002,0.005,0.027,0.1
2021-09-01 8:00,9,,0.002,0.005,0.029,0
2021-09-01 9:00,,,0.002,0.007,0.028,0
2021-09-01 10:00,,,0.003,0.007,0.026,0
2021-09-01 11:00,,,0.003,0.007,0.027,0
2021-09-01 12:00,,,0.003,0.008,0.028,0
2021-09-01 13:00,,,0.002,0.006,0.032,
2021-09-01 14:00,,,0.002,0.006,0.033,
2021-09-01 15:00,,,0.002,0.005,0.038,
2021-09-01 16:00,,,0.003,0.005,0.037,
2021-09-01 17:00,,,0.002,0.006,0.037,
2021-09-01 18:00,,,0.002,0.006,0.037,0.2
2021-09-01 19:00,4,4,0.002,0.007,0.034,0.3
2021-09-01 20:00,7,15,0.002,0.01,0.023,0.4
2021-09-01 21:00,5,13,0.002,0.007,0.022,0.4
2021-09-01 22:00,6,17,0.003,0.007,0.02,0.4
2021-09-01 23:00,6,10,0.003,0.009,0.015,0.4
2021-09-02 0:00,10,17,0.003,0.009,0.013,0.4
2021-09-02 1:00,7,17,0.003,0.007,0.014,0.4
2021-09-02 2:00,6,23,0.003,0.007,0.011,0.3
2021-09-02 3:00,6,19,0.003,0.008,0.01,0.3
2021-09-02 4:00,8,8,0.003,0.006,0.021,0.3
2021-09-02 5:00,7,8,0.003,0.008,0.024,0.3
2021-09-02 6:00,10,11,0.003,0.008,0.027,0.3
2021-09-02 7:00,10,16,0.003,0.008,0.03,0.3
2021-09-02 8:00,11,22,0.003,0.009,0.033,0.2
2021-09-02 9:00,8,19,0.003,0.008,0.037,0.2
2021-09-02 10:00,,,,,,
2021-09-02 11:00,,,,,,
2021-09-02 12:00,,,,,,
2021-09-02 13:00,,,,,,
2021-09-02 14:00,10,11,,,,
2021-09-02 15:00,11,17,0.003,0.003,0.045,0.2
2021-09-02 16:00,10,10,0.002,0.003,0.044,0.2
2021-09-02 17:00,8,19,0.002,0.005,0.04,0.3
2021-09-02 18:00,8,15,0.003,0.005,0.038,0.3
2021-09-02 19:00,,13,0.002,0.005,0.036,0.3
2021-09-02 20:00,12,18,0.002,0.004,0.035,0.3
2021-09-02 21:00,13,26,0.002,0.003,0.035,0.3
2021-09-02 22:00,10,17,0.002,0.005,0.03,0.4
2021-09-02 23:00,12,21,0.002,0.005,0.028,0.3
2021-09-03 0:00,11,20,0.002,0.004,0.028,0.3
2021-09-03 1:00,15,19,0.003,0.004,0.026,0.3
2021-09-03 2:00,11,22,0.002,0.005,0.022,0.3
2021-09-03 3:00,12,22,0.002,0.005,0.02,0.3
2021-09-03 4:00,13,23,0.002,0.006,0.016,0.3
2021-09-03 5:00,10,15,0.002,0.006,0.016,0.3
2021-09-03 6:00,8,21,0.003,0.005,0.023,0.3
2021-09-03 7:00,10,22,0.003,0.008,0.018,0.3
2021-09-03 8:00,13,19,0.003,0.011,0.019,0.4
2021-09-03 9:00,,,0.002,0.007,0.026,0.4
2021-09-03 10:00,,,0.002,0.007,0.028,0.4
2021-09-03 11:00,42,42,0.002,0.006,0.036,0.4
2021-09-03 12:00,9,12,0.002,0.004,0.044,0.3
2021-09-03 13:00,10,16,0.002,0.003,0.052,0.3
2021-09-03 14:00,10,14,0.002,0.003,0.056,0.3
2021-09-03 15:00,12,13,0.002,0.003,0.057,0.3
2021-09-03 16:00,10,15,0.002,0.003,0.058,0.3
2021-09-03 17:00,10,17,0.002,0.003,0.058,0.3
2021-09-03 18:00,9,17,0.002,0.004,0.052,0.3
2021-09-03 19:00,9,17,0.002,0.006,0.042,0.3
2021-09-03 20:00,16,19,0.002,0.013,0.029,0.3
2021-09-03 21:00,14,26,0.002,0.01,0.026,0.3
2021-09-03 22:00,13,26,0.002,0.008,0.027,0.3
2021-09-03 23:00,12,18,0.002,0.007,0.03,0.3
2021-09-04 0:00,11,15,0.002,0.005,0.033,0.3
2021-09-04 1:00,9,17,0.002,0.006,0.033,0.3
2021-09-04 2:00,9,14,0.002,0.006,0.031,0.3
2021-09-04 3:00,,11,0.002,0.007,0.027,0.3
2021-09-04 4:00,14,21,0.002,0.007,0.02,0.3
2021-09-04 5:00,12,16,0.002,0.007,0.017,0.3
2021-09-04 6:00,14,25,0.002,0.009,0.011,0.3
2021-09-04 7:00,14,27,0.002,0.01,0.01,0.3
2021-09-04 8:00,12,26,0.002,0.009,0.014,0.3
2021-09-04 9:00,12,20,0.002,0.007,0.022,0.3
2021-09-04 10:00,10,18,0.002,0.005,0.033,0.3
2021-09-04 11:00,10,12,0.002,0.005,0.037,0.3
2021-09-04 12:00,9,18,0.002,0.005,0.042,0.3
2021-09-04 13:00,11,21,0.002,0.003,0.05,0.3
2021-09-04 14:00,13,21,0.002,0.003,0.053,0.3
2021-09-04 15:00,9,23,0.002,0.003,0.054,0.3
2021-09-04 16:00,8,15,0.002,0.003,0.053,0.2
2021-09-04 17:00,,14,0.002,0.004,0.051,0.2
2021-09-04 18:00,10,17,0.002,0.005,0.04,0.2
2021-09-04 19:00,9,17,0.002,0.006,0.034,0.2
2021-09-04 20:00,9,16,0.002,0.005,0.034,0.2
2021-09-04 21:00,8,16,0.002,0.004,0.034,0.2
2021-09-04 22:00,10,15,0.003,0.004,0.033,0.2
2021-09-04 23:00,11,14,0.003,0.004,0.034,0.2
2021-09-05 0:00,7,20,0.002,0.003,0.034,0.2
2021-09-05 1:00,,10,0.002,0.005,0.031,0.3
2021-09-05 2:00,14,15,0.002,0.005,0.031,0.3
2021-09-05 3:00,11,15,0.002,0.005,0.02,0.2
2021-09-05 4:00,10,16,0.002,0.005,0.019,0.3
2021-09-05 5:00,11,13,0.002,0.005,0.018,0.2
2021-09-05 6:00,13,24,0.002,0.005,0.016,0.2
2021-09-05 7:00,12,19,0.002,0.006,0.013,0.2
2021-09-05 8:00,10,23,0.002,0.007,0.014,0.2
2021-09-05 9:00,12,26,0.003,0.005,0.023,0.3
2021-09-05 10:00,12,22,0.003,0.005,0.031,0.3
2021-09-05 11:00,13,17,0.003,0.005,0.035,0.3
2021-09-05 12:00,11,18,0.003,0.004,0.041,0.3
2021-09-05 13:00,8,18,0.003,0.004,0.044,0.3
2021-09-05 14:00,10,21,0.003,0.003,0.049,0.2
2021-09-05 15:00,11,21,0.002,0.003,0.05,0.2
2021-09-05 16:00,11,12,0.002,0.003,0.043,0.2
2021-09-05 17:00,15,23,0.002,0.004,0.041,0.2
2021-09-05 18:00,12,20,0.002,0.007,0.032,0.2
2021-09-05 19:00,11,23,0.002,0.008,0.034,0.2
2021-09-05 20:00,13,17,0.002,0.005,0.037,0.2
2021-09-05 21:00,10,17,0.003,0.005,0.036,0.2
2021-09-05 22:00,11,21,0.002,0.005,0.034,0.2
2021-09-05 23:00,11,14,0.003,0.005,0.034,0.2
2021-09-06 0:00,13,16,0.002,0.006,0.033,0.2
2021-09-06 1:00,,11,0.002,0.005,0.031,0.2
2021-09-06 2:00,13,18,0.002,0.005,0.029,0.2
2021-09-06 3:00,11,17,0.002,0.005,0.028,0.2
2021-09-06 4:00,14,19,0.002,0.005,0.027,0.2
2021-09-06 5:00,12,19,0.002,0.005,0.02,0.2
2021-09-06 6:00,14,24,0.002,0.005,0.029,0.2
2021-09-06 7:00,14,22,0.003,0.006,0.032,0.2
2021-09-06 8:00,12,23,0.003,0.009,0.028,0.3
2021-09-06 9:00,10,28,0.003,0.008,0.028,0.3
2021-09-06 10:00,13,24,0.003,0.007,0.033,0.3
2021-09-06 11:00,,,0.003,0.008,0.034,0.3
2021-09-06 12:00,,,,,,
2021-09-06 13:00,,,,,,
2021-09-06 14:00,,,,,,
2021-09-06 15:00,,,,,,
2021-09-06 16:00,,,,,,
2021-09-06 17:00,,,,,,
2021-09-06 18:00,,,,,,
2021-09-06 19:00,,,,,,
2021-09-06 20:00,,,,,,
2021-09-06 21:00,15,25,0.002,0.005,0.026,
2021-09-06 22:00,15,22,0.002,0.003,0.031,
2021-09-06 23:00,,11,0.002,0.003,0.033,0.3
2021-09-07 0:00,29,35,0.002,0.003,0.032,0.3
2021-09-07 1:00,,7,0.002,0.003,0.032,0.2
2021-09-07 2:00,,14,0.002,0.002,0.033,0.2
2021-09-07 3:00,,12,0.002,0.003,0.032,0.2
2021-09-07 4:00,,9,0.002,0.003,0.031,0.2
2021-09-07 5:00,,8,0.002,0.004,0.03,0.2
2021-09-07 6:00,,10,0.002,0.004,0.03,0.2
2021-09-07 7:00,12,12,0.002,0.005,0.029,0.2
2021-09-07 8:00,13,14,0.002,0.005,0.03,0.2
2021-09-07 9:00,,9,0.002,0.004,0.03,0.2
2021-09-07 10:00,,10,0.002,0.005,0.027,0.2
2021-09-07 11:00,9,10,0.002,0.005,0.026,0.2
2021-09-07 12:00,10,13,0.002,0.005,0.025,0.2
2021-09-07 13:00,,9,0.002,0.006,0.023,0.2
2021-09-07 14:00,7,9,0.002,0.005,0.023,0.2
2021-09-07 15:00,,6,0.002,0.006,0.021,0.2
2021-09-07 16:00,,9,0.002,0.008,0.017,0.2
2021-09-07 17:00,,6,0.002,0.011,0.016,0.3
2021-09-07 18:00,,5,0.002,0.006,0.025,0.3
2021-09-07 19:00,11,13,0.002,0.007,0.025,0.3
2021-09-07 20:00,10,11,0.002,0.006,0.027,0.3
2021-09-07 21:00,,8,0.002,0.005,0.028,0.3
2021-09-07 22:00,10,10,0.002,0.004,0.028,0.3
2021-09-07 23:00,,9,0.002,0.004,0.028,0.3
2021-09-08 0:00,11,17,0.002,0.004,0.028,0.3
2021-09-08 1:00,,7,0.002,0.003,0.027,0.3
2021-09-08 2:00,10,11,0.002,0.004,0.024,0.3
2021-09-08 3:00,,10,0.002,0.004,0.021,0.3
2021-09-08 4:00,,8,0.002,0.005,0.02,0.3
2021-09-08 5:00,13,14,0.002,0.005,0.022,0.3
2021-09-08 6:00,,9,0.002,0.005,0.021,0.3
2021-09-08 7:00,12,14,0.002,0.008,0.018,0.3
2021-09-08 8:00,14,14,0.002,0.011,0.016,0.3
2021-09-08 9:00,11,13,0.002,0.01,0.019,0.3
2021-09-08 10:00,14,21,0.002,0.011,0.018,0.3
2021-09-08 11:00,14,21,0.002,0.013,0.016,0.3
2021-09-08 12:00,15,18,0.002,0.011,0.021,0.3
2021-09-08 13:00,15,21,0.002,0.008,0.029,0.4
2021-09-08 14:00,,16,0.002,0.008,0.039,0.3
2021-09-08 15:00,9,12,0.002,0.007,0.049,0.3
2021-09-08 16:00,14,14,0.002,0.006,0.054,0.3
2021-09-08 17:00,15,21,0.002,0.008,0.062,0.3
2021-09-08 18:00,28,38,0.002,0.011,0.065,0.3
2021-09-08 19:00,14,36,0.002,0.013,0.045,0.4
2021-09-08 20:00,20,28,0.002,0.02,0.02,0.4
2021-09-08 21:00,18,26,0.002,0.017,0.014,0.3
2021-09-08 22:00,19,29,0.002,0.016,0.01,0.3
2021-09-08 23:00,16,30,0.002,0.013,0.01,0.4
2021-09-09 0:00,17,26,0.002,0.01,0.011,0.3
2021-09-09 1:00,16,20,0.002,0.011,0.009,0.3
2021-09-09 2:00,18,26,0.002,0.009,0.01,0.3
2021-09-09 3:00,16,25,0.002,0.008,0.009,0.3
2021-09-09 4:00,15,26,0.002,0.009,0.007,0.3
2021-09-09 5:00,15,30,0.002,0.007,0.005,0.3
2021-09-09 6:00,17,32,0.002,0.008,0.002,0.3
2021-09-09 7:00,18,27,0.002,0.009,0.003,0.3
2021-09-09 8:00,18,23,0.002,0.01,0.008,0.4
2021-09-09 9:00,17,26,0.002,0.008,0.011,0.4
2021-09-09 10:00,22,24,0.002,0.007,0.015,0.3
2021-09-09 11:00,27,27,0.002,0.006,0.028,0.3
2021-09-09 12:00,25,37,0.002,0.006,0.041,0.3
2021-09-09 13:00,20,24,0.002,0.006,0.052,0.3
2021-09-09 14:00,21,21,0.002,0.005,0.055,0.3
2021-09-09 15:00,17,21,0.002,0.004,0.057,0.3
2021-09-09 16:00,21,34,0.002,0.005,0.06,0.3
2021-09-09 17:00,25,38,0.002,0.006,0.065,0.3
2021-09-09 18:00,26,39,0.002,0.008,0.055,0.3
2021-09-09 19:00,,,0.002,0.021,0.027,0.3
2021-09-09 20:00,,,0.002,0.02,0.021,0.4
2021-09-09 21:00,,,0.002,0.016,0.022,0.3
2021-09-09 22:00,,,0.002,0.017,0.02,0.3
2021-09-09 23:00,,,0.002,0.013,0.021,0.4
2021-09-10 0:00,,,0.002,0.012,0.02,0.4
2021-09-10 1:00,,,0.002,0.011,0.016,0.4
2021-09-10 2:00,,,0.003,0.01,0.014,0.4
2021-09-10 3:00,,,0.003,0.007,0.01,0.4
2021-09-10 4:00,,,0.003,0.007,0.005,0.4
2021-09-10 5:00,,,0.003,0.008,0.005,0.4
2021-09-10 6:00,,,0.003,0.01,0.005,0.4
2021-09-10 7:00,,,0.003,0.01,0.004,0.3
2021-09-10 8:00,,,0.003,0.01,0.003,0.4
2021-09-10 9:00,,,0.003,0.012,0.004,0.3
2021-09-10 10:00,,,0.003,0.011,0.008,0.3
2021-09-10 11:00,,,0.003,0.009,0.022,0.3
2021-09-10 12:00,,,0.003,0.007,0.041,0.3
2021-09-10 13:00,,,0.003,0.006,0.052,0.3
2021-09-10 14:00,,,0.003,0.005,0.063,0.2
2021-09-10 15:00,,,0.003,0.005,0.066,0.3
2021-09-10 16:00,,,0.003,0.006,0.065,0.4
2021-09-10 17:00,,,0.003,0.007,0.065,0.5
2021-09-10 18:00,,,0.003,0.011,0.053,0.5
2021-09-10 19:00,,,0.002,0.017,0.035,0.5
2021-09-10 20:00,,,0.003,0.013,0.033,0.5
2021-09-10 21:00,,,0.003,0.013,0.026,0.5
2021-09-10 22:00,,,0.003,0.01,0.026,0.4
2021-09-10 23:00,,,0.002,0.01,0.02,0.4
2021-09-11 0:00,,,0.002,0.008,0.016,0.4
2021-09-11 1:00,,,0.002,0.008,0.014,0.3
2021-09-11 2:00,,,0.003,0.007,0.013,0.3
2021-09-11 3:00,,,0.003,0.006,0.011,0.3
2021-09-11 4:00,,,0.003,0.007,0.008,0.3
2021-09-11 5:00,,,0.002,0.008,0.006,0.3
2021-09-11 6:00,,,0.002,0.01,0.003,0.2
2021-09-11 7:00,,,0.002,0.013,0.004,0.3
2021-09-11 8:00,,,0.003,0.009,0.01,0.3
2021-09-11 9:00,,,0.003,0.009,0.009,0.3
2021-09-11 10:00,,,0.002,0.008,0.019,0.3
2021-09-11 11:00,42,42,0.003,0.005,0.041,0.3
2021-09-11 12:00,15,27,0.003,0.006,0.051,0.5
2021-09-11 13:00,16,26,0.003,0.005,0.06,0.5
2021-09-11 14:00,12,28,0.003,0.004,0.06,0.5
2021-09-11 15:00,15,58,0.003,0.004,0.055,0.7
2021-09-11 16:00,14,33,0.003,0.004,0.062,0.5
2021-09-11 17:00,12,29,0.003,0.005,0.068,0.4
2021-09-11 18:00,18,25,0.003,0.007,0.058,0.4
2021-09-11 19:00,17,28,0.003,0.015,0.034,0.4
2021-09-11 20:00,17,25,0.003,0.012,0.03,0.4
2021-09-11 21:00,26,34,0.003,0.011,0.03,0.4
2021-09-11 22:00,27,35,0.003,0.009,0.027,0.4
2021-09-11 23:00,24,33,0.003,0.009,0.027,0.4
2021-09-12 0:00,24,34,0.003,0.007,0.026,0.4
2021-09-12 1:00,22,31,0.003,0.006,0.028,0.4
2021-09-12 2:00,20,29,0.003,0.005,0.028,0.4
2021-09-12 3:00,20,34,0.002,0.004,0.024,0.4
2021-09-12 4:00,22,37,0.002,0.005,0.016,0.4
2021-09-12 5:00,19,37,0.003,0.005,0.017,0.4
2021-09-12 6:00,19,38,0.002,0.005,0.009,0.4
2021-09-12 7:00,22,41,0.002,0.006,0.006,0.4
2021-09-12 8:00,22,38,0.002,0.007,0.01,0.4
2021-09-12 9:00,23,26,0.003,0.005,0.017,0.4
2021-09-12 10:00,21,28,0.004,0.005,0.03,0.4
2021-09-12 11:00,27,33,0.004,0.005,0.048,0.4
2021-09-12 12:00,26,40,0.004,0.005,0.06,0.4
2021-09-12 13:00,25,40,0.003,0.004,0.059,0.4
2021-09-12 14:00,15,28,0.003,0.004,0.063,0.4
2021-09-12 15:00,24,31,0.003,0.004,0.067,0.3
2021-09-12 16:00,14,28,0.004,0.003,0.066,0.3
2021-09-12 17:00,17,27,0.003,0.004,0.069,0.3
2021-09-12 18:00,18,26,0.003,0.006,0.058,0.3
2021-09-12 19:00,19,33,0.003,0.012,0.034,0.4
2021-09-12 20:00,19,26,0.003,0.011,0.032,0.3
2021-09-12 21:00,23,27,0.003,0.012,0.031,0.4
2021-09-12 22:00,20,28,0.003,0.011,0.031,0.4
2021-09-12 23:00,19,27,0.003,0.009,0.035,0.4
2021-09-13 0:00,25,29,0.003,0.006,0.035,0.3
2021-09-13 1:00,28,39,0.003,0.006,0.024,0.4
2021-09-13 2:00,21,37,0.003,0.005,0.025,0.4
2021-09-13 3:00,16,25,0.003,0.005,0.028,0.4
2021-09-13 4:00,20,32,0.003,0.006,0.024,0.4
2021-09-13 5:00,19,28,0.003,0.007,0.02,0.4
2021-09-13 6:00,19,26,0.003,0.009,0.02,0.4
2021-09-13 7:00,17,28,0.003,0.011,0.018,0.4
2021-09-13 8:00,16,31,0.003,0.01,0.026,0.5
2021-09-13 9:00,16,31,0.003,0.009,0.028,0.5
2021-09-13 10:00,15,29,0.003,0.007,0.036,0.4
2021-09-13 11:00,15,28,0.003,0.005,0.042,0.4
2021-09-13 12:00,13,21,0.003,0.004,0.046,0.3
2021-09-13 13:00,10,22,0.003,0.003,0.047,0.3
2021-09-13 14:00,9,28,0.003,0.003,0.047,0.4
2021-09-13 15:00,10,21,0.004,0.004,0.045,0.3
2021-09-13 16:00,9,23,0.004,0.004,0.045,0.3
2021-09-13 17:00,14,23,0.004,0.004,0.043,0.3
2021-09-13 18:00,16,16,0.004,0.006,0.039,0.3
2021-09-13 19:00,11,23,0.004,0.006,0.036,0.3
2021-09-13 20:00,10,17,0.004,0.007,0.03,0.4
2021-09-13 21:00,15,21,0.004,0.009,0.025,0.4
2021-09-13 22:00,9,24,0.004,0.007,0.028,0.3
2021-09-13 23:00,10,20,0.004,0.008,0.024,0.3
2021-09-14 0:00,10,15,0.004,0.007,0.02,0.3
2021-09-14 1:00,6,16,0.004,0.008,0.018,0.4
2021-09-14 2:00,14,18,0.004,0.006,0.019,0.4
2021-09-14 3:00,10,18,0.004,0.005,0.024,0.3
2021-09-14 4:00,11,23,0.004,0.005,0.022,0.4
2021-09-14 5:00,9,21,0.004,0.007,0.015,0.4
2021-09-14 6:00,12,23,0.004,0.009,0.02,0.5
2021-09-14 7:00,11,15,0.004,0.011,0.017,0.5
2021-09-14 8:00,9,24,0.004,0.012,0.017,0.5
2021-09-14 9:00,10,25,0.004,0.013,0.017,0.5
2021-09-14 10:00,11,25,0.004,0.011,0.02,0.5
2021-09-14 11:00,11,25,0.004,0.009,0.025,0.5
2021-09-14 12:00,11,19,0.004,0.008,0.029,0.4
2021-09-14 13:00,11,19,0.004,0.007,0.032,0.4
2021-09-14 14:00,13,17,0.004,0.006,0.038,0.4
2021-09-14 15:00,,,,,,
2021-09-14 16:00,,,,,,
2021-09-14 17:00,,,,,,
2021-09-14 18:00,,,,,,
2021-09-14 19:00,7,26,0.004,0.012,0.032,0.3
2021-09-14 20:00,5,24,0.004,0.016,0.024,0.3
2021-09-14 21:00,2,19,0.004,0.01,0.032,0.3
2021-09-14 22:00,4,26,0.004,0.011,0.029,0.3
2021-09-14 23:00,6,20,0.004,0.01,0.029,0.3
2021-09-15 0:00,7,17,0.004,0.009,0.029,0.3
2021-09-15 1:00,10,15,0.004,0.007,0.03,0.3
2021-09-15 2:00,7,17,0.004,0.008,0.027,0.3
2021-09-15 3:00,6,19,0.004,0.006,0.025,0.3
2021-09-15 4:00,6,16,0.004,0.007,0.022,0.3
2021-09-15 5:00,7,15,0.004,0.01,0.014,0.3
2021-09-15 6:00,7,20,0.004,0.011,0.009,0.3
2021-09-15 7:00,6,25,0.004,0.012,0.007,0.3
2021-09-15 8:00,5,26,0.004,0.013,0.01,0.2
2021-09-15 9:00,5,17,0.004,0.01,0.025,0.2
2021-09-15 10:00,6,17,0.004,0.009,0.032,0.2
2021-09-15 11:00,6,18,0.004,0.007,0.042,0.2
2021-09-15 12:00,5,18,0.004,0.006,0.048,0.2
2021-09-15 13:00,6,25,0.004,0.006,0.053,0.3
2021-09-15 14:00,5,21,0.003,0.005,0.056,0.3
2021-09-15 15:00,4,24,0.003,0.005,0.056,0.2
2021-09-15 16:00,5,25,0.004,0.005,0.054,0.2
2021-09-15 17:00,5,24,0.004,0.005,0.051,0.2
2021-09-15 18:00,3,21,0.004,0.007,0.044,0.3
2021-09-15 19:00,10,21,0.004,0.008,0.039,0.3
2021-09-15 20:00,7,18,0.004,0.009,0.035,0.3
2021-09-15 21:00,4,16,0.003,0.009,0.034,0.3
2021-09-15 22:00,6,18,0.004,0.009,0.032,0.3
2021-09-15 23:00,6,19,0.004,0.011,0.028,0.3
2021-09-16 0:00,5,17,0.003,0.011,0.027,0.3
2021-09-16 1:00,,9,0.003,0.009,0.028,0.3
2021-09-16 2:00,7,16,0.004,0.009,0.024,0.3
2021-09-16 3:00,5,20,0.004,0.009,0.024,0.3
2021-09-16 4:00,3,20,0.004,0.008,0.02,0.3
2021-09-16 5:00,4,16,0.004,0.01,0.012,0.3
2021-09-16 6:00,4,18,0.004,0.013,0.014,0.3
2021-09-16 7:00,6,25,0.003,0.015,0.011,0.4
2021-09-16 8:00,4,19,0.004,0.013,0.023,0.4
2021-09-16 9:00,2,18,0.004,0.011,0.026,0.4
2021-09-16 10:00,4,10,0.003,0.009,0.031,0.3
2021-09-16 11:00,5,18,0.003,0.008,0.036,0.3
2021-09-16 12:00,4,11,0.003,0.006,0.042,0.3
2021-09-16 13:00,3,14,0.002,0.005,0.046,0.3
2021-09-16 14:00,2,17,0.003,0.005,0.045,0.2
2021-09-16 15:00,3,15,0.003,0.004,0.045,0.2
2021-09-16 16:00,4,8,0.003,0.005,0.042,0.2
2021-09-16 17:00,2,15,0.003,0.006,0.04,0.2
2021-09-16 18:00,0,11,0.003,0.007,0.037,0.2
2021-09-16 19:00,1,13,0.003,0.007,0.033,0.2
2021-09-16 20:00,6,22,0.003,0.009,0.028,0.2
2021-09-16 21:00,8,19,0.004,0.006,0.033,0.2
2021-09-16 22:00,6,11,0.003,0.006,0.033,0.2
2021-09-16 23:00,5,13,0.003,0.005,0.033,0.2
2021-09-17 0:00,5,10,0.003,0.004,0.035,0.2
2021-09-17 1:00,4,16,0.004,0.005,0.031,0.2
2021-09-17 2:00,4,13,0.004,0.006,0.027,0.2
2021-09-17 3:00,1,12,0.004,0.008,0.024,0.3
2021-09-17 4:00,4,10,0.004,0.011,0.021,0.3
2021-09-17 5:00,4,11,0.004,0.011,0.02,0.3
2021-09-17 6:00,4,12,0.004,0.011,0.022,0.4
2021-09-17 7:00,3,9,0.004,0.012,0.018,0.4
2021-09-17 8:00,3,11,0.004,0.013,0.018,0.4
2021-09-17 9:00,4,8,0.004,0.013,0.018,0.3
2021-09-17 10:00,3,5,0.003,0.013,0.021,0.3
2021-09-17 11:00,2,2,0.003,0.009,0.028,0.3
2021-09-17 12:00,1,1,0.004,0.007,0.033,0.2
2021-09-17 13:00,0,,0.003,0.006,0.035,0.2
2021-09-17 14:00,,,0.003,0.006,0.034,0.2
2021-09-17 15:00,1,2,0.003,0.006,0.032,0.2
2021-09-17 16:00,2,5,0.003,0.007,0.032,0.3
2021-09-17 17:00,2,6,0.004,0.007,0.033,0.2
2021-09-17 18:00,2,7,0.004,0.009,0.031,0.3
2021-09-17 19:00,4,9,0.003,0.009,0.03,0.3
2021-09-17 20:00,5,11,0.003,0.01,0.025,0.3
2021-09-17 21:00,3,14,0.004,0.011,0.024,0.3
2021-09-17 22:00,2,17,0.003,0.011,0.018,0.3
2021-09-17 23:00,2,13,0.003,0.012,0.011,0.3
2021-09-18 0:00,3,15,0.003,0.011,0.008,0.3
2021-09-18 1:00,4,14,0.003,0.009,0.01,0.3
2021-09-18 2:00,2,11,0.003,0.009,0.012,0.2
2021-09-18 3:00,,10,0.003,0.007,0.012,0.2
2021-09-18 4:00,3,13,0.003,0.006,0.009,0.2
2021-09-18 5:00,4,11,0.003,0.007,0.008,0.2
2021-09-18 6:00,3,15,0.003,0.007,0.006,0.2
2021-09-18 7:00,4,6,0.003,0.007,0.006,0.2
2021-09-18 8:00,5,16,0.004,0.007,0.007,0.3
2021-09-18 9:00,5,12,0.004,0.008,0.011,0.3
2021-09-18 10:00,7,12,0.004,0.007,0.018,0.3
2021-09-18 11:00,4,9,0.004,0.006,0.027,0.3
2021-09-18 12:00,1,8,0.004,0.003,0.038,0.3
2021-09-18 13:00,1,7,0.004,0.004,0.042,0.3
2021-09-18 14:00,2,12,0.004,0.004,0.047,0.3
2021-09-18 15:00,5,11,0.004,0.004,0.05,0.3
2021-09-18 16:00,5,12,0.004,0.005,0.053,0.3
2021-09-18 17:00,2,10,0.004,0.005,0.054,0.3
2021-09-18 18:00,4,18,0.004,0.006,0.049,0.3
2021-09-18 19:00,6,15,0.004,0.012,0.031,0.3
2021-09-18 20:00,6,17,0.004,0.011,0.029,0.3
2021-09-18 21:00,4,12,0.004,0.012,0.027,0.3
2021-09-18 22:00,4,10,0.004,0.01,0.027,0.3
2021-09-18 23:00,6,10,0.004,0.008,0.027,0.4
2021-09-19 0:00,5,14,0.004,0.008,0.023,0.4
2021-09-19 1:00,6,16,0.004,0.007,0.017,0.4
2021-09-19 2:00,6,16,0.004,0.007,0.012,0.3
2021-09-19 3:00,6,14,0.004,0.006,0.013,0.3
2021-09-19 4:00,5,9,0.004,0.006,0.016,0.3
2021-09-19 5:00,6,13,0.004,0.006,0.015,0.3
2021-09-19 6:00,6,19,0.004,0.007,0.013,0.3
2021-09-19 7:00,5,16,0.004,0.008,0.01,0.3
2021-09-19 8:00,6,18,0.004,0.01,0.013,0.4
2021-09-19 9:00,7,21,0.004,0.012,0.015,0.5
2021-09-19 10:00,7,16,0.004,0.011,0.019,0.4
2021-09-19 11:00,5,17,0.004,0.01,0.026,0.4
2021-09-19 12:00,6,17,0.003,0.008,0.036,0.3
2021-09-19 13:00,6,16,0.003,0.006,0.046,0.3
2021-09-19 14:00,5,13,0.003,0.006,0.054,0.3
2021-09-19 15:00,7,14,0.004,0.005,0.058,0.2
2021-09-19 16:00,6,16,0.004,0.004,0.056,0.2
2021-09-19 17:00,4,11,0.004,0.004,0.052,0.2
2021-09-19 18:00,4,9,0.004,0.005,0.047,0.2
2021-09-19 19:00,5,10,0.004,0.012,0.033,0.2
2021-09-19 20:00,5,15,0.004,0.012,0.031,0.3
2021-09-19 21:00,6,14,0.004,0.009,0.031,0.3
2021-09-19 22:00,4,19,0.004,0.009,0.026,0.3
2021-09-19 23:00,6,18,0.003,0.008,0.023,0.3
2021-09-20 0:00,8,10,0.003,0.008,0.021,0.3
2021-09-20 1:00,15,24,0.004,0.008,0.015,0.3
2021-09-20 2:00,9,12,0.004,0.006,0.022,0.2
2021-09-20 3:00,4,13,0.004,0.004,0.035,0.2
2021-09-20 4:00,3,13,0.004,0.004,0.032,0.2
2021-09-20 5:00,6,10,0.004,0.005,0.026,0.2
2021-09-20 6:00,4,14,0.004,0.005,0.023,0.3
2021-09-20 7:00,6,11,0.003,0.006,0.02,0.3
2021-09-20 8:00,6,15,0.003,0.006,0.026,0.3
2021-09-20 9:00,5,13,0.003,0.005,0.033,0.3
2021-09-20 10:00,4,12,0.004,0.004,0.038,0.3
2021-09-20 11:00,4,11,0.004,0.004,0.04,0.2
2021-09-20 12:00,4,10,0.004,0.004,0.043,0.2
2021-09-20 13:00,3,15,0.004,0.003,0.045,0.2
2021-09-20 14:00,1,14,0.004,0.003,0.044,0.2
2021-09-20 15:00,4,13,0.003,0.003,0.042,0.2
2021-09-20 16:00,5,10,0.003,0.004,0.042,0.2
2021-09-20 17:00,4,8,0.003,0.004,0.042,0.2
2021-09-20 18:00,5,16,0.004,0.004,0.041,0.2
2021-09-20 19:00,5,13,0.004,0.005,0.037,0.2
2021-09-20 20:00,6,13,0.003,0.004,0.037,0.2
2021-09-20 21:00,8,10,0.003,0.004,0.036,0.2
2021-09-20 22:00,7,17,0.004,0.004,0.037,0.2
2021-09-20 23:00,8,22,0.004,0.004,0.038,0.2
2021-09-21 0:00,8,20,0.004,0.004,0.038,0.2
2021-09-21 1:00,13,20,0.004,0.004,0.037,0.2
2021-09-21 2:00,11,23,0.004,0.004,0.037,0.2
2021-09-21 3:00,12,19,0.004,0.004,0.038,0.2
2021-09-21 4:00,13,20,0.004,0.003,0.037,0.2
2021-09-21 5:00,11,21,0.004,0.003,0.035,0.2
2021-09-21 6:00,13,16,0.004,0.004,0.031,0.2
2021-09-21 7:00,11,17,0.004,0.004,0.028,0.2
2021-09-21 8:00,11,13,0.004,0.007,0.026,0.2
2021-09-21 9:00,7,10,0.004,0.005,0.027,0.2
2021-09-21 10:00,6,6,0.003,0.005,0.026,0.2
2021-09-21 11:00,,5,0.004,0.005,0.033,0.3
2021-09-21 12:00,7,9,0.003,0.005,0.041,0.3
2021-09-21 13:00,,8,0.003,0.005,0.041,0.3
2021-09-21 14:00,7,13,0.003,0.005,0.045,0.3
2021-09-21 15:00,10,15,0.004,0.004,0.047,0.3
2021-09-21 16:00,11,14,0.004,0.005,0.048,0.4
2021-09-21 17:00,12,20,0.004,0.005,0.044,0.4
2021-09-21 18:00,9,17,0.004,0.006,0.046,0.4
2021-09-21 19:00,,9,0.004,0.006,0.04,0.4
2021-09-21 20:00,13,19,0.004,0.006,0.037,0.3
2021-09-21 21:00,13,23,0.004,0.006,0.04,0.3
2021-09-21 22:00,11,21,0.004,0.006,0.043,0.3
2021-09-21 23:00,11,20,0.004,0.005,0.044,0.3
2021-09-22 0:00,8,19,0.004,0.005,0.046,0.3
2021-09-22 1:00,10,19,0.004,0.005,0.049,0.3
2021-09-22 2:00,12,22,0.004,0.004,0.052,0.3
2021-09-22 3:00,10,20,0.004,0.004,0.055,0.3
2021-09-22 4:00,6,10,0.004,0.004,0.057,0.2
2021-09-22 5:00,8,11,0.004,0.004,0.055,0.2
2021-09-22 6:00,8,10,0.004,0.004,0.052,0.2
2021-09-22 7:00,14,15,0.004,0.004,0.046,0.2
2021-09-22 8:00,10,17,0.004,0.005,0.043,0.3
2021-09-22 9:00,11,18,0.003,0.005,0.044,0.3
2021-09-22 10:00,8,18,0.003,0.005,0.046,0.3
2021-09-22 11:00,15,23,0.003,0.005,0.052,0.3
2021-09-22 12:00,15,28,0.003,0.005,0.054,0.3
2021-09-22 13:00,13,24,0.003,0.006,0.054,0.3
2021-09-22 14:00,8,16,0.004,0.005,0.062,0.3
2021-09-22 15:00,9,28,0.004,0.006,0.062,0.3
2021-09-22 16:00,11,22,0.004,0.006,0.063,0.3
2021-09-22 17:00,8,16,0.004,0.005,0.06,0.3
2021-09-22 18:00,13,20,0.004,0.006,0.055,0.3
2021-09-22 19:00,15,23,0.004,0.008,0.05,0.3
2021-09-22 20:00,11,26,0.003,0.008,0.046,0.3
2021-09-22 21:00,13,17,0.003,0.008,0.04,0.3
2021-09-22 22:00,9,17,0.003,0.007,0.039,0.3
2021-09-22 23:00,9,19,0.003,0.007,0.035,0.3
2021-09-23 0:00,9,18,0.003,0.006,0.036,0.3
2021-09-23 1:00,7,18,0.003,0.007,0.03,0.3
2021-09-23 2:00,10,19,0.003,0.006,0.026,0.3
2021-09-23 3:00,11,20,0.003,0.006,0.024,0.3
2021-09-23 4:00,9,13,0.003,0.006,0.024,0.2
2021-09-23 5:00,10,19,0.003,0.006,0.023,0.2
2021-09-23 6:00,11,22,0.003,0.006,0.024,0.2
2021-09-23 7:00,13,24,0.003,0.011,0.02,0.2
2021-09-23 8:00,12,26,0.003,0.012,0.025,0.2
2021-09-23 9:00,15,30,0.003,0.011,0.032,0.2
2021-09-23 10:00,12,19,0.003,0.007,0.042,0.2
2021-09-23 11:00,10,25,0.003,0.007,0.043,0.2
2021-09-23 12:00,11,19,0.003,0.008,0.046,0.2
2021-09-23 13:00,8,20,0.003,0.007,0.051,0.2
2021-09-23 14:00,,,,,,
2021-09-23 15:00,8,,,,,
2021-09-23 16:00,13,30,,,,
2021-09-23 17:00,13,25,,,,
2021-09-23 18:00,11,26,,,,
2021-09-23 19:00,14,28,0.003,0.011,0.044,0.2
2021-09-23 20:00,11,20,0.003,0.016,0.029,0.1
2021-09-23 21:00,12,22,0.003,0.015,0.025,0.1
2021-09-23 22:00,11,20,0.003,0.012,0.025,0.1
2021-09-23 23:00,11,20,0.003,0.011,0.025,0.1
2021-09-24 0:00,12,21,0.003,0.01,0.026,0.1
2021-09-24 1:00,13,20,0.003,0.01,0.026,0.1
2021-09-24 2:00,13,24,0.003,0.009,0.024,0.1
2021-09-24 3:00,16,30,0.003,0.01,0.02,0.2
2021-09-24 4:00,14,25,0.003,0.01,0.016,0.1
2021-09-24 5:00,12,25,0.003,0.011,0.016,0.1
2021-09-24 6:00,11,24,0.004,0.013,0.014,0.1
2021-09-24 7:00,12,25,0.004,0.011,0.006,0.2
2021-09-24 8:00,17,31,0.004,0.013,0.007,0.2
2021-09-24 9:00,17,35,0.004,0.013,0.011,0.2
2021-09-24 10:00,17,32,0.004,0.015,0.022,0.4
2021-09-24 11:00,12,23,0.004,0.011,0.037,0.3
2021-09-24 12:00,14,26,0.004,0.009,0.045,0.2
2021-09-24 13:00,9,17,0.003,0.006,0.049,0.2
2021-09-24 14:00,11,17,0.003,0.005,0.053,0.2
2021-09-24 15:00,10,15,0.003,0.006,0.055,0.2
2021-09-24 16:00,10,15,0.003,0.005,0.055,0.2
2021-09-24 17:00,8,15,0.003,0.005,0.05,0.2
2021-09-24 18:00,11,15,0.003,0.008,0.047,0.2
2021-09-24 19:00,10,18,0.003,0.01,0.039,0.2
2021-09-24 20:00,12,18,0.003,0.01,0.03,0.2
2021-09-24 21:00,10,16,0.003,0.009,0.026,0.2
2021-09-24 22:00,11,13,0.003,0.009,0.023,0.2
2021-09-24 23:00,10,13,0.003,0.01,0.021,0.2
2021-09-25 0:00,9,11,0.003,0.011,0.016,0.1
2021-09-25 1:00,6,9,0.003,0.01,0.014,0.2
2021-09-25 2:00,7,11,0.003,0.01,0.011,0.2
2021-09-25 3:00,8,18,0.003,0.01,0.011,0.2
2021-09-25 4:00,8,12,0.003,0.009,0.009,0.2
2021-09-25 5:00,8,16,0.003,0.01,0.007,0.2
2021-09-25 6:00,7,16,0.003,0.011,0.006,0.2
2021-09-25 7:00,8,20,0.003,0.011,0.009,0.2
2021-09-25 8:00,9,23,0.003,0.013,0.008,0.2
2021-09-25 9:00,9,19,0.003,0.009,0.013,0.2
2021-09-25 10:00,7,14,0.003,0.007,0.019,0.2
2021-09-25 11:00,8,10,0.003,0.007,0.027,0.2
2021-09-25 12:00,12,19,0.003,0.008,0.025,0.1
2021-09-25 13:00,9,12,0.003,0.006,0.028,0.1
2021-09-25 14:00,6,12,0.003,0.005,0.029,0.1
2021-09-25 15:00,9,10,0.003,0.005,0.027,0.1
2021-09-25 16:00,13,18,0.003,0.009,0.02,0.2
2021-09-25 17:00,9,11,0.003,0.011,0.021,0.2
2021-09-25 18:00,9,17,0.003,0.012,0.017,0.2
2021-09-25 19:00,,11,0.003,0.01,0.019,0.2
2021-09-25 20:00,9,16,0.003,0.009,0.022,0.2
2021-09-25 21:00,13,18,0.003,0.008,0.022,0.2
2021-09-25 22:00,,12,0.003,0.01,0.018,0.2
2021-09-25 23:00,12,13,0.003,0.01,0.016,0.2
2021-09-26 0:00,8,15,0.003,0.009,0.015,0.2
2021-09-26 1:00,11,14,0.003,0.008,0.014,0.2
2021-09-26 2:00,9,17,0.003,0.008,0.012,0.2
2021-09-26 3:00,8,11,0.003,0.007,0.012,0.2
2021-09-26 4:00,7,9,0.003,0.009,0.018,0.2
2021-09-26 5:00,10,16,0.003,0.009,0.013,0.2
2021-09-26 6:00,11,19,0.003,0.009,0.01,0.2
2021-09-26 7:00,10,16,0.003,0.011,0.008,0.2
2021-09-26 8:00,7,17,0.003,0.009,0.01,0.2
2021-09-26 9:00,10,16,0.003,0.01,0.02,0.2
2021-09-26 10:00,7,15,0.004,0.01,0.025,0.2
2021-09-26 11:00,10,20,0.004,0.008,0.03,0.3
2021-09-26 12:00,7,15,0.004,0.008,0.033,0.3
2021-09-26 13:00,,7,0.004,0.007,0.035,0.3
2021-09-26 14:00,11,12,0.004,0.006,0.039,0.3
2021-09-26 15:00,7,11,0.003,0.006,0.042,0.3
2021-09-26 16:00,10,12,0.003,0.006,0.042,0.3
2021-09-26 17:00,10,17,0.003,0.006,0.041,0.3
2021-09-26 18:00,7,11,0.003,0.007,0.033,0.3
2021-09-26 19:00,7,17,0.003,0.014,0.019,0.3
2021-09-26 20:00,8,14,0.003,0.014,0.018,0.3
2021-09-26 21:00,8,17,0.003,0.01,0.022,0.3
2021-09-26 22:00,9,18,0.003,0.008,0.028,0.4
2021-09-26 23:00,,7,0.003,0.009,0.026,0.4
2021-09-27 0:00,9,9,0.003,0.012,0.022,0.4
2021-09-27 1:00,5,14,0.003,0.01,0.021,0.4
2021-09-27 2:00,6,9,0.003,0.01,0.018,0.4
2021-09-27 3:00,8,9,0.003,0.011,0.015,0.4
2021-09-27 4:00,8,9,0.003,0.01,0.018,0.4
2021-09-27 5:00,10,12,0.003,0.01,0.016,0.3
2021-09-27 6:00,7,13,0.003,0.012,0.01,0.3
2021-09-27 7:00,9,12,0.003,0.014,0.009,0.3
2021-09-27 8:00,8,14,0.004,0.016,0.013,0.4
2021-09-27 9:00,10,18,0.004,0.013,0.018,0.3
2021-09-27 10:00,8,10,0.003,0.013,0.02,0.4
2021-09-27 11:00,7,17,0.003,0.01,0.026,0.3
2021-09-27 12:00,7,14,0.003,0.006,0.034,0.3
2021-09-27 13:00,,9,0.003,0.004,0.04,0.2
2021-09-27 14:00,8,10,0.003,0.004,0.04,0.2
2021-09-27 15:00,5,11,0.003,0.004,0.039,0.2
2021-09-27 16:00,5,11,0.003,0.006,0.036,0.2
2021-09-27 17:00,7,10,0.003,0.008,0.032,0.2
2021-09-27 18:00,9,10,0.003,0.012,0.025,0.2
2021-09-27 19:00,9,10,0.003,0.018,0.014,0.2
2021-09-27 20:00,11,15,0.003,0.014,0.017,0.2
2021-09-27 21:00,9,15,0.003,0.009,0.021,0.2
2021-09-27 22:00,9,11,0.003,0.008,0.022,0.2
2021-09-27 23:00,10,13,0.003,0.008,0.021,0.2
2021-09-28 0:00,11,16,0.003,0.009,0.02,0.2
2021-09-28 1:00,12,12,0.003,0.006,0.026,0.2
2021-09-28 2:00,9,12,0.003,0.006,0.024,0.2
2021-09-28 3:00,10,10,0.003,0.008,0.019,0.2
2021-09-28 4:00,10,11,0.003,0.006,0.022,0.1
2021-09-28 5:00,8,10,0.003,0.006,0.023,0.1
2021-09-28 6:00,7,10,0.003,0.008,0.022,0.1
2021-09-28 7:00,9,9,0.003,0.007,0.022,0.2
2021-09-28 8:00,8,11,0.003,0.011,0.019,0.2
2021-09-28 9:00,9,16,0.003,0.011,0.018,0.3
2021-09-28 10:00,8,14,0.003,0.012,0.021,0.3
2021-09-28 11:00,6,16,0.003,0.008,0.03,0.2
2021-09-28 12:00,9,17,0.003,0.006,0.036,0.2
2021-09-28 13:00,10,16,0.003,0.006,0.036,0.2
2021-09-28 14:00,9,14,0.003,0.005,0.04,0.2
2021-09-28 15:00,7,12,0.003,0.005,0.039,0.2
2021-09-28 16:00,9,15,0.003,0.006,0.036,0.2
2021-09-28 17:00,9,18,0.003,0.006,0.034,0.1
2021-09-28 18:00,12,15,0.003,0.008,0.03,0.2
2021-09-28 19:00,13,16,0.003,0.009,0.026,0.2
2021-09-28 20:00,,11,0.003,0.012,0.02,0.2
2021-09-28 21:00,11,12,0.003,0.009,0.025,0.2
2021-09-28 22:00,11,17,0.003,0.009,0.016,0.2
2021-09-28 23:00,15,15,0.003,0.007,0.022,0.2
2021-09-29 0:00,,8,0.003,0.005,0.028,0.2
2021-09-29 1:00,6,6,0.003,0.004,0.028,0.2
2021-09-29 2:00,,8,0.003,0.004,0.026,0.2
2021-09-29 3:00,9,11,0.003,0.004,0.026,0.2
2021-09-29 4:00,,8,0.003,0.004,0.025,0.2
2021-09-29 5:00,8,14,0.004,0.005,0.023,0.2
2021-09-29 6:00,9,12,0.004,0.005,0.023,0.2
2021-09-29 7:00,12,12,0.003,0.006,0.023,0.2
2021-09-29 8:00,11,13,0.003,0.006,0.022,0.2
2021-09-29 9:00,19,26,0.004,0.014,0.011,0.3
2021-09-29 10:00,19,26,0.004,0.017,0.009,0.3
2021-09-29 11:00,,8,0.004,0.016,0.016,0.2
2021-09-29 12:00,,7,0.004,0.009,0.029,0.2
2021-09-29 13:00,,8,0.003,0.009,0.029,0.2
2021-09-29 14:00,,7,0.003,0.011,0.03,0.2
2021-09-29 15:00,,4,0.003,0.009,0.035,0.2
2021-09-29 16:00,,4,0.003,0.011,0.035,0.2
2021-09-29 17:00,14,24,0.003,0.011,0.035,0.2
2021-09-29 18:00,13,16,0.004,0.011,0.034,0.2
2021-09-29 19:00,15,16,0.004,0.018,0.022,0.2
2021-09-29 20:00,20,20,0.004,0.016,0.018,0.2
2021-09-29 21:00,17,18,0.004,0.013,0.02,0.2
2021-09-29 22:00,20,25,0.004,0.011,0.02,0.2
2021-09-29 23:00,17,23,0.004,0.01,0.017,0.3
2021-09-30 0:00,21,26,0.004,0.01,0.016,0.2
2021-09-30 1:00,22,27,0.003,0.009,0.014,0.2
2021-09-30 2:00,,16,0.003,0.008,0.014,0.2
2021-09-30 3:00,21,27,0.004,0.008,0.013,0.2
2021-09-30 4:00,24,29,0.004,0.008,0.016,0.2
2021-09-30 5:00,27,33,0.003,0.007,0.021,0.2
2021-09-30 6:00,15,17,0.003,0.006,0.026,0.2
2021-09-30 7:00,18,29,0.003,0.01,0.017,0.2
2021-09-30 8:00,16,20,0.003,0.008,0.019,0.2
2021-09-30 9:00,12,19,0.003,0.008,0.021,0.2
2021-09-30 10:00,,14,0.003,0.007,0.023,0.2
2021-09-30 11:00,13,16,0.004,0.007,0.024,0.2
2021-09-30 12:00,16,22,0.004,0.006,0.028,0.2
2021-09-30 13:00,15,18,0.004,0.006,0.036,0.1
2021-09-30 14:00,12,17,0.004,0.005,0.043,0.1
2021-09-30 15:00,,,,,,
2021-09-30 16:00,,,,,,
2021-09-30 17:00,8,19,,,,
2021-09-30 18:00,7,18,0.003,0.007,0.043,0.2
2021-09-30 19:00,10,23,0.003,0.022,0.022,0.3
2021-09-30 20:00,7,19,0.003,0.019,0.019,0.3
2021-09-30 21:00,7,25,0.003,0.019,0.018,0.3
2021-09-30 22:00,9,22,0.003,0.015,0.019,0.3
2021-09-30 23:00,11,17,0.003,0.013,0.019,0.3
2021-10-01 0:00,9,16,0.003,0.012,0.018,0.3
2021-10-01 1:00,16,22,0.003,0.01,0.014,0.3
2021-10-01 2:00,6,20,0.003,0.008,0.014,0.3
2021-10-01 3:00,8,24,0.003,0.008,0.01,0.3
2021-10-01 4:00,13,23,0.003,0.008,0.006,0.3
2021-10-01 5:00,10,15,0.003,0.009,0.006,0.3
2021-10-01 6:00,12,18,0.003,0.009,0.007,0.3
2021-10-01 7:00,14,17,0.003,0.009,0.007,0.3
2021-10-01 8:00,17,27,0.003,0.01,0.007,0.3
2021-10-01 9:00,12,18,0.003,0.009,0.012,0.3
2021-10-01 10:00,11,24,0.003,0.008,0.014,0.2
2021-10-01 11:00,19,34,0.003,0.009,0.025,0.2
2021-10-01 12:00,19,23,0.002,0.007,0.036,0.2
2021-10-01 13:00,12,29,0.003,0.006,0.045,0.2
2021-10-01 14:00,12,27,0.003,0.005,0.053,0.2
2021-10-01 15:00,16,40,0.003,0.007,0.069,0.2
2021-10-01 16:00,21,48,0.003,0.007,0.08,0.3
2021-10-01 17:00,21,42,0.003,0.009,0.072,0.3
2021-10-01 18:00,22,36,0.003,0.026,0.038,0.3
2021-10-01 19:00,23,41,0.002,0.026,0.027,0.3
2021-10-01 20:00,19,45,0.003,0.024,0.029,0.3
2021-10-01 21:00,31,49,0.003,0.021,0.03,0.4
2021-10-01 22:00,42,67,0.003,0.018,0.031,0.5
2021-10-01 23:00,36,56,0.003,0.012,0.043,0.5
2021-10-02 0:00,22,38,0.001,0.006,0.054,0.3
2021-10-02 1:00,3,13,0,0.004,0.052,0.2
2021-10-02 2:00,6,9,0.001,0.004,0.048,0.2
2021-10-02 3:00,8,14,0.001,0.004,0.039,0.2
2021-10-02 4:00,8,16,0.001,0.005,0.031,0.2
2021-10-02 5:00,8,15,0.001,0.005,0.037,0.2
2021-10-02 6:00,9,21,0.001,0.006,0.037,0.2
2021-10-02 7:00,9,18,0.001,0.009,0.029,0.2
2021-10-02 8:00,9,23,0.001,0.012,0.025,0.2
2021-10-02 9:00,12,22,0.001,0.013,0.024,0.3
2021-10-02 10:00,8,23,0.001,0.01,0.036,0.3
2021-10-02 11:00,11,20,0.002,0.008,0.046,0.3
2021-10-02 12:00,14,26,0.001,0.007,0.059,0.3
2021-10-02 13:00,16,27,0.001,0.006,0.068,0.3
2021-10-02 14:00,15,27,0.001,0.006,0.07,0.3
2021-10-02 15:00,16,29,0.001,0.005,0.069,0.3
2021-10-02 16:00,14,30,0.001,0.006,0.069,0.3
2021-10-02 17:00,16,30,0.001,0.006,0.065,0.3
2021-10-02 18:00,16,26,0.001,0.011,0.046,0.4
2021-10-02 19:00,16,34,0.001,0.014,0.031,0.3
2021-10-02 20:00,18,36,0.001,0.013,0.031,0.4
2021-10-02 21:00,15,33,0,0.012,0.032,0.4
2021-10-02 22:00,19,27,0.001,0.01,0.029,0.4
2021-10-02 23:00,18,31,0,0.008,0.028,0.4
2021-10-03 0:00,18,27,0,0.007,0.031,0.3
2021-10-03 1:00,21,40,0,0.006,0.029,0.3
2021-10-03 2:00,19,27,0,0.006,0.027,0.3
2021-10-03 3:00,18,31,0,0.005,0.028,0.3
2021-10-03 4:00,20,35,0,0.005,0.026,0.3
2021-10-03 5:00,18,36,0,0.005,0.026,0.3
2021-10-03 6:00,17,27,0,0.005,0.025,0.4
2021-10-03 7:00,17,22,0,0.006,0.021,0.3
2021-10-03 8:00,19,27,0,0.006,0.02,0.4
2021-10-03 9:00,14,27,,0.006,0.023,0.4
2021-10-03 10:00,22,28,,0.006,0.021,0.4
2021-10-03 11:00,13,24,,0.006,0.033,0.4
2021-10-03 12:00,14,24,,0.006,0.04,0.4
2021-10-03 13:00,14,27,,0.005,0.052,0.4
2021-10-03 14:00,12,28,,0.005,0.06,0.3
2021-10-03 15:00,12,31,,0.005,0.065,0.4
2021-10-03 16:00,12,29,,0.006,0.065,0.3
2021-10-03 17:00,12,29,0.002,0.008,0.054,0.3
2021-10-03 18:00,13,26,0.002,0.011,0.035,0.4
2021-10-03 19:00,14,28,0.002,0.013,0.033,0.4
2021-10-03 20:00,14,31,0.002,0.013,0.034,0.4
2021-10-03 21:00,15,35,0.002,0.011,0.033,0.4
2021-10-03 22:00,19,35,0.002,0.006,0.039,0.4
2021-10-03 23:00,19,35,0.002,0.005,0.037,0.4
2021-10-04 0:00,19,35,0.002,0.006,0.024,0.4
2021-10-04 1:00,19,35,0.002,0.007,0.016,0.5
2021-10-04 2:00,22,33,0.002,0.007,0.019,0.4
2021-10-04 3:00,18,39,0.002,0.005,0.018,0.3
2021-10-04 4:00,18,37,0.002,0.006,0.025,0.4
2021-10-04 5:00,17,39,0.002,0.006,0.016,0.4
2021-10-04 6:00,20,35,0.002,0.01,0.023,0.4
2021-10-04 7:00,19,41,0.002,0.011,0.01,0.4
2021-10-04 8:00,23,43,0.002,0.012,0.008,0.5
2021-10-04 9:00,23,42,0.002,0.015,0.014,0.5
2021-10-04 10:00,21,35,0.002,0.009,0.027,0.4
2021-10-04 11:00,15,40,0.002,0.009,0.032,0.4
2021-10-04 12:00,19,38,0.002,0.006,0.037,0.4
2021-10-04 13:00,23,43,0.002,0.007,0.043,0.4
2021-10-04 14:00,16,50,0.002,0.006,0.048,0.3
2021-10-04 15:00,23,48,0.002,0.007,0.046,0.4
2021-10-04 16:00,21,45,0.002,0.009,0.042,0.4
2021-10-04 17:00,15,41,0.002,0.007,0.039,0.3
2021-10-04 18:00,17,31,0.002,0.006,0.038,0.3
2021-10-04 19:00,14,40,0.004,0.01,0.029,0.3
2021-10-04 20:00,13,30,0.004,0.012,0.026,0.3
2021-10-04 21:00,13,30,0.004,0.006,0.033,0.3
2021-10-04 22:00,17,27,0.004,0.005,0.035,0.3
2021-10-04 23:00,15,36,0.004,0.004,0.036,0.3
2021-10-05 0:00,17,38,0.004,0.003,0.039,0.3
2021-10-05 1:00,18,44,0.004,0.004,0.039,0.3
2021-10-05 2:00,16,43,0.004,0.004,0.037,0.3
2021-10-05 3:00,20,45,0.004,0.004,0.037,0.2
2021-10-05 4:00,16,42,0.004,0.005,0.036,0.3
2021-10-05 5:00,19,37,0.004,0.005,0.032,0.3
2021-10-05 6:00,13,30,0.004,0.011,0.013,0.4
2021-10-05 7:00,19,32,0.004,0.017,0.008,0.4
2021-10-05 8:00,16,35,0.004,0.018,0.012,0.5
2021-10-05 9:00,14,38,0.004,0.009,0.032,0.4
2021-10-05 10:00,16,36,0.004,0.006,0.041,0.4
2021-10-05 11:00,16,38,0.004,0.006,0.045,0.3
2021-10-05 12:00,15,37,0.004,0.007,0.048,0.3
2021-10-05 13:00,17,40,0.004,0.005,0.054,0.3
2021-10-05 14:00,14,35,0.004,0.005,0.056,0.3
2021-10-05 15:00,15,39,0.004,0.005,0.058,0.3
2021-10-05 16:00,13,39,0.004,0.006,0.057,0.2
2021-10-05 17:00,15,35,0.004,0.007,0.056,0.3
2021-10-05 18:00,10,37,0.004,0.011,0.048,0.3
2021-10-05 19:00,10,34,0.003,0.019,0.027,0.3
2021-10-05 20:00,21,38,0.004,0.023,0.019,0.4
2021-10-05 21:00,19,35,0.004,0.019,0.018,0.4
2021-10-05 22:00,16,32,0.004,0.018,0.017,0.4
2021-10-05 23:00,17,37,0.004,0.014,0.021,0.4
2021-10-06 0:00,16,31,0.004,0.012,0.019,0.4
2021-10-06 1:00,18,31,0.004,0.009,0.022,0.4
2021-10-06 2:00,17,18,0.004,0.008,0.021,0.4
2021-10-06 3:00,17,26,0.004,0.01,0.019,0.2
2021-10-06 4:00,16,28,0.004,0.008,0.02,0.4
2021-10-06 5:00,18,30,0.004,0.008,0.023,0.4
2021-10-06 6:00,18,29,0.004,0.011,0.017,0.4
2021-10-06 7:00,19,32,0.004,0.013,0.015,0.4
2021-10-06 8:00,12,12,0.004,0.011,0.017,0.4
2021-10-06 9:00,7,7,0.004,0.012,0.018,0.5
2021-10-06 10:00,,6,0.004,0.011,0.019,0.4
2021-10-06 11:00,5,42,0.004,0.009,0.024,0.4
2021-10-06 12:00,7,14,0.004,0.009,0.024,0.4
2021-10-06 13:00,7,10,0.004,0.009,0.024,0.4
2021-10-06 14:00,6,14,0.004,0.009,0.024,0.4
2021-10-06 15:00,6,10,0.004,0.009,0.025,0.4
2021-10-06 16:00,5,11,0.004,0.009,0.025,0.5
2021-10-06 17:00,9,11,0.004,0.011,0.023,0.6
2021-10-06 18:00,9,9,0.004,0.012,0.02,0.6
2021-10-06 19:00,8,15,0.004,0.012,0.02,0.5
2021-10-06 20:00,10,17,0.004,0.011,0.02,0.5
2021-10-06 21:00,,,,,,
2021-10-06 22:00,5,10,,,,
2021-10-06 23:00,5,10,0.002,0.012,0.014,0.3
2021-10-07 0:00,4,11,0.002,0.009,0.014,0.3
2021-10-07 1:00,8,11,0.002,0.009,0.013,0.3
2021-10-07 2:00,5,12,0.002,0.007,0.017,0.2
2021-10-07 3:00,0,11,0.002,0.004,0.029,0.2
2021-10-07 4:00,,6,0.002,0.004,0.032,0.2
2021-10-07 5:00,,5,0.002,0.004,0.028,0.2
2021-10-07 6:00,,,0.002,0.007,0.021,0.2
2021-10-07 7:00,0,,0.002,0.013,0.013,0.2
2021-10-07 8:00,1,,0.002,0.018,0.01,0.3
2021-10-07 9:00,4,,0.002,0.017,0.012,0.3
2021-10-07 10:00,,,0.002,0.01,0.026,0.3
2021-10-07 11:00,,,0.002,0.01,0.03,0.3
2021-10-07 12:00,,,0.002,0.011,0.033,0.4
2021-10-07 13:00,17,28,0.002,0.012,0.031,0.4
2021-10-07 14:00,15,16,0.002,0.01,0.035,0.3
2021-10-07 15:00,11,15,0.002,0.01,0.035,0.3
2021-10-07 16:00,12,13,0.002,0.009,0.037,0.3
2021-10-07 17:00,11,20,0.002,0.007,0.038,0.2
2021-10-07 18:00,12,20,0.002,0.007,0.036,0.2
2021-10-07 19:00,13,22,0.002,0.013,0.026,0.3
2021-10-07 20:00,15,23,0.002,0.013,0.02,0.3
2021-10-07 21:00,17,23,0.002,0.013,0.016,0.3
2021-10-07 22:00,14,30,0.001,0.013,0.017,0.3
2021-10-07 23:00,16,30,0.001,0.01,0.021,0.3
2021-10-08 0:00,17,28,0.002,0.009,0.022,0.3
2021-10-08 1:00,10,30,0.001,0.009,0.019,0.3
2021-10-08 2:00,16,27,0.002,0.007,0.017,0.3
2021-10-08 3:00,18,34,0.001,0.008,0.015,0.2
2021-10-08 4:00,18,34,0.002,0.008,0.013,0.3
2021-10-08 5:00,21,39,0.001,0.009,0.015,0.3
2021-10-08 6:00,18,28,0.001,0.009,0.014,0.3
2021-10-08 7:00,17,27,0.001,0.012,0.01,0.4
2021-10-08 8:00,15,28,0.001,0.011,0.011,0.3
2021-10-08 9:00,17,34,0.001,0.013,0.01,0.4
2021-10-08 10:00,14,29,0.001,0.012,0.018,0.3
2021-10-08 11:00,17,26,0.001,0.013,0.017,0.4
2021-10-08 12:00,24,37,0.001,0.015,0.014,0.5
2021-10-08 13:00,27,45,0.002,0.014,0.016,0.5
2021-10-08 14:00,26,31,0.002,0.015,0.019,0.5
2021-10-08 15:00,31,44,0.002,0.015,0.017,0.5
2021-10-08 16:00,27,45,0.002,0.015,0.017,0.5
2021-10-08 17:00,22,45,0.001,0.017,0.013,0.5
2021-10-08 18:00,23,38,0.001,0.017,0.008,0.5
2021-10-08 19:00,17,30,0.001,0.017,0.009,0.5
2021-10-08 20:00,14,31,0.001,0.017,0.01,0.5
2021-10-08 21:00,22,35,0.001,0.021,0.008,0.5
2021-10-08 22:00,21,35,0.001,0.02,0.007,0.5
2021-10-08 23:00,16,35,0.002,0.019,0.007,0.6
2021-10-09 0:00,19,27,0.002,0.019,0.007,0.6
2021-10-09 1:00,23,27,0.002,0.017,0.008,0.5
2021-10-09 2:00,18,35,0.002,0.015,0.007,0.5
2021-10-09 3:00,17,33,0.002,0.016,0.009,0.5
2021-10-09 4:00,16,32,0.002,0.016,0.009,0.5
2021-10-09 5:00,12,32,0.001,0.014,0.007,0.5
2021-10-09 6:00,19,35,0.001,0.01,0.006,0.4
2021-10-09 7:00,16,34,0.002,0.011,0.007,0.5
2021-10-09 8:00,12,27,0.002,0.013,0.009,0.5
2021-10-09 9:00,10,21,0.002,0.013,0.012,0.5
2021-10-09 10:00,11,23,0.002,0.012,0.015,0.5
2021-10-09 11:00,9,26,0.002,0.012,0.015,0.5
2021-10-09 12:00,10,16,0.001,0.01,0.023,0.5
2021-10-09 13:00,8,15,0.001,0.009,0.032,0.4
2021-10-09 14:00,6,13,0.001,0.007,0.04,0.4
2021-10-09 15:00,6,17,0.001,0.005,0.046,0.3
2021-10-09 16:00,9,23,0.001,0.005,0.045,0.3
2021-10-09 17:00,11,18,0.002,0.007,0.041,0.5
2021-10-09 18:00,13,24,0.002,0.008,0.038,0.5
2021-10-09 19:00,11,25,0.001,0.011,0.028,0.4
2021-10-09 20:00,13,25,0.002,0.01,0.027,0.4
2021-10-09 21:00,14,22,0.001,0.01,0.021,0.4
2021-10-09 22:00,12,23,0.001,0.011,0.017,0.5
2021-10-09 23:00,13,20,0.002,0.008,0.018,0.4
2021-10-10 0:00,15,24,0.001,0.007,0.017,0.4
2021-10-10 1:00,17,31,0.001,0.005,0.018,0.4
2021-10-10 2:00,10,19,0.002,0.005,0.023,0.4
2021-10-10 3:00,12,24,0.002,0.004,0.023,0.4
2021-10-10 4:00,9,23,0.002,0.005,0.025,0.4
2021-10-10 5:00,18,27,0.002,0.004,0.024,0.4
2021-10-10 6:00,15,25,0.002,0.004,0.023,0.3
2021-10-10 7:00,17,27,0.002,0.005,0.023,0.4
2021-10-10 8:00,15,26,0.002,0.007,0.019,0.4
2021-10-10 9:00,16,28,0.002,0.006,0.026,0.4
2021-10-10 10:00,19,24,0.002,0.005,0.037,0.4
2021-10-10 11:00,15,25,0.002,0.005,0.047,0.3
2021-10-10 12:00,16,26,0.003,0.005,0.049,0.4
2021-10-10 13:00,17,28,0.003,0.005,0.052,0.4
2021-10-10 14:00,,27,0.002,0.005,0.05,0.3
2021-10-10 15:00,16,29,0.002,0.006,0.045,0.3
2021-10-10 16:00,17,29,0.002,0.007,0.039,0.3
2021-10-10 17:00,17,27,0.002,0.006,0.038,0.3
2021-10-10 18:00,16,29,0.002,0.006,0.037,0.3
2021-10-10 19:00,,7,0.002,0.006,0.033,0.4
2021-10-10 20:00,7,11,0.002,0.006,0.029,0.4
2021-10-10 21:00,4,8,0.002,0.006,0.034,0.4
2021-10-10 22:00,4,20,0.002,0.004,0.04,0.4
2021-10-10 23:00,11,21,0.001,0.004,0.04,0.4
2021-10-11 0:00,15,25,0.002,0.004,0.04,0.4
2021-10-11 1:00,20,32,0.002,0.004,0.04,0.4
2021-10-11 2:00,14,34,0.001,0.004,0.037,0.4
2021-10-11 3:00,15,31,0.002,0.004,0.033,0.4
2021-10-11 4:00,12,28,0.002,0.005,0.029,0.4
2021-10-11 5:00,14,30,0.001,0.005,0.027,0.4
2021-10-11 6:00,16,37,0.001,0.005,0.026,0.4
2021-10-11 7:00,15,33,0.002,0.006,0.022,0.4
2021-10-11 8:00,14,29,0.002,0.01,0.022,0.4
2021-10-11 9:00,12,30,0.001,0.01,0.023,0.4
2021-10-11 10:00,17,33,0.001,0.009,0.025,0.4
2021-10-11 11:00,14,31,0.001,0.006,0.032,0.3
2021-10-11 12:00,15,31,0.002,0.007,0.036,0.3
2021-10-11 13:00,15,36,0.002,0.006,0.036,0.4
2021-10-11 14:00,17,37,0.001,0.006,0.038,0.4
2021-10-11 15:00,12,27,0.001,0.006,0.037,0.4
2021-10-11 16:00,10,26,0.001,0.008,0.032,0.4
2021-10-11 17:00,12,30,0.001,0.01,0.028,0.4
2021-10-11 18:00,12,24,0.001,0.011,0.023,0.4
2021-10-11 19:00,9,26,0.001,0.011,0.019,0.4
2021-10-11 20:00,10,23,0.001,0.011,0.021,0.4
2021-10-11 21:00,9,28,0.001,0.011,0.022,0.4
2021-10-11 22:00,7,17,0.001,0.01,0.023,0.4
2021-10-11 23:00,6,14,0.001,0.01,0.022,0.4
2021-10-12 0:00,8,16,0.001,0.011,0.021,0.4
2021-10-12 1:00,7,14,0.001,0.009,0.024,0.4
2021-10-12 2:00,6,13,0.001,0.009,0.024,0.4
2021-10-12 3:00,5,12,0.001,0.008,0.024,0.4
2021-10-12 4:00,5,15,0.001,0.008,0.026,0.4
2021-10-12 5:00,5,16,0.001,0.006,0.031,0.4
2021-10-12 6:00,6,15,0.001,0.006,0.031,0.3
2021-10-12 7:00,7,11,0.001,0.008,0.031,0.3
2021-10-12 8:00,7,7,0.001,0.008,0.032,0.4
2021-10-12 9:00,,,0.001,0.008,0.032,0.4
2021-10-12 10:00,,,,,,
2021-10-12 11:00,,,,,,
2021-10-12 12:00,,,,,,
2021-10-12 13:00,,,,,,
2021-10-12 14:00,,,,,,
2021-10-12 15:00,,,,,,
2021-10-12 16:00,,,,,,
2021-10-12 17:00,,,,,,
2021-10-12 18:00,7,15,,,,
2021-10-12 19:00,5,23,0.001,0.006,0.025,0.3
2021-10-12 20:00,3,21,0.001,0.005,0.027,0.3
2021-10-12 21:00,5,15,0.002,0.007,0.021,0.3
2021-10-12 22:00,7,16,0.002,0.007,0.018,0.3
2021-10-12 23:00,5,16,0.002,0.007,0.016,0.3
2021-10-13 0:00,7,14,0.002,0.006,0.015,0.3
2021-10-13 1:00,7,21,0.002,0.005,0.014,0.3
2021-10-13 2:00,8,25,0.002,0.005,0.01,0.3
2021-10-13 3:00,8,19,0.002,0.005,0.009,0.3
2021-10-13 4:00,12,27,0.003,0.006,0.007,0.3
2021-10-13 5:00,10,27,0.003,0.006,0.006,0.3
2021-10-13 6:00,9,29,0.003,0.007,0.004,0.3
2021-10-13 7:00,10,28,0.003,0.007,0.002,0.3
2021-10-13 8:00,11,31,0.003,0.008,0.004,0.4
2021-10-13 9:00,9,23,0.003,0.006,0.013,0.3
2021-10-13 10:00,10,27,0.003,0.007,0.018,0.4
2021-10-13 11:00,7,22,0.003,0.004,0.03,0.3
2021-10-13 12:00,6,15,0.002,0.003,0.033,0.3
2021-10-13 13:00,5,17,0.001,0.002,0.037,0.3
2021-10-13 14:00,3,12,0.001,0.001,0.04,0.3
2021-10-13 15:00,4,17,0.001,0.002,0.04,0.3
2021-10-13 16:00,4,14,0.001,0.001,0.04,0.3
2021-10-13 17:00,6,13,0.001,0.001,0.038,0.4
2021-10-13 18:00,6,,0.001,0.002,0.034,0.4
2021-10-13 19:00,8,,0.001,0.007,0.027,0.4
2021-10-13 20:00,6,,0.001,0.002,0.03,0.4
2021-10-13 21:00,5,,0.001,0.003,0.026,0.4
2021-10-13 22:00,6,,0.001,0.004,0.021,0.4
2021-10-13 23:00,8,,0.001,0.006,0.015,0.3
2021-10-14 0:00,5,,0.001,0.003,0.02,0.4
2021-10-14 1:00,5,,0.001,0.003,0.021,0.4
2021-10-14 2:00,5,,0.001,0.003,0.019,0.3
2021-10-14 3:00,7,,0.001,0.002,0.02,0.3
2021-10-14 4:00,6,,0.001,0.003,0.016,0.3
2021-10-14 5:00,5,,0.001,0.006,0.012,0.3
2021-10-14 6:00,5,,0.001,0.007,0.012,0.4
2021-10-14 7:00,5,,0.001,0.011,0.008,0.4
2021-10-14 8:00,6,,0.001,0.013,0.006,0.5
2021-10-14 9:00,7,,0.001,0.01,0.012,0.4
2021-10-14 10:00,7,,0.001,0.004,0.025,0.4
2021-10-14 11:00,6,,0.001,0.004,0.032,0.4
2021-10-14 12:00,8,,0.001,0.005,0.042,0.4
2021-10-14 13:00,14,,0.001,0.005,0.05,0.4
2021-10-14 14:00,16,,0.001,0.003,0.063,0.4
2021-10-14 15:00,23,45,0.002,0.005,0.071,0.4
2021-10-14 16:00,19,41,0.002,0.004,0.073,0.4
2021-10-14 17:00,13,35,0.002,0.005,0.07,0.4
2021-10-14 18:00,16,38,0.002,0.006,0.063,0.4
2021-10-14 19:00,24,51,0.002,0.014,0.042,0.5
2021-10-14 20:00,21,44,0.002,0.017,0.029,0.4
2021-10-14 21:00,17,33,0.001,0.016,0.022,0.4
2021-10-14 22:00,15,33,0.001,0.014,0.019,0.4
2021-10-14 23:00,14,33,0.001,0.013,0.016,0.4
2021-10-15 0:00,16,33,0.001,0.008,0.021,0.4
2021-10-15 1:00,18,28,0.001,0.007,0.019,0.4
2021-10-15 2:00,13,26,0.001,0.006,0.02,0.3
2021-10-15 3:00,14,34,0.001,0.005,0.021,0.3
2021-10-15 4:00,13,35,0.001,0.005,0.014,0.3
2021-10-15 5:00,13,27,0.003,0.007,0.013,0.4
2021-10-15 6:00,11,29,0.002,0.01,0.007,0.4
2021-10-15 7:00,23,43,0.002,0.01,0.004,0.4
2021-10-15 8:00,18,36,0.002,0.011,0.005,0.4
2021-10-15 9:00,22,35,0.002,0.013,0.007,0.4
2021-10-15 10:00,22,45,0.002,0.011,0.012,0.4
2021-10-15 11:00,24,44,0.001,0.012,0.017,0.4
2021-10-15 12:00,29,49,0.003,0.007,0.029,0.4
2021-10-15 13:00,26,36,0.002,0.005,0.035,0.4
2021-10-15 14:00,28,41,0.002,0.006,0.034,0.4
2021-10-15 15:00,28,46,0.002,0.006,0.034,0.4
2021-10-15 16:00,24,46,0.001,0.006,0.037,0.4
2021-10-15 17:00,27,48,0.002,0.007,0.03,0.4
2021-10-15 18:00,31,40,0.001,0.012,0.021,0.4
2021-10-15 19:00,24,38,0.001,0.013,0.014,0.4
2021-10-15 20:00,25,40,0.001,0.014,0.006,0.4
2021-10-15 21:00,25,38,0.001,0.012,0.004,0.4
2021-10-15 22:00,26,39,0.001,0.009,0.005,0.4
2021-10-15 23:00,22,41,0.001,0.007,0.007,0.4
2021-10-16 0:00,12,29,0.001,0.004,0.012,0.4
2021-10-16 1:00,8,24,0.001,0.002,0.016,0.3
2021-10-16 2:00,7,19,0.001,0.003,0.018,0.4
2021-10-16 3:00,7,16,0.002,0.003,0.021,0.3
2021-10-16 4:00,6,17,0.001,0.002,0.018,0.4
2021-10-16 5:00,7,17,0.001,0.003,0.017,0.3
2021-10-16 6:00,10,21,0.001,0.003,0.017,0.4
2021-10-16 7:00,9,20,0.001,0.005,0.012,0.3
2021-10-16 8:00,11,28,0.001,0.008,0.014,0.3
2021-10-16 9:00,11,32,0.001,0.006,0.019,0.4
2021-10-16 10:00,10,38,0.001,0.004,0.027,0.4
2021-10-16 11:00,8,36,0.001,0.003,0.034,0.3
2021-10-16 12:00,9,36,0.001,0.004,0.032,0.3
2021-10-16 13:00,8,38,0.001,0.006,0.03,0.3
2021-10-16 14:00,7,41,0.001,0.005,0.033,0.3
2021-10-16 15:00,12,39,0.001,0.006,0.036,0.4
2021-10-16 16:00,11,51,0.001,0.006,0.034,0.4
2021-10-16 17:00,10,44,0.002,0.006,0.032,0.3
2021-10-16 18:00,10,44,0.002,0.007,0.03,0.4
2021-10-16 19:00,12,53,0.002,0.006,0.029,0.3
2021-10-16 20:00,9,48,0.002,0.004,0.03,0.4
2021-10-16 21:00,6,42,0.002,0.003,0.028,0.4
2021-10-16 22:00,8,41,0.002,0.003,0.028,0.4
2021-10-16 23:00,8,37,0.002,0.002,0.026,0.4
2021-10-17 0:00,6,29,0.002,0.002,0.024,0.4
2021-10-17 1:00,6,35,0.002,0.002,0.026,0.3
2021-10-17 2:00,7,32,0.002,0.001,0.023,0.4
2021-10-17 3:00,8,24,0.002,0.002,0.021,0.4
2021-10-17 4:00,8,27,0.001,0,0.021,0.4
2021-10-17 5:00,7,23,0.002,0,0.021,0.4
2021-10-17 6:00,7,24,0.002,0.003,0.018,0.4
2021-10-17 7:00,9,22,0.002,0.006,0.014,0.4
2021-10-17 8:00,20,55,0.001,0.006,0.014,0.6
2021-10-17 9:00,13,35,0.002,0.002,0.023,0.4
2021-10-17 10:00,9,31,0.002,0.001,0.026,0.4
2021-10-17 11:00,11,32,0.002,0.001,0.03,0.3
2021-10-17 12:00,9,32,0.002,0,0.033,0.3
2021-10-17 13:00,9,31,0.002,0,0.036,0.3
2021-10-17 14:00,9,28,0.002,0.001,0.036,0.2
2021-10-17 15:00,9,27,0.002,0.001,0.036,0.2
2021-10-17 16:00,9,33,0.002,0.003,0.036,0.3
2021-10-17 17:00,9,34,0.002,0.005,0.034,0.3
2021-10-17 18:00,10,37,0.002,0.008,0.031,0.3
2021-10-17 19:00,29,49,0.002,0.015,0.016,0.3
2021-10-17 20:00,16,35,0.002,0.015,0.012,0.3
2021-10-17 21:00,18,39,0.002,0.013,0.013,0.4
2021-10-17 22:00,15,36,0.002,0.012,0.013,0.4
2021-10-17 23:00,12,34,0.002,0.01,0.014,0.4
2021-10-18 0:00,12,31,0.002,0.009,0.014,0.4
2021-10-18 1:00,11,33,0.002,0.008,0.013,0.4
2021-10-18 2:00,13,27,0.002,0.007,0.013,0.4
2021-10-18 3:00,12,28,0.001,0.007,0.013,0.4
2021-10-18 4:00,12,26,0.002,0.009,0.01,0.4
2021-10-18 5:00,14,35,0.002,0.006,0.007,0.5
2021-10-18 6:00,16,31,0.002,0.009,0.007,0.5
2021-10-18 7:00,17,40,0.002,0.009,0.001,0.5
2021-10-18 8:00,26,60,0.002,0.01,0.003,0.7
2021-10-18 9:00,24,57,0.002,0.011,0.006,0.5
2021-10-18 10:00,20,44,0.002,0.01,0.013,0.5
2021-10-18 11:00,15,40,0.002,0.01,0.018,0.4
2021-10-18 12:00,16,34,0.002,0.008,0.022,0.4
2021-10-18 13:00,13,31,0.002,0.005,0.033,0.3
2021-10-18 14:00,13,36,0.002,0.005,0.04,0.3
2021-10-18 15:00,15,39,0.002,0.003,0.049,0.1
2021-10-18 16:00,17,38,0.002,0.004,0.051,0.1
2021-10-18 17:00,20,41,0.002,0.005,0.048,0.1
2021-10-18 18:00,21,45,0.002,0.014,0.032,0.1
2021-10-18 19:00,18,44,0.002,0.028,0.009,0.1
2021-10-18 20:00,19,43,0.002,0.023,0.012,0.2
2021-10-18 21:00,20,36,0.002,0.021,0.013,0.2
2021-10-18 22:00,,42,0.002,0.02,0.011,0.3
2021-10-18 23:00,22,37,0.002,0.014,0.018,0.3
2021-10-19 0:00,20,38,0.002,0.011,0.021,0.3
2021-10-19 1:00,27,46,0.002,0.008,0.025,0.3
2021-10-19 2:00,20,42,0.002,0.007,0.022,0.3
2021-10-19 3:00,24,39,0.002,0.008,0.015,0.3
2021-10-19 4:00,27,49,0.002,0.011,0.009,0.3
2021-10-19 5:00,27,39,0.001,0.011,0.008,0.4
2021-10-19 6:00,28,43,0.002,0.01,0.015,0.4
2021-10-19 7:00,25,40,0.002,0.011,0.011,0.4
2021-10-19 8:00,29,43,0.002,0.016,0.007,0.4
2021-10-19 9:00,24,37,0.002,0.011,0.015,0.4
2021-10-19 10:00,19,30,0.002,0.008,0.025,0.4
2021-10-19 11:00,17,33,0.002,0.008,0.031,0.4
2021-10-19 12:00,24,35,0.002,0.008,0.034,0.4
2021-10-19 13:00,25,45,0.002,0.006,0.039,0.5
2021-10-19 14:00,26,44,0.002,0.01,0.034,0.5
2021-10-19 15:00,29,48,0.002,0.01,0.037,0.5
2021-10-19 16:00,21,39,0.002,0.008,0.045,0.5
2021-10-19 17:00,25,52,0.002,0.01,0.045,0.5
2021-10-19 18:00,28,55,0.002,0.01,0.04,0.5
2021-10-19 19:00,,,0.002,0.015,0.027,0.6
2021-10-19 20:00,27,50,,,,
2021-10-19 21:00,25,53,0.002,0.014,0.02,0.4
2021-10-19 22:00,24,46,0.002,0.014,0.017,0.4
2021-10-19 23:00,25,40,0.001,0.013,0.013,0.3
2021-10-20 0:00,22,40,0.001,0.011,0.012,0.1
2021-10-20 1:00,20,38,0.001,0.011,0.012,0.1
2021-10-20 2:00,21,38,0.002,0.01,0.011,0.1
2021-10-20 3:00,21,42,0.001,0.009,0.009,0.2
2021-10-20 4:00,26,42,0.001,0.008,0.008,0.2
2021-10-20 5:00,21,38,0.002,0.009,0.002,0.3
2021-10-20 6:00,24,37,0.001,0.011,0.002,0.2
2021-10-20 7:00,26,41,0.002,0.012,0.001,0.3
2021-10-20 8:00,28,57,0.002,0.011,0.002,0.4
2021-10-20 9:00,30,52,0.002,0.011,0.005,0.3
2021-10-20 10:00,32,52,0.002,0.012,0.01,0.2
2021-10-20 11:00,30,53,0.002,0.011,0.019,0.3
2021-10-20 12:00,23,40,0.002,0.008,0.032,0.3
2021-10-20 13:00,16,29,0.002,0.004,0.041,0.2
2021-10-20 14:00,16,29,0.002,0.004,0.042,0.2
2021-10-20 15:00,17,24,0.002,0.004,0.045,0.2
2021-10-20 16:00,18,31,0.002,0.004,0.048,0.2
2021-10-20 17:00,19,32,0.002,0.006,0.047,0.2
2021-10-20 18:00,19,39,0.002,0.02,0.021,0.2
2021-10-20 19:00,31,51,0.002,0.025,0.012,0.3
2021-10-20 20:00,19,39,0.002,0.026,0.008,0.3
2021-10-20 21:00,24,41,0.002,0.021,0.012,0.3
2021-10-20 22:00,26,42,0.002,0.019,0.011,0.4
2021-10-20 23:00,25,37,0.002,0.015,0.014,0.2
2021-10-21 0:00,25,38,0.002,0.014,0.015,0.2
2021-10-21 1:00,29,48,0.002,0.012,0.008,0.3
2021-10-21 2:00,33,55,0.002,0.01,0.004,0.4
2021-10-21 3:00,29,60,0.002,0.01,0.003,0.4
2021-10-21 4:00,28,50,0.002,0.008,0.003,0.4
2021-10-21 5:00,30,48,0.002,0.008,0.002,0.4
2021-10-21 6:00,27,51,0.002,0.008,0.001,0.4
2021-10-21 7:00,27,46,0.002,0.009,0.001,0.4
2021-10-21 8:00,33,56,0.002,0.01,0.002,0.4
2021-10-21 9:00,23,34,0.002,0.011,0.003,0.4
2021-10-21 10:00,37,61,0.002,0.013,0.006,0.4
2021-10-21 11:00,33,48,0.003,0.015,0.013,0.4
2021-10-21 12:00,29,48,0.003,0.014,0.018,0.4
2021-10-21 13:00,23,42,0.002,0.012,0.027,0.4
2021-10-21 14:00,25,44,0.002,0.01,0.035,0.4
2021-10-21 15:00,28,47,0.002,0.007,0.054,0.3
2021-10-21 16:00,27,45,0.002,0.007,0.056,0.3
2021-10-21 17:00,25,48,0.002,0.01,0.043,0.3
2021-10-21 18:00,31,48,0.002,0.017,0.027,0.3
2021-10-21 19:00,27,47,0.002,0.03,0.008,0.3
2021-10-21 20:00,23,49,0.002,0.023,0.013,0.3
2021-10-21 21:00,23,41,0.002,0.024,0.01,0.3
2021-10-21 22:00,28,48,0.002,0.02,0.013,0.3
2021-10-21 23:00,33,51,0.002,0.02,0.01,0.3
2021-10-22 0:00,41,59,0.002,0.016,0.012,0.3
2021-10-22 1:00,43,56,0.002,0.016,0.009,0.4
2021-10-22 2:00,32,60,0.002,0.015,0.007,0.5
2021-10-22 3:00,38,57,0.002,0.014,0.002,0.5
2021-10-22 4:00,34,56,0.002,0.014,0.002,0.5
2021-10-22 5:00,30,53,0.002,0.01,0.001,0.5
2021-10-22 6:00,31,54,0.002,0.009,0.001,0.5
2021-10-22 7:00,27,55,0.002,0.009,0.001,0.5
2021-10-22 8:00,36,54,0.002,0.011,0.002,0.7
2021-10-22 9:00,35,59,0.002,0.012,0.003,0.6
2021-10-22 10:00,49,80,0.002,0.015,0.008,0.6
2021-10-22 11:00,41,64,0.003,0.013,0.025,0.5
2021-10-22 12:00,33,49,0.004,0.009,0.035,0.5
2021-10-22 13:00,18,29,0.002,0.005,0.043,0.4
2021-10-22 14:00,15,27,0.002,0.005,0.044,0.3
2021-10-22 15:00,18,35,0.002,0.008,0.045,0.3
2021-10-22 16:00,14,31,0.002,0.006,0.046,0.3
2021-10-22 17:00,12,21,0.002,0.005,0.042,0.3
2021-10-22 18:00,16,30,0.002,0.015,0.027,0.3
2021-10-22 19:00,15,31,0.002,0.028,0.008,0.3
2021-10-22 20:00,17,35,0.002,0.02,0.014,0.3
2021-10-22 21:00,17,36,0.002,0.022,0.009,0.4
2021-10-22 22:00,15,26,0.002,0.017,0.012,0.3
2021-10-22 23:00,19,31,0.002,0.016,0.013,0.3
2021-10-23 0:00,17,31,0.002,0.015,0.009,0.4
2021-10-23 1:00,27,35,0.002,0.013,0.009,0.4
2021-10-23 2:00,19,31,0.002,0.011,0.005,0.4
2021-10-23 3:00,17,33,0.002,0.01,0.004,0.4
2021-10-23 4:00,13,31,0.002,0.009,0.001,0.5
2021-10-23 5:00,16,29,0.002,0.008,0.002,0.4
2021-10-23 6:00,20,34,0.002,0.008,0.001,0.5
2021-10-23 7:00,21,33,0.002,0.009,0.001,0.4
2021-10-23 8:00,20,33,0.002,0.01,0.002,0.5
2021-10-23 9:00,20,29,0.002,0.008,0.005,0.5
2021-10-23 10:00,22,30,0.002,0.009,0.009,0.5
2021-10-23 11:00,15,29,0.002,0.01,0.013,0.4
2021-10-23 12:00,23,45,0.002,0.013,0.025,0.4
2021-10-23 13:00,16,38,0.002,0.008,0.043,0.3
2021-10-23 14:00,16,32,0.002,0.005,0.049,0.2
2021-10-23 15:00,23,40,0.002,0.007,0.056,0.3
2021-10-23 16:00,28,55,0.002,0.009,0.056,0.3
2021-10-23 17:00,23,45,0.003,0.009,0.053,0.3
2021-10-23 18:00,25,44,0.003,0.018,0.035,0.4
2021-10-23 19:00,20,42,0.002,0.021,0.024,0.4
2021-10-23 20:00,25,47,0.002,0.019,0.026,0.4
2021-10-23 21:00,23,43,0.002,0.016,0.026,0.4
2021-10-23 22:00,22,41,0.002,0.014,0.028,0.4
2021-10-23 23:00,22,42,0.002,0.012,0.031,0.4
2021-10-24 0:00,31,48,0.002,0.013,0.016,0.7
2021-10-24 1:00,30,47,0.002,0.009,0.017,0.6
2021-10-24 2:00,20,43,0.002,0.008,0.021,0.5
2021-10-24 3:00,24,41,0.002,0.008,0.01,0.5
2021-10-24 4:00,24,40,0.002,0.007,0.011,0.5
2021-10-24 5:00,21,40,0.002,0.007,0.005,0.6
2021-10-24 6:00,25,39,0.002,0.007,0.004,0.5
2021-10-24 7:00,26,40,0.002,0.007,0.002,0.5
2021-10-24 8:00,30,53,0.002,0.008,0.003,0.6
2021-10-24 9:00,34,60,0.002,0.008,0.007,0.7
2021-10-24 10:00,42,64,0.002,0.009,0.014,0.5
2021-10-24 11:00,38,56,0.002,0.008,0.024,0.5
2021-10-24 12:00,29,47,0.002,0.007,0.036,0.5
2021-10-24 13:00,20,39,0.003,0.004,0.056,0.4
2021-10-24 14:00,20,40,0.003,0.004,0.057,0.4
2021-10-24 15:00,18,33,0.002,0.004,0.059,0.4
2021-10-24 16:00,16,34,0.002,0.004,0.059,0.4
2021-10-24 17:00,20,43,0.003,0.005,0.058,0.4
2021-10-24 18:00,23,43,0.002,0.012,0.04,0.4
2021-10-24 19:00,26,46,0.002,0.019,0.027,0.4
2021-10-24 20:00,27,42,0.002,0.019,0.026,0.4
2021-10-24 21:00,27,42,0.002,0.018,0.025,0.4
2021-10-24 22:00,27,43,0.002,0.016,0.026,0.4
2021-10-24 23:00,32,49,0.002,0.015,0.018,0.5
2021-10-25 0:00,30,50,0.002,0.012,0.02,0.5
2021-10-25 1:00,35,51,0.002,0.01,0.009,0.6
2021-10-25 2:00,29,48,0.002,0.009,0.008,0.6
2021-10-25 3:00,28,46,0.002,0.009,0.003,0.5
2021-10-25 4:00,30,46,0.002,0.009,0.003,0.5
2021-10-25 5:00,27,48,0.002,0.008,0.003,0.5
2021-10-25 6:00,28,47,0.002,0.008,0.002,0.5
2021-10-25 7:00,37,53,0.002,0.01,0.002,0.6
2021-10-25 8:00,34,51,0.002,0.009,0.002,0.7
2021-10-25 9:00,36,53,0.002,0.012,0.003,0.7
2021-10-25 10:00,35,55,0.002,0.013,0.005,0.7
2021-10-25 11:00,36,61,0.002,0.014,0.018,0.7
2021-10-25 12:00,34,56,0.003,0.013,0.032,0.7
2021-10-25 13:00,28,51,0.003,0.007,0.046,0.5
2021-10-25 14:00,19,39,0.002,0.005,0.053,0.4
2021-10-25 15:00,26,41,0.003,0.007,0.054,0.4
2021-10-25 16:00,25,48,0.002,0.009,0.051,0.4
2021-10-25 17:00,28,50,0.003,0.011,0.048,0.4
2021-10-25 18:00,30,51,0.002,0.029,0.019,0.5
2021-10-25 19:00,28,48,0.002,0.034,0.007,0.5
2021-10-25 20:00,30,48,0.002,0.031,0.007,0.5
2021-10-25 21:00,27,53,0.002,0.026,0.011,0.5
2021-10-25 22:00,30,50,0.002,0.022,0.015,0.5
2021-10-25 23:00,27,48,0.002,0.018,0.017,0.5
2021-10-26 0:00,28,48,0.002,0.016,0.015,0.5
2021-10-26 1:00,30,53,0.002,0.016,0.01,0.5
2021-10-26 2:00,36,69,0.002,0.014,0.005,0.5
2021-10-26 3:00,33,69,0.002,0.012,0.003,0.5
2021-10-26 4:00,32,54,0.002,0.011,0.002,0.5
2021-10-26 5:00,33,57,0.002,0.01,0.002,0.5
2021-10-26 6:00,23,55,0.002,0.008,0.001,0.5
2021-10-26 7:00,45,71,0.002,0.008,0.002,0.6
2021-10-26 8:00,45,84,0.002,0.01,0.002,0.7
2021-10-26 9:00,39,70,0.003,0.013,0.003,0.7
2021-10-26 10:00,36,65,0.003,0.014,0.01,0.6
2021-10-26 11:00,36,54,0.002,0.012,0.02,0.5
2021-10-26 12:00,45,69,0.003,0.019,0.03,0.5
2021-10-26 13:00,34,63,0.003,0.013,0.048,0.4
2021-10-26 14:00,38,62,0.003,0.008,0.069,0.4
2021-10-26 15:00,42,74,0.003,0.008,0.074,0.4
2021-10-26 16:00,46,75,0.003,0.009,0.071,0.4
2021-10-26 17:00,48,75,0.003,0.015,0.058,0.5
2021-10-26 18:00,46,78,0.002,0.034,0.022,0.5
2021-10-26 19:00,50,77,0.002,0.034,0.019,0.6
2021-10-26 20:00,55,79,0.003,0.029,0.021,0.6
2021-10-26 21:00,52,83,0.002,0.029,0.019,0.6
2021-10-26 22:00,57,84,0.002,0.025,0.019,0.6
2021-10-26 23:00,58,90,0.003,0.022,0.018,0.6
2021-10-27 0:00,56,80,0.002,0.019,0.016,0.5
2021-10-27 1:00,55,76,0.002,0.018,0.021,0.5
2021-10-27 2:00,57,78,0.002,0.014,0.016,0.6
2021-10-27 3:00,61,87,0.003,0.013,0.023,0.5
2021-10-27 4:00,57,83,0.003,0.011,0.021,0.5
2021-10-27 5:00,56,86,0.003,0.013,0.021,0.5
2021-10-27 6:00,61,84,0.003,0.017,0.017,0.6
2021-10-27 7:00,65,84,0.002,0.02,0.01,0.6
2021-10-27 8:00,57,78,0.002,0.026,0.004,0.6
2021-10-27 9:00,60,93,0.003,0.025,0.003,0.8
2021-10-27 10:00,54,84,0.003,0.026,0.011,0.7
2021-10-27 11:00,64,93,0.003,0.017,0.039,0.7
2021-10-27 12:00,61,91,0.002,0.013,0.05,0.7
2021-10-27 13:00,47,73,0.002,0.01,0.05,0.6
2021-10-27 14:00,45,69,0.002,0.015,0.045,0.6
2021-10-27 15:00,27,50,0.002,0.01,0.049,0.6
2021-10-27 16:00,27,55,0.002,0.011,0.053,0.5
2021-10-27 17:00,32,58,0.003,0.013,0.051,0.5
2021-10-27 18:00,19,59,0.003,0.018,0.037,0.5
2021-10-27 19:00,21,53,0.003,0.027,0.018,0.6
2021-10-27 20:00,19,49,0.002,0.028,0.011,0.6
2021-10-27 21:00,20,48,0.002,0.022,0.014,0.5
2021-10-27 22:00,18,37,0.002,0.017,0.017,0.5
2021-10-27 23:00,17,40,0.002,0.017,0.013,0.5
2021-10-28 0:00,17,33,0.002,0.014,0.016,0.5
2021-10-28 1:00,13,30,0.002,0.014,0.013,0.6
2021-10-28 2:00,12,27,0.002,0.013,0.012,0.5
2021-10-28 3:00,15,28,0.002,0.011,0.014,0.5
2021-10-28 4:00,10,31,0.002,0.013,0.009,0.6
2021-10-28 5:00,14,30,0.002,0.012,0.002,0.6
2021-10-28 6:00,18,31,0.002,0.014,0.002,0.5
2021-10-28 7:00,15,34,0.003,0.014,0.001,0.6
2021-10-28 8:00,27,64,0.003,0.014,0.002,0.8
2021-10-28 9:00,23,51,0.003,0.017,0.004,0.7
2021-10-28 10:00,31,75,0.004,0.015,0.017,0.6
2021-10-28 11:00,61,99,0.004,0.015,0.023,0.7
2021-10-28 12:00,22,51,0.004,0.011,0.03,0.4
2021-10-28 13:00,17,36,0.003,0.007,0.039,0.5
2021-10-28 14:00,14,39,0.003,0.008,0.043,0.5
2021-10-28 15:00,,,0.003,0.008,0.045,0.5
2021-10-28 16:00,,,,,,
2021-10-28 17:00,,,,,,
2021-10-28 18:00,19,48,,,,
2021-10-28 19:00,19,46,0.001,0.033,0.007,0.3
2021-10-28 20:00,15,41,0.002,0.028,0.009,0.3
2021-10-28 21:00,18,38,0.002,0.028,0.007,0.3
2021-10-28 22:00,30,58,0.002,0.024,0.006,0.4
2021-10-28 23:00,13,36,0.002,0.011,0.025,0.3
2021-10-29 0:00,17,33,0.001,0.013,0.02,0.4
2021-10-29 1:00,11,29,0.002,0.01,0.024,0.3
2021-10-29 2:00,19,33,0.001,0.01,0.016,0.4
2021-10-29 3:00,21,41,0.001,0.013,0.007,0.4
2021-10-29 4:00,22,39,0.001,0.013,0.004,0.5
2021-10-29 5:00,25,42,0.001,0.014,0.002,0.5
2021-10-29 6:00,22,45,0.002,0.015,0.002,0.5
2021-10-29 7:00,21,37,0.001,0.015,0.001,0.5
2021-10-29 8:00,23,57,0.002,0.016,0.003,0.5
2021-10-29 9:00,38,71,0.003,0.018,0.005,0.5
2021-10-29 10:00,15,38,0.003,0.014,0.02,0.5
2021-10-29 11:00,10,27,0.002,0.008,0.03,0.3
2021-10-29 12:00,6,22,0.001,0.005,0.036,0.3
2021-10-29 13:00,5,20,0.001,0.004,0.039,0.3
2021-10-29 14:00,8,23,0.001,0.004,0.042,0.2
2021-10-29 15:00,9,15,0.001,0.004,0.044,0.2
2021-10-29 16:00,7,23,0.001,0.004,0.044,0.2
2021-10-29 17:00,8,19,0.001,0.005,0.042,0.2
2021-10-29 18:00,6,33,0.001,0.027,0.012,0.3
2021-10-29 19:00,8,32,0.001,0.021,0.02,0.2
2021-10-29 20:00,8,30,0.001,0.012,0.027,0.3
2021-10-29 21:00,14,32,0.001,0.018,0.014,0.4
2021-10-29 22:00,10,27,0.001,0.018,0.011,0.3
2021-10-29 23:00,9,24,0.001,0.015,0.014,0.3
2021-10-30 0:00,9,16,0.001,0.012,0.016,0.3
2021-10-30 1:00,11,22,0.002,0.01,0.018,0.3
2021-10-30 2:00,7,24,0.001,0.008,0.019,0.3
2021-10-30 3:00,10,15,0.001,0.008,0.017,0.3
2021-10-30 4:00,7,16,0.001,0.007,0.013,0.4
2021-10-30 5:00,12,20,0.002,0.009,0.008,0.4
2021-10-30 6:00,17,32,0.002,0.01,0.006,0.4
2021-10-30 7:00,15,36,0.001,0.012,0.002,0.4
2021-10-30 8:00,43,63,0.002,0.013,0.003,0.3
2021-10-30 9:00,39,61,0.002,0.014,0.005,0.3
2021-10-30 10:00,19,35,0.002,0.014,0.012,0.4
2021-10-30 11:00,9,25,0.002,0.009,0.026,0.3
2021-10-30 12:00,9,18,0.001,0.006,0.033,0.2
2021-10-30 13:00,9,21,0.001,0.006,0.035,0.2
2021-10-30 14:00,9,25,0.001,0.006,0.038,0.2
2021-10-30 15:00,15,40,0.002,0.009,0.038,0.3
2021-10-30 16:00,15,39,0.002,0.008,0.041,0.2
2021-10-30 17:00,13,33,0.002,0.007,0.041,0.2
2021-10-30 18:00,13,39,0.002,0.016,0.026,0.3
2021-10-30 19:00,17,35,0.001,0.023,0.015,0.3
2021-10-30 20:00,15,40,0.001,0.018,0.018,0.3
2021-10-30 21:00,18,38,0.001,0.018,0.016,0.3
2021-10-30 22:00,20,37,0.001,0.015,0.018,0.3
2021-10-30 23:00,20,39,0.001,0.012,0.016,0.4
2021-10-31 0:00,13,35,0.001,0.01,0.018,0.3
2021-10-31 1:00,19,38,0.001,0.009,0.015,0.4
2021-10-31 2:00,21,35,0.001,0.008,0.014,0.4
2021-10-31 3:00,20,38,0.001,0.008,0.012,0.5
2021-10-31 4:00,20,40,0.001,0.009,0.003,0.5
2021-10-31 5:00,22,39,0.001,0.007,0.006,0.5
2021-10-31 6:00,18,31,0.001,0.007,0.004,0.5
2021-10-31 7:00,67,92,0.001,0.008,0.004,0.7
2021-10-31 8:00,42,66,0.001,0.007,0.003,0.6
2021-10-31 9:00,46,78,0.001,0.009,0.005,0.6
2021-10-31 10:00,26,50,0.002,0.008,0.012,0.5
2021-10-31 11:00,27,50,0.002,0.009,0.022,0.5
2021-10-31 12:00,31,46,0.002,0.009,0.038,0.5
2021-10-31 13:00,29,47,0.003,0.005,0.057,0.5
2021-10-31 14:00,26,47,0.002,0.004,0.062,0.4
2021-10-31 15:00,28,52,0.002,0.005,0.063,0.4
2021-10-31 16:00,27,47,0.002,0.005,0.063,0.4
2021-10-31 17:00,19,48,0.002,0.006,0.056,0.4
2021-10-31 18:00,27,56,0.002,0.014,0.04,0.4
2021-10-31 19:00,27,64,0.002,0.018,0.028,0.4
2021-10-31 20:00,26,48,0.002,0.015,0.031,0.3
2021-10-31 21:00,31,54,0.002,0.016,0.025,0.4
2021-10-31 22:00,37,55,0.002,0.015,0.025,0.4
2021-10-31 23:00,36,58,0.002,0.015,0.02,0.5
2021-11-01 0:00,30,50,0.001,0.014,0.019,0.5
2021-11-01 1:00,33,41,0.002,0.012,0.015,0.5
2021-11-01 2:00,28,50,0.002,0.011,0.007,0.6
2021-11-01 3:00,28,49,0.001,0.01,0.008,0.5
2021-11-01 4:00,26,42,0.001,0.007,0.011,0.4
2021-11-01 5:00,23,39,0.001,0.011,0.007,0.4
2021-11-01 6:00,21,37,0.001,0.013,0.004,0.4
2021-11-01 7:00,26,38,0.001,0.016,0.002,0.4
2021-11-01 8:00,35,58,0.002,0.015,0.002,0.7
2021-11-01 9:00,39,67,0.002,0.016,0.003,0.6
2021-11-01 10:00,35,59,0.002,0.019,0.021,0.6
2021-11-01 11:00,33,48,0.001,0.008,0.046,0.4
2021-11-01 12:00,33,50,0.002,0.006,0.049,0.5
2021-11-01 13:00,35,56,0.001,0.007,0.05,0.5
2021-11-01 14:00,35,63,0.001,0.01,0.047,0.5
2021-11-01 15:00,32,61,0.002,0.011,0.048,0.4
2021-11-01 16:00,28,62,0.002,0.01,0.05,0.4
2021-11-01 17:00,26,59,0.002,0.009,0.049,0.4
2021-11-01 18:00,24,54,0.002,0.013,0.042,0.4
2021-11-01 19:00,24,54,0.002,0.026,0.02,0.5
2021-11-01 20:00,22,45,0.002,0.026,0.016,0.5
2021-11-01 21:00,26,48,0.001,0.024,0.013,0.5
2021-11-01 22:00,21,42,0.001,0.018,0.018,0.5
2021-11-01 23:00,23,40,0.001,0.015,0.019,0.5
2021-11-02 0:00,23,38,0.002,0.014,0.017,0.5
2021-11-02 1:00,28,37,0.001,0.015,0.015,0.5
2021-11-02 2:00,25,43,0.001,0.013,0.013,0.5
2021-11-02 3:00,27,37,0.001,0.012,0.012,0.6
2021-11-02 4:00,28,41,0.001,0.013,0.006,0.6
2021-11-02 5:00,20,42,0.002,0.01,0.002,0.7
2021-11-02 6:00,21,42,0.002,0.009,0.001,0.7
2021-11-02 7:00,28,53,0.002,0.01,0.002,0.7
2021-11-02 8:00,36,63,0.002,0.013,0.002,0.8
2021-11-02 9:00,41,82,0.003,0.015,0.002,0.7
2021-11-02 10:00,46,81,0.003,0.014,0.007,0.7
2021-11-02 11:00,49,68,0.003,0.012,0.02,0.7
2021-11-02 12:00,45,67,0.002,0.011,0.033,0.7
2021-11-02 13:00,29,52,0.002,0.006,0.052,0.6
2021-11-02 14:00,31,48,0.002,0.007,0.052,0.6
2021-11-02 15:00,29,47,0.002,0.008,0.051,0.6
2021-11-02 16:00,30,47,0.002,0.01,0.052,0.5
2021-11-02 17:00,29,57,0.002,0.014,0.044,0.4
2021-11-02 18:00,32,61,0.002,0.022,0.029,0.5
2021-11-02 19:00,36,64,0.002,0.035,0.014,0.6
2021-11-02 20:00,32,60,0.002,0.033,0.01,0.6
2021-11-02 21:00,28,48,0.002,0.025,0.014,0.5
2021-11-02 22:00,26,46,0.002,0.021,0.016,0.5
2021-11-02 23:00,26,43,0.001,0.018,0.016,0.5
2021-11-03 0:00,23,47,0.001,0.016,0.017,0.5
2021-11-03 1:00,31,44,0.001,0.016,0.014,0.5
2021-11-03 2:00,31,47,0.001,0.015,0.011,0.5
2021-11-03 3:00,33,54,0.001,0.013,0.013,0.5
2021-11-03 4:00,34,50,0.001,0.016,0.006,0.5
2021-11-03 5:00,32,51,0.001,0.013,0.008,0.5
2021-11-03 6:00,28,53,0.002,0.015,0.003,0.6
2021-11-03 7:00,35,89,0.002,0.016,0.003,0.7
2021-11-03 8:00,59,95,0.002,0.015,0.002,0.9
2021-11-03 9:00,,,0.002,0.017,0.003,0.7
2021-11-03 10:00,,,,,,
2021-11-03 11:00,,,,,,
2021-11-03 12:00,,,,,,
2021-11-03 13:00,,,,,,
2021-11-03 14:00,,,,,,
2021-11-03 15:00,,,,,,
2021-11-03 16:00,24,47,,,,
2021-11-03 17:00,36,69,0.002,0.018,0.051,0.4
2021-11-03 18:00,37,80,0.002,0.03,0.031,0.5
2021-11-03 19:00,34,79,0.002,0.048,0.008,0.5
2021-11-03 20:00,39,74,0.002,0.036,0.013,0.4
2021-11-03 21:00,43,66,0.001,0.034,0.011,0.4
2021-11-03 22:00,42,75,0.001,0.027,0.013,0.4
2021-11-03 23:00,42,69,0.001,0.023,0.014,0.4
2021-11-04 0:00,44,75,0.001,0.022,0.01,0.4
2021-11-04 1:00,49,72,0.001,0.02,0.007,0.4
2021-11-04 2:00,39,68,0.001,0.017,0.013,0.3
2021-11-04 3:00,39,62,0.001,0.013,0.018,0.3
2021-11-04 4:00,40,60,0.001,0.013,0.015,0.4
2021-11-04 5:00,42,59,0.001,0.017,0.009,0.4
2021-11-04 6:00,35,55,0.001,0.02,0.004,0.4
2021-11-04 7:00,30,43,0.001,0.018,0.001,0.5
2021-11-04 8:00,20,36,0.002,0.015,0.002,0.5
2021-11-04 9:00,26,39,0.002,0.015,0.003,0.5
2021-11-04 10:00,49,74,0.002,0.018,0.007,0.5
