Date,PM2.5,PM10,SO2,NO2,O3
2021-08-10 13:00,7.46,7.46,0.014,0.047,0.03
2021-08-10 14:00,6.97,6.97,0.009,0.039,0.03
2021-08-10 15:00,6.54,6.54,0.007,0.028,0.027
2021-08-10 16:00,6.52,6.52,0.006,0.026,0.028
2021-08-10 17:00,6.4,6.4,0.005,0.014,0.019
2021-08-10 18:00,7.11,7.11,0.005,0.028,0.032
2021-08-10 19:00,6.83,6.83,0.005,0.027,0.031
2021-08-10 20:00,7.11,7.11,0.005,0.039,0.038
2021-08-10 21:00,7.71,7.71,0.005,0.044,0.039
2021-08-10 22:00,7.82,7.82,0.004,0.04,0.034
2021-08-10 23:00,7.9,7.9,0.004,0.036,0.031
2021-08-11 0:00,8.09,8.09,0.004,0.038,0.029
2021-08-11 1:00,8.01,8.01,0.004,0.035,0.027
2021-08-11 2:00,7.85,7.85,0.004,0.035,0.026
2021-08-11 3:00,7.52,7.52,0.004,0.032,0.024
2021-08-11 4:00,8.07,8.07,0.004,0.031,0.024
2021-08-11 5:00,8.2,8.2,0.004,0.031,0.023
2021-08-11 6:00,9.4,9.4,0.004,0.034,0.024
2021-08-11 7:00,9.73,9.73,0.004,0.033,0.022
2021-08-11 8:00,9.88,9.88,0.004,0.027,0.019
2021-08-11 9:00,9.76,9.76,0.004,0.015,0.014
2021-08-11 10:00,8.56,8.56,0.003,0.004,0.008
2021-08-11 11:00,9.74,9.74,0.004,0.003,0.01
2021-08-11 12:00,9.9,9.9,0.003,0.002,0.008
2021-08-11 13:00,9.92,9.92,0.004,0.002,0.012
2021-08-11 14:00,9.37,9.37,0.004,0.002,0.015
2021-08-11 15:00,8.86,8.86,0.004,0.003,0.02
2021-08-11 16:00,8.84,8.84,0.004,0.003,0.02
2021-08-11 17:00,9.45,9.45,0.005,0.01,0.035
2021-08-11 18:00,10.22,10.22,0.005,0.01,0.038
2021-08-11 19:00,10.74,10.74,0.007,0.037,0.054
2021-08-11 20:00,11.9,11.9,0.008,0.077,0.073
2021-08-11 21:00,13.06,13.07,0.006,0.07,0.067
2021-08-11 22:00,14.2,14.21,0.005,0.063,0.057
2021-08-11 23:00,14.21,14.24,0.004,0.053,0.049
2021-08-12 0:00,14.23,14.24,0.004,0.044,0.04
2021-08-12 1:00,13.43,13.44,0.004,0.041,0.037
2021-08-12 2:00,12.05,12.06,0.004,0.033,0.031
2021-08-12 3:00,12.43,12.44,0.004,0.032,0.028
2021-08-12 4:00,10.96,10.96,0.004,0.033,0.028
2021-08-12 5:00,11.55,11.56,0.004,0.033,0.027
2021-08-12 6:00,16.72,16.74,0.004,0.036,0.024
2021-08-12 7:00,15.91,15.94,0.004,0.036,0.024
2021-08-12 8:00,15.8,15.8,0.004,0.028,0.021
2021-08-12 9:00,12.57,12.58,0.004,0.015,0.017
2021-08-12 10:00,9.88,9.88,0.004,0.007,0.011
2021-08-12 11:00,9.66,9.66,0.004,0.002,0.008
2021-08-12 12:00,10.31,10.31,0.004,0.002,0.016
2021-08-12 13:00,11.56,11.56,0.004,0.002,0.029
2021-08-12 14:00,12.18,12.18,0.004,0.004,0.041
2021-08-12 15:00,12.42,12.42,0.005,0.021,0.055
2021-08-12 16:00,15.8,15.84,0.005,0.035,0.065
2021-08-12 17:00,14.26,14.26,0.005,0.017,0.054
2021-08-12 18:00,13.79,13.8,0.005,0.023,0.056
2021-08-12 19:00,13.88,13.88,0.006,0.045,0.064
2021-08-12 20:00,14.79,14.81,0.005,0.052,0.061
2021-08-12 21:00,15.36,15.37,0.005,0.052,0.06
2021-08-12 22:00,14.21,14.23,0.004,0.033,0.047
2021-08-12 23:00,11.02,11.02,0.004,0.022,0.045
2021-08-13 0:00,13.7,13.7,0.004,0.038,0.051
2021-08-13 1:00,12.49,12.5,0.004,0.035,0.043
2021-08-13 2:00,12.55,12.58,0.004,0.031,0.039
2021-08-13 3:00,11.8,11.81,0.004,0.027,0.036
2021-08-13 4:00,10.83,10.84,0.004,0.024,0.034
2021-08-13 5:00,11.01,11.05,0.004,0.025,0.034
2021-08-13 6:00,10.94,10.98,0.004,0.032,0.037
2021-08-13 7:00,10.69,10.73,0.004,0.036,0.038
2021-08-13 8:00,11.86,11.93,0.004,0.03,0.034
2021-08-13 9:00,13.31,13.36,0.004,0.027,0.029
2021-08-13 10:00,10.38,10.39,0.004,0.012,0.019
2021-08-13 11:00,9.02,9.03,0.004,0.007,0.02
2021-08-13 12:00,9.53,9.54,0.004,0.018,0.033
2021-08-13 13:00,10.18,10.19,0.004,0.022,0.039
2021-08-13 14:00,9.81,9.82,0.004,0.016,0.034
2021-08-13 15:00,10.07,10.07,0.004,0.014,0.035
2021-08-13 16:00,10.29,10.3,0.004,0.012,0.036
2021-08-13 17:00,9.81,9.81,0.004,0.014,0.04
2021-08-13 18:00,10.4,10.4,0.005,0.022,0.049
2021-08-13 19:00,10.53,10.53,0.005,0.043,0.054
2021-08-13 20:00,11.32,11.33,0.005,0.057,0.059
2021-08-13 21:00,12,12.02,0.005,0.054,0.051
2021-08-13 22:00,12.19,12.21,0.004,0.05,0.046
2021-08-13 23:00,10.91,10.93,0.004,0.028,0.034
2021-08-14 0:00,10.35,10.38,0.004,0.021,0.031
2021-08-14 1:00,10.18,10.23,0.004,0.023,0.033
2021-08-14 2:00,9.32,9.36,0.004,0.024,0.036
2021-08-14 3:00,10.39,10.44,0.004,0.034,0.037
2021-08-14 4:00,10.26,10.33,0.004,0.037,0.035
2021-08-14 5:00,9.39,9.44,0.004,0.033,0.033
2021-08-14 6:00,10.1,10.18,0.004,0.038,0.031
2021-08-14 7:00,11.53,11.62,0.004,0.038,0.03
2021-08-14 8:00,11.4,11.49,0.004,0.029,0.026
2021-08-14 9:00,10.37,10.43,0.004,0.02,0.022
2021-08-14 10:00,9.72,9.76,0.004,0.013,0.019
2021-08-14 11:00,8.19,8.23,0.004,0.009,0.017
2021-08-14 12:00,7.46,7.5,0.004,0.014,0.026
2021-08-14 13:00,6.84,6.86,0.004,0.013,0.026
2021-08-14 14:00,6.51,6.52,0.004,0.011,0.025
2021-08-14 15:00,6.57,6.58,0.004,0.006,0.021
2021-08-14 16:00,6.19,6.21,0.004,0.007,0.028
2021-08-14 17:00,5.95,5.96,0.004,0.011,0.036
2021-08-14 18:00,5.59,5.6,0.005,0.028,0.047
2021-08-14 19:00,5.59,5.6,0.005,0.061,0.061
2021-08-14 20:00,5.86,5.88,0.005,0.058,0.048
2021-08-14 21:00,6.56,6.58,0.005,0.051,0.042
2021-08-14 22:00,7.08,7.12,0.004,0.042,0.035
2021-08-14 23:00,7.65,7.71,0.004,0.034,0.031
2021-08-15 0:00,8.18,8.26,0.004,0.031,0.028
2021-08-15 1:00,8.96,9.06,0.004,0.033,0.027
2021-08-15 2:00,8.88,8.97,0.004,0.031,0.026
2021-08-15 3:00,8.86,8.96,0.004,0.029,0.025
2021-08-15 4:00,8.96,9.08,0.004,0.029,0.023
2021-08-15 5:00,9.16,9.26,0.004,0.03,0.022
2021-08-15 6:00,10.98,11.08,0.004,0.031,0.022
2021-08-15 7:00,9.73,9.82,0.004,0.029,0.021
2021-08-15 8:00,11.05,11.13,0.004,0.02,0.016
2021-08-15 9:00,9.38,9.46,0.004,0.009,0.01
2021-08-15 10:00,6.72,6.75,0.004,0.003,0.007
2021-08-15 11:00,5.91,5.93,0.004,0.002,0.012
2021-08-15 12:00,6.25,6.27,0.004,0.002,0.018
2021-08-15 13:00,6.4,6.42,0.004,0.002,0.02
2021-08-15 14:00,6.32,6.33,0.004,0.003,0.023
2021-08-15 15:00,5.9,5.92,0.004,0.002,0.023
2021-08-15 16:00,5.67,5.7,0.004,0.002,0.02
2021-08-15 17:00,5.73,5.75,0.004,0.003,0.03
2021-08-15 18:00,6.3,6.32,0.006,0.036,0.057
2021-08-15 19:00,6.57,6.6,0.006,0.053,0.066
2021-08-15 20:00,6.73,6.76,0.005,0.044,0.059
2021-08-15 21:00,6.49,6.52,0.005,0.041,0.049
2021-08-15 22:00,5.09,5.1,0.004,0.032,0.042
2021-08-15 23:00,4.9,4.9,0.004,0.03,0.039
2021-08-16 0:00,5.22,5.22,0.004,0.033,0.037
2021-08-16 1:00,5.53,5.55,0.004,0.035,0.036
2021-08-16 2:00,6.4,6.43,0.004,0.034,0.033
2021-08-16 3:00,6.74,6.76,0.004,0.028,0.03
2021-08-16 4:00,6.74,6.76,0.004,0.031,0.03
2021-08-16 5:00,7.17,7.2,0.004,0.031,0.03
2021-08-16 6:00,7.01,7.03,0.004,0.032,0.029
2021-08-16 7:00,7.53,7.58,0.004,0.028,0.028
2021-08-16 8:00,7.69,7.74,0.004,0.019,0.018
2021-08-16 9:00,7.01,7.04,0.004,0.006,0.009
2021-08-16 10:00,7.56,7.59,0.004,0.003,0.012
2021-08-16 11:00,8.14,8.21,0.004,0.005,0.021
2021-08-16 12:00,8.79,8.86,0.004,0.005,0.027
2021-08-16 13:00,8.52,8.58,0.004,0.009,0.038
2021-08-16 14:00,8.02,8.06,0.004,0.013,0.041
2021-08-16 15:00,7.99,8.01,0.004,0.011,0.034
2021-08-16 16:00,8.56,8.62,0.004,0.009,0.032
2021-08-16 17:00,9.15,9.19,0.004,0.013,0.036
2021-08-16 18:00,9.45,9.52,0.005,0.024,0.045
2021-08-16 19:00,9.88,9.96,0.005,0.047,0.055
2021-08-16 20:00,10.56,10.66,0.005,0.053,0.054
2021-08-16 21:00,10.68,10.79,0.005,0.036,0.045
2021-08-16 22:00,10.66,10.77,0.004,0.03,0.04
2021-08-16 23:00,10.85,10.95,0.004,0.027,0.038
2021-08-17 0:00,11.27,11.42,0.004,0.024,0.038
2021-08-17 1:00,11.22,11.34,0.004,0.025,0.036
2021-08-17 2:00,10.84,10.96,0.004,0.027,0.036
2021-08-17 3:00,10.49,10.63,0.004,0.028,0.037
2021-08-17 4:00,10.13,10.23,0.004,0.034,0.038
2021-08-17 5:00,11.56,11.73,0.004,0.037,0.037
2021-08-17 6:00,11.97,12.16,0.004,0.042,0.036
2021-08-17 7:00,12.62,12.8,0.004,0.044,0.034
2021-08-17 8:00,13.11,13.28,0.004,0.036,0.03
2021-08-17 9:00,11,11.11,0.004,0.023,0.024
2021-08-17 10:00,9.78,9.84,0.004,0.012,0.018
2021-08-17 11:00,9.21,9.26,0.004,0.01,0.02
2021-08-17 12:00,7.91,7.95,0.004,0.007,0.019
2021-08-17 13:00,7.28,7.31,0.004,0.007,0.023
2021-08-17 14:00,5.78,5.8,0.004,0.008,0.03
2021-08-17 15:00,5.41,5.43,0.004,0.014,0.038
2021-08-17 16:00,5.05,5.07,0.004,0.013,0.037
2021-08-17 17:00,4.65,4.67,0.004,0.016,0.039
2021-08-17 18:00,4.57,4.58,0.004,0.023,0.046
2021-08-17 19:00,4.93,4.95,0.004,0.023,0.043
2021-08-17 20:00,5.5,5.54,0.004,0.031,0.049
2021-08-17 21:00,6.06,6.1,0.004,0.032,0.049
2021-08-17 22:00,6.61,6.66,0.004,0.032,0.047
2021-08-17 23:00,6.9,6.96,0.004,0.035,0.045
2021-08-18 0:00,7.29,7.35,0.004,0.035,0.043
2021-08-18 1:00,7.75,7.81,0.004,0.042,0.04
2021-08-18 2:00,7.98,8.05,0.005,0.041,0.037
2021-08-18 3:00,8.87,9,0.004,0.032,0.042
2021-08-18 4:00,9.23,9.35,0.004,0.031,0.04
2021-08-18 5:00,9.66,9.79,0.004,0.033,0.036
2021-08-18 6:00,10.71,10.81,0.004,0.033,0.032
2021-08-18 7:00,10.71,10.83,0.004,0.033,0.029
2021-08-18 8:00,9.67,9.77,0.004,0.028,0.027
2021-08-18 9:00,8.83,8.89,0.004,0.022,0.028
2021-08-18 10:00,8.79,8.85,0.004,0.014,0.019
2021-08-18 11:00,7.66,7.7,0.004,0.008,0.017
2021-08-18 12:00,7.09,7.12,0.004,0.012,0.023
2021-08-18 13:00,6.75,6.79,0.004,0.012,0.031
2021-08-18 14:00,5.64,5.66,0.004,0.003,0.031
2021-08-18 15:00,5.67,5.7,0.004,0.002,0.035
2021-08-18 16:00,5.42,5.44,0.004,0.002,0.037
2021-08-18 17:00,5.39,5.41,0.004,0.013,0.047
2021-08-18 18:00,5.88,5.9,0.005,0.034,0.059
2021-08-18 19:00,6.04,6.05,0.005,0.045,0.059
2021-08-18 20:00,6.94,6.95,0.005,0.052,0.056
2021-08-18 21:00,6.37,6.37,0.004,0.039,0.046
2021-08-18 22:00,6.27,6.28,0.004,0.024,0.038
2021-08-18 23:00,5.83,5.83,0.004,0.021,0.038
2021-08-19 0:00,6.46,6.47,0.004,0.039,0.043
2021-08-19 1:00,6.86,6.87,0.004,0.045,0.041
2021-08-19 2:00,6.94,6.96,0.004,0.043,0.037
2021-08-19 3:00,6.93,6.94,0.004,0.037,0.033
2021-08-19 4:00,6.9,6.91,0.004,0.033,0.029
2021-08-19 5:00,7,7.01,0.004,0.031,0.028
2021-08-19 6:00,7.42,7.45,0.004,0.03,0.027
2021-08-19 7:00,8.15,8.18,0.004,0.029,0.027
2021-08-19 8:00,7.43,7.47,0.004,0.014,0.017
2021-08-19 9:00,7.37,7.39,0.004,0.004,0.009
2021-08-19 10:00,6,6.01,0.004,0.002,0.011
2021-08-19 11:00,5.4,5.41,0.004,0.009,0.026
2021-08-19 12:00,6.01,6.03,0.004,0.003,0.019
2021-08-19 13:00,6.01,6.03,0.004,0.01,0.034
2021-08-19 14:00,5.61,5.61,0.004,0.007,0.037
2021-08-19 15:00,5.36,5.36,0.004,0.005,0.035
2021-08-19 16:00,5.45,5.46,0.005,0.01,0.04
2021-08-19 17:00,5.57,5.58,0.005,0.021,0.05
2021-08-19 18:00,5.78,5.8,0.005,0.044,0.063
2021-08-19 19:00,5.34,5.36,0.004,0.032,0.052
2021-08-19 20:00,5.73,5.75,0.004,0.038,0.051
2021-08-19 21:00,6.35,6.4,0.004,0.036,0.047
2021-08-19 22:00,6.68,6.72,0.004,0.033,0.043
2021-08-19 23:00,7.02,7.07,0.004,0.033,0.041
2021-08-20 0:00,7.39,7.44,0.004,0.031,0.038
2021-08-20 1:00,7.48,7.52,0.004,0.033,0.038
2021-08-20 2:00,7.23,7.28,0.004,0.026,0.035
2021-08-20 3:00,7.19,7.24,0.004,0.027,0.035
2021-08-20 4:00,7.09,7.14,0.004,0.028,0.036
2021-08-20 5:00,7.28,7.33,0.004,0.029,0.037
2021-08-20 6:00,8.02,8.1,0.004,0.031,0.037
2021-08-20 7:00,8.32,8.37,0.004,0.036,0.034
2021-08-20 8:00,7.8,7.86,0.004,0.018,0.02
2021-08-20 9:00,6.25,6.27,0.004,0.007,0.015
2021-08-20 10:00,6.03,6.04,0.004,0.007,0.021
2021-08-20 11:00,6.01,6.01,0.004,0.003,0.023
2021-08-20 12:00,6.32,6.32,0.004,0.002,0.028
2021-08-20 13:00,6.63,6.63,0.004,0.005,0.036
2021-08-20 14:00,6.9,6.9,0.004,0.005,0.037
2021-08-20 15:00,7.34,7.34,0.004,0.005,0.037
2021-08-20 16:00,7.29,7.29,0.004,0.004,0.038
2021-08-20 17:00,7.42,7.42,0.005,0.012,0.049
2021-08-20 18:00,7.39,7.39,0.005,0.016,0.051
2021-08-20 19:00,7.67,7.67,0.005,0.041,0.066
2021-08-20 20:00,8.12,8.12,0.005,0.048,0.067
2021-08-20 21:00,8.57,8.57,0.005,0.038,0.06
2021-08-20 22:00,8.5,8.5,0.004,0.027,0.059
2021-08-20 23:00,8.43,8.43,0.004,0.023,0.057
2021-08-21 0:00,8.21,8.21,0.004,0.024,0.058
2021-08-21 1:00,8.23,8.23,0.004,0.027,0.058
2021-08-21 2:00,7.92,7.93,0.004,0.025,0.056
2021-08-21 3:00,7.62,7.62,0.004,0.022,0.049
2021-08-21 4:00,7.21,7.21,0.004,0.021,0.046
2021-08-21 5:00,7.5,7.5,0.004,0.022,0.046
2021-08-21 6:00,7.72,7.72,0.004,0.022,0.045
2021-08-21 7:00,7.61,7.61,0.004,0.024,0.045
2021-08-21 8:00,8.25,8.25,0.004,0.031,0.047
2021-08-21 9:00,8.56,8.56,0.004,0.037,0.048
2021-08-21 10:00,7.14,7.14,0.004,0.032,0.049
2021-08-21 11:00,6.24,6.24,0.004,0.028,0.052
2021-08-21 12:00,5.16,5.16,0.004,0.03,0.049
2021-08-21 13:00,4.54,4.54,0.004,0.027,0.044
2021-08-21 14:00,4.13,4.13,0.004,0.026,0.039
2021-08-21 15:00,4.03,4.03,0.004,0.02,0.036
2021-08-21 16:00,4.16,4.16,0.004,0.005,0.022
2021-08-21 17:00,4.25,4.25,0.004,0.011,0.03
2021-08-21 18:00,4.4,4.4,0.004,0.016,0.037
2021-08-21 19:00,4.95,4.95,0.004,0.017,0.045
2021-08-21 20:00,4.95,4.95,0.004,0.026,0.057
2021-08-21 21:00,4.77,4.77,0.004,0.026,0.056
2021-08-21 22:00,4.74,4.74,0.004,0.024,0.054
2021-08-21 23:00,4.79,4.79,0.004,0.024,0.052
2021-08-22 0:00,4.74,4.74,0.004,0.021,0.05
2021-08-22 1:00,4.94,4.94,0.004,0.022,0.048
2021-08-22 2:00,5.09,5.09,0.004,0.022,0.048
2021-08-22 3:00,5.14,5.14,0.004,0.022,0.048
2021-08-22 4:00,5.27,5.27,0.004,0.023,0.046
2021-08-22 5:00,5.37,5.37,0.004,0.024,0.045
2021-08-22 6:00,5.44,5.44,0.004,0.027,0.04
2021-08-22 7:00,5.57,5.57,0.004,0.028,0.036
2021-08-22 8:00,5.51,5.51,0.004,0.02,0.032
2021-08-22 9:00,5.48,5.48,0.004,0.011,0.032
2021-08-22 10:00,6.05,6.05,0.004,0.006,0.028
2021-08-22 11:00,6.93,6.93,0.004,0.01,0.032
2021-08-22 12:00,10.36,10.36,0.004,0.02,0.048
2021-08-22 13:00,12.88,12.91,0.004,0.032,0.062
2021-08-22 14:00,11.96,11.97,0.004,0.006,0.034
2021-08-22 15:00,12.77,12.77,0.004,0.002,0.028
2021-08-22 16:00,12.63,12.65,0.004,0.007,0.048
2021-08-22 17:00,13.17,13.23,0.004,0.018,0.062
2021-08-22 18:00,13.42,13.49,0.004,0.024,0.065
2021-08-22 19:00,13.37,13.44,0.005,0.038,0.062
2021-08-22 20:00,13.86,13.95,0.005,0.048,0.059
2021-08-22 21:00,15.97,16.11,0.005,0.046,0.052
2021-08-22 22:00,15.98,16.09,0.005,0.041,0.046
2021-08-22 23:00,15.04,15.15,0.004,0.039,0.044
2021-08-23 0:00,15.16,15.3,0.004,0.034,0.041
2021-08-23 1:00,15.48,15.61,0.004,0.03,0.036
2021-08-23 2:00,14.78,14.89,0.004,0.028,0.033
2021-08-23 3:00,15.44,15.57,0.005,0.027,0.025
2021-08-23 4:00,15.66,15.8,0.005,0.026,0.022
2021-08-23 5:00,16.68,16.81,0.005,0.028,0.024
2021-08-23 6:00,19.93,20.19,0.004,0.024,0.029
2021-08-23 7:00,19.15,19.34,0.004,0.023,0.031
2021-08-23 8:00,17.34,17.49,0.004,0.026,0.028
2021-08-23 9:00,15.43,15.53,0.004,0.021,0.023
2021-08-23 10:00,14.37,14.44,0.004,0.021,0.023
2021-08-23 11:00,12.62,12.67,0.004,0.02,0.025
2021-08-23 12:00,9.75,9.75,0.004,0.019,0.03
2021-08-23 13:00,8.7,8.7,0.004,0.017,0.028
2021-08-23 14:00,9.76,9.78,0.004,0.025,0.033
2021-08-23 15:00,7.36,7.37,0.004,0.028,0.041
2021-08-23 16:00,4.83,4.83,0.004,0.027,0.048
2021-08-23 17:00,4.43,4.43,0.004,0.03,0.052
2021-08-23 18:00,4.55,4.55,0.004,0.029,0.053
2021-08-23 19:00,4.5,4.5,0.004,0.028,0.053
2021-08-23 20:00,4.51,4.51,0.004,0.026,0.051
2021-08-23 21:00,4.38,4.38,0.004,0.024,0.05
2021-08-23 22:00,4.4,4.4,0.004,0.023,0.048
2021-08-23 23:00,4.68,4.68,0.004,0.025,0.044
2021-08-24 0:00,5.59,5.6,0.004,0.025,0.04
2021-08-24 1:00,6.02,6.04,0.004,0.025,0.038
2021-08-24 2:00,4.86,4.86,0.004,0.026,0.036
2021-08-24 3:00,4.57,4.57,0.004,0.025,0.034
2021-08-24 4:00,4.26,4.26,0.004,0.024,0.03
2021-08-24 5:00,4.58,4.58,0.004,0.023,0.027
2021-08-24 6:00,4.35,4.35,0.004,0.023,0.027
2021-08-24 7:00,4.14,4.15,0.004,0.024,0.032
2021-08-24 8:00,4.42,4.42,0.004,0.024,0.032
2021-08-24 9:00,4.22,4.22,0.004,0.023,0.03
2021-08-24 10:00,4.3,4.3,0.004,0.023,0.03
2021-08-24 11:00,4.35,4.36,0.004,0.02,0.029
2021-08-24 12:00,4.54,4.54,0.004,0.004,0.017
2021-08-24 13:00,5.51,5.51,0.004,0.007,0.022
2021-08-24 14:00,7.35,7.35,0.004,0.01,0.03
2021-08-24 15:00,8.23,8.23,0.004,0.016,0.037
2021-08-24 16:00,9.24,9.24,0.004,0.019,0.041
2021-08-24 17:00,9.26,9.26,0.004,0.017,0.037
2021-08-24 18:00,7.47,7.47,0.004,0.023,0.041
2021-08-24 19:00,6.75,6.75,0.004,0.022,0.037
2021-08-24 20:00,4.88,4.89,0.004,0.019,0.034
2021-08-24 21:00,4.77,4.78,0.004,0.021,0.035
2021-08-24 22:00,5.12,5.12,0.004,0.023,0.037
2021-08-24 23:00,4.96,4.96,0.004,0.021,0.036
2021-08-25 0:00,4.93,4.93,0.004,0.02,0.034
2021-08-25 1:00,5.19,5.19,0.004,0.021,0.036
2021-08-25 2:00,5.32,5.32,0.004,0.021,0.036
2021-08-25 3:00,5.67,5.67,0.004,0.022,0.035
2021-08-25 4:00,5.87,5.87,0.004,0.022,0.035
2021-08-25 5:00,5.95,5.95,0.004,0.025,0.031
2021-08-25 6:00,5.95,5.95,0.004,0.028,0.028
2021-08-25 7:00,6.18,6.18,0.004,0.031,0.029
2021-08-25 8:00,6.29,6.29,0.004,0.027,0.033
2021-08-25 9:00,6.31,6.31,0.004,0.023,0.029
2021-08-25 10:00,6.32,6.32,0.004,0.021,0.029
2021-08-25 11:00,6.21,6.21,0.004,0.028,0.036
2021-08-25 12:00,5.93,5.93,0.004,0.022,0.034
2021-08-25 13:00,6.02,6.02,0.004,0.02,0.035
2021-08-25 14:00,6.16,6.16,0.004,0.02,0.036
2021-08-25 15:00,4.8,4.8,0.004,0.02,0.042
2021-08-25 16:00,5.01,5.01,0.004,0.023,0.045
2021-08-25 17:00,5.12,5.12,0.004,0.021,0.048
2021-08-25 18:00,4.83,4.83,0.004,0.022,0.049
2021-08-25 19:00,5.06,5.06,0.004,0.025,0.048
2021-08-25 20:00,5.21,5.21,0.004,0.024,0.045
2021-08-25 21:00,5.37,5.37,0.004,0.024,0.043
2021-08-25 22:00,5.51,5.51,0.004,0.026,0.039
2021-08-25 23:00,5.41,5.41,0.004,0.027,0.034
2021-08-26 0:00,5.55,5.55,0.004,0.027,0.031
2021-08-26 1:00,5.33,5.33,0.004,0.023,0.029
2021-08-26 2:00,5.99,5.99,0.004,0.023,0.025
2021-08-26 3:00,6.55,6.57,0.004,0.025,0.023
2021-08-26 4:00,8.13,8.19,0.004,0.029,0.026
2021-08-26 5:00,8.96,9.03,0.004,0.027,0.026
2021-08-26 6:00,10.97,11.1,0.004,0.026,0.025
2021-08-26 7:00,8.69,8.78,0.004,0.026,0.031
2021-08-26 8:00,9.66,9.77,0.004,0.022,0.029
2021-08-26 9:00,11.19,11.32,0.004,0.018,0.025
2021-08-26 10:00,12.29,12.44,0.004,0.013,0.025
2021-08-26 11:00,12.21,12.26,0.004,0.005,0.025
2021-08-26 12:00,11.34,11.35,0.004,0.003,0.021
2021-08-26 13:00,11.45,11.45,0.004,0.002,0.02
2021-08-26 14:00,11.89,11.9,0.004,0.002,0.028
2021-08-26 15:00,11.78,11.78,0.004,0.004,0.035
2021-08-26 16:00,12.84,12.84,0.004,0.017,0.057
2021-08-26 17:00,13.06,13.06,0.004,0.02,0.059
2021-08-26 18:00,12.82,12.82,0.005,0.032,0.061
2021-08-26 19:00,13.61,13.62,0.004,0.031,0.061
2021-08-26 20:00,14.77,14.79,0.004,0.04,0.06
2021-08-26 21:00,15.97,15.99,0.004,0.04,0.056
2021-08-26 22:00,16.79,16.83,0.004,0.037,0.05
2021-08-26 23:00,18.13,18.17,0.004,0.029,0.049
2021-08-27 0:00,18.95,19.01,0.004,0.024,0.047
2021-08-27 1:00,19.39,19.49,0.004,0.023,0.044
2021-08-27 2:00,20.44,20.63,0.004,0.026,0.04
2021-08-27 3:00,21.21,21.43,0.004,0.024,0.042
2021-08-27 4:00,22.37,22.65,0.004,0.021,0.045
2021-08-27 5:00,22.37,22.64,0.004,0.021,0.036
2021-08-27 6:00,22.14,22.36,0.005,0.023,0.028
2021-08-27 7:00,21.42,21.62,0.005,0.029,0.028
2021-08-27 8:00,21.4,21.6,0.005,0.028,0.026
2021-08-27 9:00,23.4,23.67,0.005,0.018,0.026
2021-08-27 10:00,27.44,27.81,0.004,0.016,0.029
2021-08-27 11:00,10.7,10.73,0.004,0.018,0.036
2021-08-27 12:00,9.33,9.34,0.004,0.035,0.055
2021-08-27 13:00,10.7,10.72,0.004,0.04,0.056
2021-08-27 14:00,10.71,10.72,0.004,0.034,0.05
2021-08-27 15:00,9.87,9.87,0.004,0.03,0.047
2021-08-27 16:00,10.08,10.09,0.004,0.024,0.048
2021-08-27 17:00,8.64,8.65,0.004,0.027,0.046
2021-08-27 18:00,8.48,8.48,0.004,0.025,0.044
2021-08-27 19:00,9.41,9.42,0.004,0.03,0.041
2021-08-27 20:00,10.7,10.71,0.004,0.031,0.036
2021-08-27 21:00,13.84,13.86,0.004,0.031,0.032
2021-08-27 22:00,14.7,14.74,0.004,0.029,0.031
2021-08-27 23:00,15.63,15.78,0.004,0.028,0.029
2021-08-28 0:00,17.06,17.27,0.004,0.027,0.028
2021-08-28 1:00,18.71,19,0.004,0.026,0.028
2021-08-28 2:00,20.05,20.43,0.004,0.025,0.027
2021-08-28 3:00,21.65,22.03,0.004,0.024,0.026
2021-08-28 4:00,20.54,20.9,0.004,0.024,0.028
2021-08-28 5:00,19.13,19.47,0.004,0.026,0.024
2021-08-28 6:00,16.48,16.73,0.004,0.027,0.024
2021-08-28 7:00,16.53,16.82,0.004,0.029,0.024
2021-08-28 8:00,17.88,18.23,0.004,0.024,0.024
2021-08-28 9:00,15.29,15.52,0.004,0.018,0.021
2021-08-28 10:00,13.87,14.01,0.004,0.009,0.017
2021-08-28 11:00,11.53,11.59,0.004,0.002,0.011
2021-08-28 12:00,12.03,12.06,0.004,0.002,0.015
2021-08-28 13:00,13.28,13.3,0.004,0.002,0.026
2021-08-28 14:00,14.66,14.68,0.004,0.003,0.029
2021-08-28 15:00,17.64,17.68,0.004,0.013,0.047
2021-08-28 16:00,16.66,16.68,0.004,0.023,0.057
2021-08-28 17:00,17.48,17.5,0.004,0.018,0.057
2021-08-28 18:00,18.77,18.8,0.004,0.019,0.058
2021-08-28 19:00,18.76,18.79,0.004,0.04,0.063
2021-08-28 20:00,19.57,19.6,0.004,0.05,0.056
2021-08-28 21:00,19.76,19.8,0.005,0.046,0.047
2021-08-28 22:00,20.95,21,0.004,0.04,0.042
2021-08-28 23:00,22.99,23.11,0.004,0.035,0.037
2021-08-29 0:00,25.9,26.17,0.004,0.032,0.035
2021-08-29 1:00,26.97,27.22,0.004,0.029,0.03
2021-08-29 2:00,30.01,30.33,0.004,0.027,0.032
2021-08-29 3:00,29.45,29.79,0.004,0.027,0.033
2021-08-29 4:00,17.99,18.13,0.004,0.022,0.044
2021-08-29 5:00,10.09,10.09,0.003,0.023,0.058
2021-08-29 6:00,8.41,8.41,0.003,0.025,0.055
2021-08-29 7:00,9.1,9.1,0.003,0.026,0.053
2021-08-29 8:00,9.28,9.28,0.004,0.028,0.048
2021-08-29 9:00,9.96,9.96,0.004,0.027,0.047
2021-08-29 10:00,10.97,10.97,0.004,0.024,0.047
2021-08-29 11:00,11.6,11.6,0.004,0.022,0.047
2021-08-29 12:00,9.71,9.71,0.004,0.015,0.038
2021-08-29 13:00,8.37,8.37,0.004,0.003,0.018
2021-08-29 14:00,7.8,7.8,0.004,0.002,0.017
2021-08-29 15:00,7.83,7.83,0.004,0.002,0.019
2021-08-29 16:00,8.43,8.43,0.004,0.002,0.022
2021-08-29 17:00,10.49,10.49,0.004,0.003,0.034
2021-08-29 18:00,11.3,11.3,0.004,0.013,0.052
2021-08-29 19:00,10.87,10.87,0.004,0.05,0.067
2021-08-29 20:00,11.35,11.35,0.004,0.064,0.065
2021-08-29 21:00,11.63,11.63,0.004,0.056,0.057
2021-08-29 22:00,13.15,13.15,0.004,0.049,0.052
2021-08-29 23:00,15.76,15.76,0.004,0.043,0.044
2021-08-30 0:00,18.99,19,0.004,0.038,0.037
2021-08-30 1:00,20.16,20.18,0.004,0.033,0.031
2021-08-30 2:00,20.52,20.57,0.004,0.032,0.026
2021-08-30 3:00,22.99,23.17,0.004,0.032,0.025
2021-08-30 4:00,23.5,23.67,0.004,0.029,0.023
2021-08-30 5:00,24.53,24.74,0.004,0.03,0.022
2021-08-30 6:00,24.93,25.05,0.004,0.031,0.022
2021-08-30 7:00,23.51,23.63,0.004,0.032,0.024
2021-08-30 8:00,21.73,21.84,0.005,0.025,0.021
2021-08-30 9:00,19.39,19.43,0.004,0.021,0.021
2021-08-30 10:00,21.12,21.2,0.004,0.016,0.018
2021-08-30 11:00,32.67,32.86,0.004,0.014,0.02
2021-08-30 12:00,24.71,24.77,0.004,0.009,0.02
2021-08-30 13:00,19.32,19.33,0.004,0.004,0.021
2021-08-30 14:00,19.49,19.51,0.004,0.011,0.031
2021-08-30 15:00,26.21,26.27,0.004,0.017,0.053
2021-08-30 16:00,22.52,22.55,0.004,0.011,0.044
2021-08-30 17:00,20.8,20.82,0.004,0.01,0.043
2021-08-30 18:00,19.21,19.21,0.005,0.032,0.053
2021-08-30 19:00,19.13,19.13,0.004,0.054,0.06
2021-08-30 20:00,19.85,19.86,0.004,0.055,0.055
2021-08-30 21:00,21.83,21.88,0.004,0.049,0.05
2021-08-30 22:00,23.64,23.71,0.004,0.043,0.044
2021-08-30 23:00,25.01,25.13,0.004,0.041,0.043
2021-08-31 0:00,23.37,23.44,0.004,0.036,0.038
2021-08-31 1:00,22.98,23.08,0.004,0.032,0.033
2021-08-31 2:00,25.06,25.19,0.005,0.03,0.023
2021-08-31 3:00,25.5,25.6,0.005,0.029,0.02
2021-08-31 4:00,26.03,26.2,0.005,0.028,0.02
2021-08-31 5:00,25.94,26.11,0.005,0.03,0.022
2021-08-31 6:00,25.18,25.42,0.005,0.028,0.022
2021-08-31 7:00,25.71,25.88,0.005,0.03,0.023
2021-08-31 8:00,25.66,25.87,0.005,0.025,0.024
2021-08-31 9:00,25.18,25.35,0.005,0.024,0.021
2021-08-31 10:00,23.44,23.69,0.005,0.022,0.022
2021-08-31 11:00,21.85,22.03,0.005,0.017,0.021
2021-08-31 12:00,14.9,14.92,0.004,0.006,0.018
2021-08-31 13:00,19.12,19.18,0.004,0.014,0.028
2021-08-31 14:00,13.89,13.91,0.004,0.014,0.03
2021-08-31 15:00,15,15.02,0.004,0.027,0.038
2021-08-31 16:00,22.06,22.15,0.005,0.044,0.045
2021-08-31 17:00,12.17,12.18,0.004,0.036,0.044
2021-08-31 18:00,10.76,10.77,0.004,0.044,0.047
2021-08-31 19:00,11.74,11.77,0.004,0.04,0.043
2021-08-31 20:00,11.8,11.82,0.004,0.035,0.04
2021-08-31 21:00,11.93,11.95,0.004,0.035,0.038
2021-08-31 22:00,11.7,11.7,0.004,0.032,0.035
2021-08-31 23:00,13.01,13.02,0.004,0.026,0.029
2021-09-01 0:00,14.93,14.96,0.004,0.03,0.032
2021-09-01 1:00,10.74,10.74,0.004,0.024,0.036
2021-09-01 2:00,10.33,10.33,0.004,0.022,0.036
2021-09-01 3:00,6.81,6.81,0.004,0.022,0.026
2021-09-01 4:00,4.17,4.17,0.004,0.027,0.029
2021-09-01 5:00,4.22,4.22,0.004,0.027,0.027
2021-09-01 6:00,3.99,3.99,0.004,0.028,0.03
2021-09-01 7:00,3.81,3.81,0.004,0.024,0.032
2021-09-01 8:00,3.83,3.83,0.004,0.023,0.034
2021-09-01 9:00,3.8,3.8,0.004,0.026,0.036
2021-09-01 10:00,4.04,4.04,0.004,0.026,0.032
2021-09-01 11:00,4.69,4.69,0.004,0.024,0.031
2021-09-01 12:00,4.29,4.29,0.004,0.023,0.033
2021-09-01 13:00,4.26,4.26,0.004,0.021,0.034
2021-09-01 14:00,5.04,5.04,0.004,0.021,0.034
2021-09-01 15:00,4.24,4.24,0.004,0.015,0.033
2021-09-01 16:00,4.2,4.2,0.004,0.013,0.028
2021-09-01 17:00,4.15,4.15,0.004,0.014,0.031
2021-09-01 18:00,4.06,4.06,0.004,0.02,0.039
2021-09-01 19:00,4.06,4.06,0.004,0.024,0.041
2021-09-01 20:00,4.81,4.81,0.004,0.035,0.038
2021-09-01 21:00,4.3,4.3,0.004,0.032,0.034
2021-09-01 22:00,4.32,4.32,0.004,0.031,0.033
2021-09-01 23:00,4.55,4.55,0.004,0.033,0.03
2021-09-02 0:00,4.7,4.7,0.004,0.031,0.027
2021-09-02 1:00,5.42,5.42,0.004,0.027,0.024
2021-09-02 2:00,5.49,5.5,0.004,0.027,0.022
2021-09-02 3:00,5.76,5.77,0.004,0.03,0.022
2021-09-02 4:00,6.21,6.25,0.004,0.027,0.03
2021-09-02 5:00,5.6,5.62,0.004,0.026,0.033
2021-09-02 6:00,5.01,5.01,0.004,0.023,0.034
2021-09-02 7:00,5.52,5.52,0.004,0.021,0.035
2021-09-02 8:00,6.06,6.06,0.004,0.019,0.035
2021-09-02 9:00,5.75,5.75,0.004,0.006,0.019
2021-09-02 10:00,5.69,5.7,0.004,0.006,0.021
2021-09-02 11:00,5.66,5.66,0.004,0.002,0.012
2021-09-02 12:00,5.69,5.69,0.004,0.003,0.022
2021-09-02 13:00,5.85,5.85,0.004,0.006,0.034
2021-09-02 14:00,5.52,5.52,0.004,0.008,0.033
2021-09-02 15:00,5.44,5.44,0.004,0.013,0.036
2021-09-02 16:00,5.55,5.55,0.004,0.016,0.038
2021-09-02 17:00,5.73,5.73,0.004,0.02,0.045
2021-09-02 18:00,5.88,5.88,0.004,0.028,0.048
2021-09-02 19:00,6.23,6.23,0.004,0.033,0.049
2021-09-02 20:00,6.44,6.44,0.004,0.038,0.051
2021-09-02 21:00,6.38,6.38,0.004,0.036,0.049
2021-09-02 22:00,6.56,6.56,0.004,0.036,0.044
2021-09-02 23:00,6.74,6.75,0.004,0.033,0.04
2021-09-03 0:00,6.46,6.46,0.004,0.03,0.038
2021-09-03 1:00,6.91,6.91,0.004,0.032,0.038
2021-09-03 2:00,6.87,6.87,0.004,0.036,0.035
2021-09-03 3:00,7.35,7.35,0.004,0.033,0.031
2021-09-03 4:00,7.31,7.31,0.004,0.032,0.027
2021-09-03 5:00,6.48,6.48,0.004,0.03,0.026
2021-09-03 6:00,7.73,7.73,0.004,0.023,0.029
2021-09-03 7:00,8.57,8.57,0.004,0.026,0.028
2021-09-03 8:00,7.51,7.55,0.004,0.018,0.02
2021-09-03 9:00,6.48,6.48,0.004,0.005,0.011
2021-09-03 10:00,6.28,6.28,0.004,0.002,0.013
2021-09-03 11:00,5.59,5.59,0.004,0.003,0.012
2021-09-03 12:00,5.21,5.21,0.004,0.002,0.012
2021-09-03 13:00,5.58,5.58,0.004,0.003,0.028
2021-09-03 14:00,5.51,5.51,0.004,0.003,0.034
2021-09-03 15:00,5.58,5.58,0.004,0.003,0.031
2021-09-03 16:00,5.65,5.65,0.004,0.003,0.028
2021-09-03 17:00,6.19,6.19,0.004,0.012,0.049
2021-09-03 18:00,6.11,6.11,0.005,0.019,0.051
2021-09-03 19:00,5.99,5.99,0.005,0.035,0.058
2021-09-03 20:00,6.7,6.7,0.005,0.063,0.065
2021-09-03 21:00,8,8.01,0.005,0.059,0.057
2021-09-03 22:00,6.94,6.94,0.004,0.045,0.049
2021-09-03 23:00,6.28,6.28,0.004,0.029,0.039
2021-09-04 0:00,5.36,5.36,0.004,0.022,0.037
2021-09-04 1:00,5.05,5.05,0.004,0.022,0.039
2021-09-04 2:00,5,5,0.004,0.026,0.039
2021-09-04 3:00,4.95,4.95,0.004,0.031,0.04
2021-09-04 4:00,7.15,7.16,0.004,0.045,0.04
2021-09-04 5:00,5.87,5.87,0.004,0.049,0.039
2021-09-04 6:00,7.74,7.74,0.004,0.049,0.034
2021-09-04 7:00,8.23,8.23,0.004,0.046,0.031
2021-09-04 8:00,7.41,7.41,0.004,0.033,0.025
2021-09-04 9:00,5.9,5.9,0.004,0.013,0.016
2021-09-04 10:00,4.84,4.84,0.004,0.002,0.012
2021-09-04 11:00,4.9,4.9,0.004,0.002,0.014
2021-09-04 12:00,5.03,5.03,0.004,0.003,0.02
2021-09-04 13:00,4.9,4.91,0.004,0.004,0.03
2021-09-04 14:00,4.9,4.91,0.004,0.004,0.031
2021-09-04 15:00,4.83,4.83,0.004,0.006,0.035
2021-09-04 16:00,4.93,4.93,0.004,0.009,0.04
2021-09-04 17:00,4.97,4.97,0.004,0.018,0.048
2021-09-04 18:00,5,5,0.005,0.029,0.051
2021-09-04 19:00,4.86,4.86,0.005,0.04,0.053
2021-09-04 20:00,4.8,4.8,0.004,0.037,0.05
2021-09-04 21:00,4.92,4.92,0.004,0.031,0.046
2021-09-04 22:00,4.97,4.97,0.004,0.027,0.042
2021-09-04 23:00,4.85,4.85,0.004,0.025,0.041
2021-09-05 0:00,4.88,4.88,0.004,0.025,0.042
2021-09-05 1:00,4.92,4.92,0.004,0.03,0.042
2021-09-05 2:00,4.86,4.87,0.004,0.031,0.042
2021-09-05 3:00,5.68,5.68,0.004,0.046,0.04
2021-09-05 4:00,5.91,5.91,0.004,0.046,0.039
2021-09-05 5:00,5.89,5.89,0.004,0.04,0.033
2021-09-05 6:00,6.3,6.3,0.004,0.04,0.031
2021-09-05 7:00,6.74,6.74,0.004,0.039,0.028
2021-09-05 8:00,7.55,7.55,0.004,0.032,0.025
2021-09-05 9:00,6.58,6.58,0.004,0.017,0.02
2021-09-05 10:00,5.32,5.32,0.004,0.006,0.017
2021-09-05 11:00,5.26,5.26,0.004,0.003,0.014
2021-09-05 12:00,5.19,5.19,0.004,0.003,0.021
2021-09-05 13:00,5.16,5.16,0.004,0.006,0.027
2021-09-05 14:00,5.17,5.17,0.004,0.007,0.035
2021-09-05 15:00,5.21,5.21,0.004,0.01,0.038
2021-09-05 16:00,5.22,5.22,0.004,0.018,0.042
2021-09-05 17:00,5.38,5.38,0.004,0.02,0.042
2021-09-05 18:00,5.87,5.87,0.005,0.033,0.048
2021-09-05 19:00,6.12,6.12,0.004,0.03,0.047
2021-09-05 20:00,5.6,5.6,0.004,0.024,0.043
2021-09-05 21:00,5.68,5.68,0.004,0.026,0.044
2021-09-05 22:00,5.92,5.92,0.004,0.03,0.045
2021-09-05 23:00,5.91,5.91,0.004,0.033,0.047
2021-09-06 0:00,5.87,5.87,0.004,0.034,0.047
2021-09-06 1:00,5.93,5.94,0.004,0.034,0.045
2021-09-06 2:00,6.43,6.43,0.004,0.04,0.044
2021-09-06 3:00,6.74,6.74,0.004,0.039,0.043
2021-09-06 4:00,6.99,6.99,0.004,0.037,0.04
2021-09-06 5:00,7.67,7.67,0.004,0.037,0.034
2021-09-06 6:00,7.04,7.05,0.004,0.029,0.038
2021-09-06 7:00,6.66,6.67,0.004,0.023,0.037
2021-09-06 8:00,6.85,6.85,0.004,0.024,0.036
2021-09-06 9:00,6.39,6.4,0.004,0.018,0.028
2021-09-06 10:00,5.96,5.96,0.004,0.012,0.024
2021-09-06 11:00,5.91,5.91,0.004,0.011,0.026
2021-09-06 12:00,5.36,5.36,0.004,0.005,0.027
2021-09-06 13:00,5.27,5.27,0.004,0.006,0.029
2021-09-06 14:00,5.48,5.48,0.004,0.009,0.032
2021-09-06 15:00,5.53,5.53,0.004,0.011,0.033
2021-09-06 16:00,5.6,5.6,0.004,0.013,0.039
2021-09-06 17:00,6.06,6.06,0.004,0.026,0.048
2021-09-06 18:00,6.6,6.6,0.004,0.047,0.055
2021-09-06 19:00,7.09,7.09,0.004,0.025,0.046
2021-09-06 20:00,7.99,8,0.004,0.03,0.049
2021-09-06 21:00,10.11,10.13,0.004,0.064,0.062
2021-09-06 22:00,9.95,9.96,0.004,0.052,0.058
2021-09-06 23:00,11.21,11.25,0.004,0.047,0.055
2021-09-07 0:00,17.82,17.94,0.004,0.041,0.051
2021-09-07 1:00,9.8,9.83,0.004,0.035,0.047
2021-09-07 2:00,8.12,8.15,0.004,0.031,0.045
2021-09-07 3:00,8.02,8.02,0.004,0.027,0.043
2021-09-07 4:00,8.03,8.04,0.004,0.031,0.043
2021-09-07 5:00,8.17,8.19,0.004,0.028,0.041
2021-09-07 6:00,7.08,7.09,0.004,0.028,0.041
2021-09-07 7:00,6.87,6.88,0.004,0.027,0.04
2021-09-07 8:00,6.75,6.76,0.004,0.026,0.039
2021-09-07 9:00,5.98,5.98,0.004,0.024,0.037
2021-09-07 10:00,5.47,5.47,0.004,0.025,0.036
2021-09-07 11:00,5.04,5.05,0.004,0.024,0.035
2021-09-07 12:00,5.21,5.21,0.004,0.022,0.033
2021-09-07 13:00,5.63,5.63,0.004,0.025,0.035
2021-09-07 14:00,5.99,5.99,0.004,0.024,0.033
2021-09-07 15:00,6.17,6.17,0.004,0.024,0.031
2021-09-07 16:00,6.31,6.31,0.004,0.031,0.032
2021-09-07 17:00,5.68,5.69,0.004,0.032,0.034
2021-09-07 18:00,6.05,6.05,0.004,0.025,0.036
2021-09-07 19:00,6.56,6.56,0.004,0.027,0.038
2021-09-07 20:00,5.74,5.74,0.004,0.027,0.039
2021-09-07 21:00,5.18,5.19,0.004,0.024,0.037
2021-09-07 22:00,5.83,5.84,0.004,0.021,0.035
2021-09-07 23:00,5.67,5.67,0.004,0.02,0.034
2021-09-08 0:00,4.97,4.97,0.004,0.022,0.035
2021-09-08 1:00,4.63,4.63,0.004,0.023,0.035
2021-09-08 2:00,4.56,4.56,0.004,0.024,0.034
2021-09-08 3:00,5.15,5.15,0.004,0.026,0.032
2021-09-08 4:00,6.96,6.97,0.004,0.025,0.029
2021-09-08 5:00,6.82,6.87,0.004,0.023,0.03
2021-09-08 6:00,6.38,6.38,0.004,0.023,0.03
2021-09-08 7:00,8.15,8.15,0.004,0.026,0.03
2021-09-08 8:00,8.39,8.41,0.004,0.027,0.03
2021-09-08 9:00,7.55,7.55,0.004,0.024,0.03
2021-09-08 10:00,7.68,7.69,0.004,0.021,0.026
2021-09-08 11:00,7.42,7.43,0.004,0.021,0.025
2021-09-08 12:00,8.03,8.04,0.004,0.018,0.025
2021-09-08 13:00,7.96,7.96,0.004,0.004,0.017
2021-09-08 14:00,7.97,7.97,0.004,0.004,0.022
2021-09-08 15:00,5.73,5.73,0.004,0.002,0.02
2021-09-08 16:00,4.36,4.36,0.004,0.003,0.026
2021-09-08 17:00,5.08,5.08,0.004,0.013,0.056
2021-09-08 18:00,7.63,7.63,0.004,0.027,0.079
2021-09-08 19:00,6.22,6.23,0.004,0.042,0.071
2021-09-08 20:00,6.26,6.26,0.004,0.07,0.066
2021-09-08 21:00,6.27,6.27,0.004,0.066,0.055
2021-09-08 22:00,6.2,6.2,0.004,0.059,0.045
2021-09-08 23:00,6.5,6.5,0.004,0.049,0.038
2021-09-09 0:00,6.42,6.43,0.004,0.042,0.033
2021-09-09 1:00,6.6,6.62,0.004,0.041,0.032
2021-09-09 2:00,7.08,7.1,0.004,0.036,0.028
2021-09-09 3:00,6.87,6.88,0.004,0.035,0.025
2021-09-09 4:00,6.94,6.94,0.004,0.036,0.026
2021-09-09 5:00,6.95,6.97,0.004,0.029,0.019
2021-09-09 6:00,8.6,8.63,0.004,0.033,0.02
2021-09-09 7:00,10.09,10.14,0.004,0.036,0.023
2021-09-09 8:00,10.6,10.61,0.004,0.032,0.024
2021-09-09 9:00,10.61,10.63,0.004,0.022,0.02
2021-09-09 10:00,11.72,11.79,0.004,0.017,0.019
2021-09-09 11:00,13.1,13.22,0.004,0.004,0.013
2021-09-09 12:00,10.95,11.01,0.004,0.002,0.007
2021-09-09 13:00,8.47,8.47,0.004,0.002,0.019
2021-09-09 14:00,6.26,6.26,0.004,0.002,0.021
2021-09-09 15:00,5.88,5.88,0.004,0.002,0.02
2021-09-09 16:00,8.79,8.79,0.004,0.012,0.054
2021-09-09 17:00,10.43,10.43,0.004,0.016,0.064
2021-09-09 18:00,10.01,10.01,0.005,0.034,0.072
2021-09-09 19:00,9.96,9.96,0.005,0.069,0.074
2021-09-09 20:00,10.65,10.65,0.005,0.069,0.066
2021-09-09 21:00,10.81,10.81,0.004,0.059,0.058
2021-09-09 22:00,10.8,10.8,0.004,0.052,0.051
2021-09-09 23:00,10.47,10.47,0.004,0.044,0.046
2021-09-10 0:00,10.26,10.26,0.004,0.042,0.043
2021-09-10 1:00,9.63,9.63,0.004,0.039,0.037
2021-09-10 2:00,10.04,10.04,0.004,0.036,0.032
2021-09-10 3:00,10.48,10.48,0.004,0.031,0.024
2021-09-10 4:00,11.52,11.52,0.004,0.03,0.02
2021-09-10 5:00,11.59,11.59,0.004,0.032,0.022
2021-09-10 6:00,12.15,12.15,0.004,0.032,0.022
2021-09-10 7:00,13.23,13.23,0.005,0.029,0.02
2021-09-10 8:00,15.46,15.46,0.005,0.027,0.019
2021-09-10 9:00,16.04,16.04,0.005,0.023,0.018
2021-09-10 10:00,14.83,14.83,0.005,0.018,0.016
2021-09-10 11:00,10.4,10.4,0.004,0.006,0.013
2021-09-10 12:00,7.97,7.97,0.004,0.002,0.007
2021-09-10 13:00,7.99,7.99,0.004,0.002,0.018
2021-09-10 14:00,8.42,8.42,0.004,0.002,0.026
2021-09-10 15:00,7.78,7.78,0.004,0.002,0.03
2021-09-10 16:00,8.32,8.32,0.004,0.003,0.043
2021-09-10 17:00,8.74,8.74,0.004,0.016,0.065
2021-09-10 18:00,9.56,9.56,0.005,0.043,0.079
2021-09-10 19:00,9.89,9.89,0.005,0.065,0.08
2021-09-10 20:00,17.6,17.6,0.005,0.072,0.076
2021-09-10 21:00,18.61,18.61,0.005,0.061,0.061
2021-09-10 22:00,19.7,19.7,0.004,0.048,0.051
2021-09-10 23:00,19.78,19.79,0.004,0.042,0.042
2021-09-11 0:00,19.01,19.02,0.004,0.034,0.033
2021-09-11 1:00,20.09,20.11,0.004,0.031,0.03
2021-09-11 2:00,20.02,20.07,0.004,0.032,0.029
2021-09-11 3:00,20.13,20.17,0.004,0.028,0.024
2021-09-11 4:00,18.83,18.9,0.004,0.028,0.022
2021-09-11 5:00,17.2,17.26,0.004,0.029,0.021
2021-09-11 6:00,16.59,16.64,0.004,0.033,0.022
2021-09-11 7:00,16.47,16.55,0.004,0.033,0.023
2021-09-11 8:00,16.71,16.84,0.004,0.023,0.021
2021-09-11 9:00,20.65,20.72,0.004,0.018,0.015
2021-09-11 10:00,18.05,18.14,0.004,0.011,0.016
2021-09-11 11:00,11.05,11.06,0.004,0.002,0.006
2021-09-11 12:00,10.84,10.85,0.004,0.002,0.01
2021-09-11 13:00,10.73,10.73,0.004,0.002,0.031
2021-09-11 14:00,8.66,8.66,0.004,0.002,0.034
2021-09-11 15:00,8.34,8.36,0.006,0.002,0.029
2021-09-11 16:00,8.46,8.46,0.005,0.002,0.039
2021-09-11 17:00,8.96,8.96,0.004,0.007,0.054
2021-09-11 18:00,9.88,9.88,0.005,0.031,0.073
2021-09-11 19:00,10.85,10.85,0.005,0.063,0.076
2021-09-11 20:00,12.29,12.29,0.005,0.065,0.07
2021-09-11 21:00,16.05,16.06,0.005,0.059,0.063
2021-09-11 22:00,21.02,21.11,0.004,0.049,0.054
2021-09-11 23:00,16.16,16.21,0.004,0.043,0.05
2021-09-12 0:00,19.97,20.11,0.004,0.039,0.045
2021-09-12 1:00,17.52,17.61,0.004,0.034,0.043
2021-09-12 2:00,17.63,17.78,0.004,0.031,0.041
2021-09-12 3:00,17.43,17.59,0.004,0.03,0.035
2021-09-12 4:00,18.3,18.46,0.004,0.03,0.028
2021-09-12 5:00,19.27,19.44,0.004,0.031,0.03
2021-09-12 6:00,19.19,19.36,0.004,0.028,0.021
2021-09-12 7:00,20.33,20.5,0.004,0.03,0.021
2021-09-12 8:00,20.96,21.17,0.004,0.029,0.024
2021-09-12 9:00,16.57,16.68,0.004,0.018,0.02
2021-09-12 10:00,15.83,15.88,0.004,0.005,0.013
2021-09-12 11:00,16.85,16.89,0.004,0.002,0.007
2021-09-12 12:00,15.82,15.83,0.004,0.002,0.016
2021-09-12 13:00,15.88,15.9,0.004,0.003,0.038
2021-09-12 14:00,11.8,11.8,0.004,0.003,0.042
2021-09-12 15:00,11.5,11.5,0.004,0.003,0.045
2021-09-12 16:00,10.62,10.62,0.004,0.002,0.045
2021-09-12 17:00,10.39,10.39,0.004,0.003,0.047
2021-09-12 18:00,10.93,10.93,0.005,0.028,0.07
2021-09-12 19:00,11.86,11.87,0.005,0.066,0.077
2021-09-12 20:00,12.69,12.72,0.005,0.064,0.071
2021-09-12 21:00,13.7,13.76,0.004,0.058,0.065
2021-09-12 22:00,12.9,12.93,0.004,0.049,0.059
2021-09-12 23:00,13.62,13.64,0.004,0.038,0.056
2021-09-13 0:00,16.24,16.35,0.004,0.032,0.049
2021-09-13 1:00,17.09,17.14,0.004,0.032,0.039
2021-09-13 2:00,16.62,16.66,0.004,0.031,0.039
2021-09-13 3:00,13.94,13.96,0.004,0.027,0.039
2021-09-13 4:00,15.06,15.09,0.004,0.028,0.036
2021-09-13 5:00,14.01,14.03,0.004,0.029,0.033
2021-09-13 6:00,12.98,13,0.004,0.031,0.034
2021-09-13 7:00,12.81,12.84,0.004,0.034,0.035
2021-09-13 8:00,12.06,12.08,0.004,0.025,0.038
2021-09-13 9:00,10.5,10.51,0.004,0.014,0.027
2021-09-13 10:00,7.91,7.91,0.004,0.002,0.009
2021-09-13 11:00,7.19,7.19,0.004,0.002,0.015
2021-09-13 12:00,6.62,6.62,0.004,0.002,0.023
2021-09-13 13:00,6.4,6.4,0.004,0.003,0.027
2021-09-13 14:00,6.47,6.47,0.004,0.008,0.039
2021-09-13 15:00,6.47,6.47,0.004,0.012,0.042
2021-09-13 16:00,6.42,6.42,0.004,0.013,0.043
2021-09-13 17:00,6.33,6.33,0.004,0.018,0.046
2021-09-13 18:00,6.36,6.36,0.004,0.026,0.054
2021-09-13 19:00,6.51,6.51,0.004,0.037,0.058
2021-09-13 20:00,6.96,6.96,0.004,0.048,0.056
2021-09-13 21:00,7.35,7.35,0.004,0.049,0.053
2021-09-13 22:00,6.84,6.84,0.004,0.037,0.047
2021-09-13 23:00,6.83,6.83,0.004,0.038,0.043
2021-09-14 0:00,7.13,7.13,0.004,0.041,0.041
2021-09-14 1:00,6.94,6.94,0.004,0.042,0.039
2021-09-14 2:00,7.35,7.35,0.004,0.036,0.036
2021-09-14 3:00,7.1,7.11,0.004,0.026,0.034
2021-09-14 4:00,6.74,6.74,0.004,0.024,0.03
2021-09-14 5:00,6.86,6.87,0.004,0.031,0.028
2021-09-14 6:00,6.18,6.18,0.004,0.025,0.031
2021-09-14 7:00,5.96,5.96,0.004,0.027,0.03
2021-09-14 8:00,6.55,6.56,0.004,0.027,0.031
2021-09-14 9:00,6.84,6.85,0.004,0.023,0.027
2021-09-14 10:00,6.68,6.69,0.004,0.017,0.022
2021-09-14 11:00,6.03,6.03,0.004,0.012,0.022
2021-09-14 12:00,5.68,5.69,0.004,0.01,0.022
2021-09-14 13:00,5.57,5.58,0.004,0.014,0.032
2021-09-14 14:00,5.51,5.51,0.004,0.011,0.034
2021-09-14 15:00,5.55,5.55,0.004,0.012,0.038
2021-09-14 16:00,5.57,5.58,0.004,0.015,0.042
2021-09-14 17:00,5.78,5.78,0.004,0.018,0.047
2021-09-14 18:00,6.09,6.09,0.004,0.029,0.054
2021-09-14 19:00,6.88,6.9,0.004,0.043,0.054
2021-09-14 20:00,6.22,6.22,0.004,0.056,0.055
2021-09-14 21:00,6.37,6.37,0.004,0.039,0.051
2021-09-14 22:00,7.49,7.49,0.004,0.034,0.045
2021-09-14 23:00,7.14,7.15,0.004,0.027,0.041
2021-09-15 0:00,6.87,6.87,0.004,0.032,0.043
2021-09-15 1:00,6.85,6.86,0.004,0.034,0.043
2021-09-15 2:00,7.17,7.17,0.004,0.041,0.044
2021-09-15 3:00,7.27,7.27,0.004,0.039,0.041
2021-09-15 4:00,7.63,7.63,0.004,0.042,0.039
2021-09-15 5:00,7.73,7.74,0.004,0.046,0.034
2021-09-15 6:00,8.57,8.58,0.004,0.045,0.029
2021-09-15 7:00,8.31,8.33,0.004,0.046,0.028
2021-09-15 8:00,9.54,9.55,0.004,0.037,0.026
2021-09-15 9:00,6.6,6.61,0.004,0.01,0.015
2021-09-15 10:00,6.09,6.1,0.004,0.002,0.01
2021-09-15 11:00,6.21,6.21,0.004,0.002,0.018
2021-09-15 12:00,6.42,6.42,0.004,0.002,0.025
2021-09-15 13:00,6.46,6.46,0.004,0.003,0.032
2021-09-15 14:00,6.37,6.37,0.004,0.005,0.042
2021-09-15 15:00,6.33,6.33,0.004,0.005,0.041
2021-09-15 16:00,6.22,6.22,0.004,0.008,0.044
2021-09-15 17:00,5.94,5.94,0.004,0.015,0.049
2021-09-15 18:00,5.74,5.74,0.004,0.024,0.053
2021-09-15 19:00,5.72,5.72,0.004,0.033,0.055
2021-09-15 20:00,5.98,5.98,0.004,0.041,0.055
2021-09-15 21:00,5.92,5.92,0.004,0.04,0.053
2021-09-15 22:00,6.3,6.31,0.004,0.041,0.051
2021-09-15 23:00,6.28,6.28,0.004,0.045,0.049
2021-09-16 0:00,6,6,0.004,0.046,0.048
2021-09-16 1:00,5.89,5.89,0.004,0.041,0.046
2021-09-16 2:00,6.1,6.1,0.004,0.046,0.043
2021-09-16 3:00,6.4,6.41,0.004,0.042,0.042
2021-09-16 4:00,6.72,6.73,0.004,0.039,0.036
2021-09-16 5:00,7,7,0.004,0.047,0.032
2021-09-16 6:00,7.02,7.03,0.004,0.048,0.036
2021-09-16 7:00,8.33,8.35,0.004,0.047,0.032
2021-09-16 8:00,5.43,5.45,0.004,0.029,0.033
2021-09-16 9:00,5.27,5.28,0.004,0.011,0.016
2021-09-16 10:00,4.83,4.84,0.004,0.003,0.013
2021-09-16 11:00,4.73,4.74,0.004,0.003,0.019
2021-09-16 12:00,4.71,4.71,0.004,0.006,0.026
2021-09-16 13:00,4.73,4.73,0.004,0.011,0.038
2021-09-16 14:00,4.68,4.68,0.004,0.009,0.034
2021-09-16 15:00,4.73,4.73,0.004,0.007,0.032
2021-09-16 16:00,4.84,4.84,0.004,0.017,0.042
2021-09-16 17:00,4.88,4.88,0.004,0.018,0.045
2021-09-16 18:00,4.9,4.9,0.004,0.026,0.048
2021-09-16 19:00,4.89,4.89,0.004,0.034,0.05
2021-09-16 20:00,5.65,5.65,0.004,0.036,0.049
2021-09-16 21:00,5.42,5.42,0.004,0.03,0.044
2021-09-16 22:00,5.24,5.24,0.004,0.026,0.042
2021-09-16 23:00,5.08,5.08,0.004,0.038,0.05
2021-09-17 0:00,6.55,6.55,0.004,0.049,0.052
2021-09-17 1:00,7.14,7.14,0.004,0.041,0.044
2021-09-17 2:00,8.09,8.1,0.004,0.036,0.038
2021-09-17 3:00,8.15,8.15,0.004,0.034,0.035
2021-09-17 4:00,6.79,6.79,0.004,0.032,0.033
2021-09-17 5:00,6,6,0.004,0.031,0.034
2021-09-17 6:00,7.26,7.26,0.004,0.039,0.036
2021-09-17 7:00,7.69,7.69,0.004,0.042,0.037
2021-09-17 8:00,6.38,6.38,0.004,0.04,0.036
2021-09-17 9:00,4.76,4.76,0.004,0.038,0.037
2021-09-17 10:00,4.51,4.51,0.004,0.029,0.037
2021-09-17 11:00,4.44,4.44,0.004,0.03,0.042
2021-09-17 12:00,4.4,4.4,0.004,0.025,0.04
2021-09-17 13:00,4.66,4.66,0.004,0.024,0.039
2021-09-17 14:00,4.49,4.49,0.004,0.021,0.034
2021-09-17 15:00,4.25,4.25,0.004,0.014,0.026
2021-09-17 16:00,4.17,4.17,0.004,0.012,0.025
2021-09-17 17:00,3.99,3.99,0.004,0.019,0.033
2021-09-17 18:00,4.17,4.17,0.004,0.024,0.038
2021-09-17 19:00,4.46,4.46,0.004,0.034,0.041
2021-09-17 20:00,4.79,4.79,0.004,0.036,0.04
2021-09-17 21:00,5.06,5.06,0.004,0.04,0.035
2021-09-17 22:00,5.68,5.68,0.004,0.049,0.034
2021-09-17 23:00,5.95,5.95,0.004,0.048,0.03
2021-09-18 0:00,5.38,5.38,0.004,0.041,0.027
2021-09-18 1:00,4.88,4.88,0.004,0.038,0.027
2021-09-18 2:00,4.78,4.78,0.004,0.034,0.023
2021-09-18 3:00,5.06,5.06,0.004,0.032,0.02
2021-09-18 4:00,5.06,5.06,0.004,0.034,0.021
2021-09-18 5:00,5.51,5.51,0.004,0.033,0.019
2021-09-18 6:00,5.72,5.72,0.004,0.034,0.019
2021-09-18 7:00,7.39,7.4,0.004,0.028,0.018
2021-09-18 8:00,7.29,7.29,0.004,0.018,0.013
2021-09-18 9:00,6.17,6.17,0.004,0.006,0.006
2021-09-18 10:00,4.91,4.91,0.004,0.002,0.002
2021-09-18 11:00,4.23,4.23,0.004,0.002,0.007
2021-09-18 12:00,4.43,4.43,0.004,0.006,0.028
2021-09-18 13:00,4.5,4.5,0.004,0.011,0.04
2021-09-18 14:00,4.46,4.46,0.004,0.003,0.029
2021-09-18 15:00,4.53,4.53,0.004,0.005,0.036
2021-09-18 16:00,4.7,4.7,0.004,0.018,0.053
2021-09-18 17:00,4.73,4.73,0.004,0.027,0.061
2021-09-18 18:00,5,5,0.005,0.056,0.064
2021-09-18 19:00,5.43,5.43,0.005,0.059,0.062
2021-09-18 20:00,5.63,5.63,0.004,0.054,0.055
2021-09-18 21:00,5.68,5.68,0.004,0.047,0.049
2021-09-18 22:00,6.29,6.29,0.004,0.041,0.045
2021-09-18 23:00,5.86,5.86,0.004,0.037,0.038
2021-09-19 0:00,7.33,7.33,0.004,0.033,0.027
2021-09-19 1:00,7.71,7.71,0.004,0.035,0.025
2021-09-19 2:00,7.17,7.17,0.004,0.032,0.024
2021-09-19 3:00,6.39,6.39,0.004,0.03,0.025
2021-09-19 4:00,6.59,6.59,0.004,0.029,0.024
2021-09-19 5:00,6.92,6.92,0.004,0.029,0.023
2021-09-19 6:00,6.99,6.99,0.004,0.031,0.022
2021-09-19 7:00,7.25,7.25,0.004,0.026,0.021
2021-09-19 8:00,7.45,7.46,0.004,0.016,0.015
2021-09-19 9:00,6.79,6.79,0.004,0.005,0.009
2021-09-19 10:00,6.45,6.45,0.004,0.002,0.008
2021-09-19 11:00,6.15,6.15,0.004,0.005,0.024
2021-09-19 12:00,5.53,5.53,0.004,0.002,0.014
2021-09-19 13:00,5.58,5.58,0.004,0.002,0.023
2021-09-19 14:00,5.31,5.31,0.004,0.002,0.033
2021-09-19 15:00,5.1,5.1,0.004,0.005,0.04
2021-09-19 16:00,4.87,4.87,0.004,0.011,0.044
2021-09-19 17:00,4.87,4.87,0.004,0.024,0.055
2021-09-19 18:00,5.26,5.26,0.004,0.055,0.064
2021-09-19 19:00,5.77,5.77,0.004,0.059,0.064
2021-09-19 20:00,5.72,5.72,0.004,0.056,0.059
2021-09-19 21:00,6.77,6.77,0.004,0.054,0.051
2021-09-19 22:00,7.4,7.4,0.004,0.049,0.044
2021-09-19 23:00,7.54,7.54,0.004,0.045,0.039
2021-09-20 0:00,8.8,8.81,0.004,0.041,0.031
2021-09-20 1:00,7.37,7.37,0.004,0.037,0.034
2021-09-20 2:00,5.92,5.92,0.004,0.024,0.04
2021-09-20 3:00,6.2,6.2,0.004,0.024,0.036
2021-09-20 4:00,6.22,6.22,0.004,0.03,0.034
2021-09-20 5:00,6.34,6.34,0.004,0.034,0.033
2021-09-20 6:00,6.44,6.44,0.004,0.035,0.031
2021-09-20 7:00,6.66,6.66,0.004,0.024,0.03
2021-09-20 8:00,5.45,5.45,0.004,0.004,0.012
2021-09-20 9:00,4.96,4.96,0.003,0.002,0.007
2021-09-20 10:00,4.67,4.67,0.004,0.003,0.016
2021-09-20 11:00,4.5,4.5,0.004,0.003,0.023
2021-09-20 12:00,4.37,4.37,0.004,0.003,0.032
2021-09-20 13:00,4.53,4.53,0.004,0.009,0.036
2021-09-20 14:00,4.67,4.67,0.004,0.009,0.032
2021-09-20 15:00,5.2,5.2,0.004,0.018,0.045
2021-09-20 16:00,5.63,5.63,0.004,0.019,0.047
2021-09-20 17:00,5.82,5.82,0.004,0.025,0.05
2021-09-20 18:00,5.81,5.81,0.004,0.037,0.055
2021-09-20 19:00,6.17,6.17,0.004,0.038,0.053
2021-09-20 20:00,6.28,6.28,0.004,0.036,0.05
2021-09-20 21:00,6.73,6.73,0.004,0.03,0.048
2021-09-20 22:00,7.49,7.49,0.004,0.028,0.047
2021-09-20 23:00,8.39,8.39,0.004,0.027,0.046
2021-09-21 0:00,8.95,8.95,0.004,0.025,0.044
2021-09-21 1:00,9.15,9.15,0.004,0.023,0.043
2021-09-21 2:00,9.05,9.05,0.004,0.022,0.041
2021-09-21 3:00,9.15,9.15,0.004,0.023,0.042
2021-09-21 4:00,10.19,10.19,0.004,0.035,0.048
2021-09-21 5:00,11.06,11.06,0.004,0.04,0.046
2021-09-21 6:00,11.88,11.88,0.004,0.04,0.043
2021-09-21 7:00,9.56,9.56,0.004,0.036,0.039
2021-09-21 8:00,5.27,5.27,0.004,0.031,0.036
2021-09-21 9:00,5.17,5.17,0.004,0.029,0.034
2021-09-21 10:00,5.34,5.34,0.004,0.021,0.033
2021-09-21 11:00,6.31,6.31,0.004,0.011,0.029
2021-09-21 12:00,6.7,6.7,0.004,0.007,0.026
2021-09-21 13:00,6.99,6.99,0.004,0.005,0.029
2021-09-21 14:00,7.14,7.14,0.004,0.002,0.025
2021-09-21 15:00,7.34,7.34,0.004,0.006,0.033
2021-09-21 16:00,7.85,7.85,0.004,0.019,0.048
2021-09-21 17:00,7.24,7.24,0.004,0.017,0.047
2021-09-21 18:00,7.75,7.75,0.004,0.034,0.053
2021-09-21 19:00,8.36,8.36,0.004,0.041,0.056
2021-09-21 20:00,8.62,8.62,0.004,0.036,0.054
2021-09-21 21:00,8.36,8.36,0.004,0.032,0.054
2021-09-21 22:00,9.05,9.05,0.004,0.031,0.054
2021-09-21 23:00,9.33,9.33,0.004,0.025,0.052
2021-09-22 0:00,9.74,9.74,0.004,0.023,0.053
2021-09-22 1:00,10.03,10.03,0.004,0.02,0.054
2021-09-22 2:00,6.14,6.14,0.003,0.025,0.06
2021-09-22 3:00,5.59,5.59,0.003,0.031,0.066
2021-09-22 4:00,6.74,6.74,0.003,0.029,0.063
2021-09-22 5:00,6.96,6.96,0.003,0.028,0.059
2021-09-22 6:00,7.49,7.49,0.004,0.028,0.053
2021-09-22 7:00,7.92,7.93,0.004,0.027,0.049
2021-09-22 8:00,7.62,7.62,0.004,0.016,0.036
2021-09-22 9:00,7.92,7.92,0.004,0.011,0.033
2021-09-22 10:00,9.56,9.56,0.004,0.004,0.029
2021-09-22 11:00,10.57,10.57,0.004,0.007,0.037
2021-09-22 12:00,7.87,7.87,0.004,0.012,0.044
2021-09-22 13:00,5.15,5.15,0.003,0.002,0.029
2021-09-22 14:00,5.4,5.4,0.004,0.006,0.043
2021-09-22 15:00,5.5,5.5,0.004,0.013,0.055
2021-09-22 16:00,5.4,5.4,0.004,0.02,0.063
2021-09-22 17:00,6,6,0.004,0.043,0.075
2021-09-22 18:00,7.43,7.43,0.004,0.05,0.074
2021-09-22 19:00,7.24,7.24,0.004,0.044,0.065
2021-09-22 20:00,6.41,6.41,0.004,0.046,0.059
2021-09-22 21:00,5.7,5.7,0.004,0.042,0.056
2021-09-22 22:00,5.67,5.67,0.004,0.035,0.048
2021-09-22 23:00,5.97,5.97,0.004,0.033,0.046
2021-09-23 0:00,6.44,6.44,0.004,0.037,0.043
2021-09-23 1:00,6.94,6.94,0.004,0.036,0.038
2021-09-23 2:00,7.34,7.35,0.004,0.036,0.036
2021-09-23 3:00,7.78,7.78,0.004,0.034,0.034
2021-09-23 4:00,7.96,7.96,0.004,0.033,0.033
2021-09-23 5:00,8.05,8.06,0.004,0.033,0.034
2021-09-23 6:00,9.38,9.39,0.004,0.036,0.033
2021-09-23 7:00,8.9,8.9,0.004,0.029,0.034
2021-09-23 8:00,8.82,8.82,0.004,0.014,0.023
2021-09-23 9:00,6.03,6.03,0.003,0.002,0.009
2021-09-23 10:00,5.62,5.62,0.003,0.002,0.016
2021-09-23 11:00,5.88,5.88,0.003,0.006,0.029
2021-09-23 12:00,6.1,6.1,0.003,0.012,0.042
2021-09-23 13:00,6.11,6.11,0.003,0.01,0.046
2021-09-23 14:00,6.27,6.27,0.004,0.016,0.051
2021-09-23 15:00,6.51,6.51,0.004,0.019,0.056
2021-09-23 16:00,6.64,6.64,0.004,0.02,0.057
2021-09-23 17:00,6.63,6.63,0.004,0.03,0.062
2021-09-23 18:00,7.14,7.14,0.004,0.05,0.07
2021-09-23 19:00,7.19,7.19,0.004,0.065,0.064
2021-09-23 20:00,7.5,7.5,0.004,0.061,0.056
2021-09-23 21:00,7.41,7.41,0.004,0.052,0.049
2021-09-23 22:00,6.96,6.96,0.004,0.045,0.046
2021-09-23 23:00,6.74,6.74,0.004,0.042,0.044
2021-09-24 0:00,6.93,6.93,0.004,0.04,0.043
2021-09-24 1:00,7.39,7.39,0.004,0.038,0.039
2021-09-24 2:00,10.93,10.96,0.004,0.04,0.036
2021-09-24 3:00,10.63,10.65,0.004,0.038,0.031
2021-09-24 4:00,8.89,8.89,0.004,0.041,0.033
2021-09-24 5:00,9.48,9.49,0.004,0.041,0.031
2021-09-24 6:00,9.95,9.95,0.004,0.035,0.02
2021-09-24 7:00,12.79,12.79,0.004,0.036,0.022
2021-09-24 8:00,12.43,12.43,0.004,0.02,0.014
2021-09-24 9:00,9.63,9.63,0.004,0.005,0.009
2021-09-24 10:00,7.91,7.91,0.004,0.003,0.015
2021-09-24 11:00,6.65,6.65,0.004,0.002,0.015
2021-09-24 12:00,5.56,5.56,0.004,0.003,0.025
2021-09-24 13:00,5.75,5.75,0.004,0.005,0.035
2021-09-24 14:00,5.88,5.88,0.004,0.009,0.042
2021-09-24 15:00,5.92,5.92,0.004,0.014,0.05
2021-09-24 16:00,5.72,5.72,0.004,0.021,0.056
2021-09-24 17:00,5.72,5.72,0.004,0.027,0.057
2021-09-24 18:00,6.72,6.72,0.004,0.045,0.062
2021-09-24 19:00,6.39,6.39,0.004,0.051,0.056
2021-09-24 20:00,5.75,5.75,0.004,0.045,0.048
2021-09-24 21:00,5.21,5.21,0.004,0.043,0.043
2021-09-24 22:00,4.89,4.89,0.004,0.041,0.039
2021-09-24 23:00,4.83,4.83,0.004,0.046,0.036
2021-09-25 0:00,5.14,5.14,0.004,0.047,0.034
2021-09-25 1:00,5.26,5.26,0.004,0.047,0.032
2021-09-25 2:00,5.39,5.39,0.004,0.043,0.029
2021-09-25 3:00,5.32,5.32,0.004,0.04,0.025
2021-09-25 4:00,5.84,5.84,0.004,0.041,0.024
2021-09-25 5:00,6.12,6.12,0.004,0.039,0.022
2021-09-25 6:00,6.78,6.78,0.004,0.039,0.024
2021-09-25 7:00,7.57,7.58,0.004,0.036,0.022
2021-09-25 8:00,6.52,6.52,0.004,0.021,0.018
2021-09-25 9:00,5.48,5.48,0.004,0.007,0.009
2021-09-25 10:00,4.69,4.69,0.004,0.003,0.011
2021-09-25 11:00,4.89,4.89,0.004,0.011,0.019
2021-09-25 12:00,4.74,4.74,0.004,0.018,0.028
2021-09-25 13:00,4.62,4.62,0.004,0.02,0.032
2021-09-25 14:00,4.55,4.55,0.004,0.026,0.036
2021-09-25 15:00,7.73,7.75,0.004,0.035,0.037
2021-09-25 16:00,5.25,5.26,0.004,0.031,0.035
2021-09-25 17:00,5.09,5.09,0.004,0.04,0.037
2021-09-25 18:00,5.3,5.31,0.004,0.037,0.035
2021-09-25 19:00,5.55,5.56,0.004,0.031,0.035
2021-09-25 20:00,5.35,5.35,0.004,0.029,0.033
2021-09-25 21:00,5.56,5.56,0.004,0.034,0.032
2021-09-25 22:00,5.31,5.31,0.004,0.035,0.03
2021-09-25 23:00,5.2,5.2,0.004,0.036,0.029
2021-09-26 0:00,5.56,5.56,0.004,0.035,0.028
2021-09-26 1:00,5.88,5.88,0.004,0.036,0.025
2021-09-26 2:00,5.62,5.62,0.004,0.032,0.024
2021-09-26 3:00,5.44,5.45,0.004,0.024,0.025
2021-09-26 4:00,5.85,5.85,0.004,0.03,0.023
2021-09-26 5:00,5.93,5.94,0.004,0.036,0.024
2021-09-26 6:00,6.05,6.05,0.004,0.04,0.025
2021-09-26 7:00,6.35,6.35,0.004,0.032,0.023
2021-09-26 8:00,5.34,5.35,0.004,0.014,0.017
2021-09-26 9:00,4.85,4.87,0.004,0.008,0.016
2021-09-26 10:00,4.84,4.85,0.004,0.008,0.019
2021-09-26 11:00,4.81,4.82,0.004,0.004,0.017
2021-09-26 12:00,4.65,4.65,0.004,0.008,0.025
2021-09-26 13:00,4.59,4.59,0.004,0.006,0.028
2021-09-26 14:00,4.66,4.66,0.004,0.007,0.027
2021-09-26 15:00,4.71,4.71,0.004,0.012,0.034
2021-09-26 16:00,4.68,4.68,0.004,0.017,0.04
2021-09-26 17:00,4.76,4.76,0.004,0.04,0.053
2021-09-26 18:00,5.25,5.25,0.005,0.06,0.053
2021-09-26 19:00,5.44,5.44,0.004,0.055,0.048
2021-09-26 20:00,5.68,5.68,0.004,0.039,0.041
2021-09-26 21:00,4.96,4.96,0.004,0.022,0.034
2021-09-26 22:00,4.59,4.59,0.004,0.022,0.032
2021-09-26 23:00,4.58,4.58,0.004,0.032,0.036
2021-09-27 0:00,4.68,4.68,0.004,0.038,0.037
2021-09-27 1:00,4.83,4.83,0.004,0.045,0.038
2021-09-27 2:00,5.01,5.01,0.004,0.048,0.037
2021-09-27 3:00,5.01,5.01,0.004,0.041,0.036
2021-09-27 4:00,5.35,5.35,0.004,0.038,0.031
2021-09-27 5:00,6.05,6.05,0.004,0.046,0.03
2021-09-27 6:00,6.75,6.75,0.004,0.044,0.028
2021-09-27 7:00,6.18,6.18,0.004,0.035,0.028
2021-09-27 8:00,5.36,5.36,0.004,0.023,0.023
2021-09-27 9:00,5.13,5.13,0.004,0.018,0.021
2021-09-27 10:00,4.73,4.73,0.004,0.009,0.017
2021-09-27 11:00,4.53,4.53,0.004,0.003,0.015
2021-09-27 12:00,4.39,4.39,0.004,0.004,0.022
2021-09-27 13:00,4.32,4.32,0.004,0.008,0.027
2021-09-27 14:00,4.23,4.23,0.004,0.011,0.03
2021-09-27 15:00,4.27,4.27,0.004,0.021,0.042
2021-09-27 16:00,4.44,4.44,0.004,0.035,0.049
2021-09-27 17:00,4.69,4.69,0.004,0.054,0.054
2021-09-27 18:00,5.23,5.23,0.004,0.071,0.054
2021-09-27 19:00,5.17,5.17,0.004,0.054,0.045
2021-09-27 20:00,5.35,5.35,0.004,0.04,0.037
2021-09-27 21:00,5.83,5.83,0.004,0.034,0.035
2021-09-27 22:00,6.51,6.51,0.004,0.032,0.032
2021-09-27 23:00,7.41,7.41,0.004,0.031,0.031
2021-09-28 0:00,5.55,5.55,0.004,0.025,0.031
2021-09-28 1:00,5.8,5.8,0.004,0.029,0.033
2021-09-28 2:00,6.27,6.27,0.004,0.033,0.031
2021-09-28 3:00,5.5,5.5,0.004,0.026,0.028
2021-09-28 4:00,6.01,6.01,0.004,0.024,0.029
2021-09-28 5:00,5.53,5.53,0.004,0.027,0.03
2021-09-28 6:00,5.73,5.73,0.004,0.026,0.03
2021-09-28 7:00,5.89,5.89,0.004,0.027,0.029
2021-09-28 8:00,6.38,6.38,0.004,0.022,0.024
2021-09-28 9:00,5.95,5.96,0.004,0.02,0.024
2021-09-28 10:00,4.95,4.95,0.004,0.004,0.014
2021-09-28 11:00,4.67,4.67,0.004,0.003,0.017
2021-09-28 12:00,4.67,4.67,0.004,0.016,0.033
2021-09-28 13:00,4.89,4.89,0.004,0.01,0.031
2021-09-28 14:00,5.12,5.12,0.004,0.014,0.036
2021-09-28 15:00,5.4,5.4,0.004,0.02,0.039
2021-09-28 16:00,5.64,5.64,0.004,0.023,0.042
2021-09-28 17:00,5.89,5.89,0.004,0.034,0.046
2021-09-28 18:00,6.52,6.52,0.004,0.054,0.054
2021-09-28 19:00,7.47,7.47,0.004,0.063,0.054
2021-09-28 20:00,8.07,8.07,0.004,0.047,0.046
2021-09-28 21:00,9.11,9.11,0.004,0.044,0.035
2021-09-28 22:00,9.79,9.79,0.004,0.036,0.034
2021-09-28 23:00,7.54,7.54,0.004,0.03,0.036
2021-09-29 0:00,7.29,7.29,0.004,0.026,0.034
2021-09-29 1:00,7.22,7.22,0.004,0.024,0.031
2021-09-29 2:00,7.14,7.14,0.004,0.023,0.03
2021-09-29 3:00,7.03,7.03,0.004,0.023,0.03
2021-09-29 4:00,7.12,7.12,0.004,0.023,0.027
2021-09-29 5:00,7.25,7.25,0.004,0.024,0.028
2021-09-29 6:00,8,8,0.004,0.026,0.031
2021-09-29 7:00,9.11,9.12,0.004,0.025,0.028
2021-09-29 8:00,13.5,13.54,0.004,0.034,0.025
2021-09-29 9:00,16.01,16.09,0.005,0.042,0.029
2021-09-29 10:00,8.08,8.08,0.004,0.04,0.035
2021-09-29 11:00,6.13,6.13,0.004,0.026,0.037
2021-09-29 12:00,7.62,7.63,0.004,0.028,0.037
2021-09-29 13:00,9.23,9.25,0.004,0.026,0.038
2021-09-29 14:00,6.58,6.58,0.004,0.02,0.036
2021-09-29 15:00,6.54,6.54,0.004,0.016,0.033
2021-09-29 16:00,9.72,9.72,0.004,0.025,0.042
2021-09-29 17:00,10.01,10.01,0.004,0.033,0.048
2021-09-29 18:00,11.91,11.95,0.004,0.044,0.044
2021-09-29 19:00,13.48,13.56,0.004,0.042,0.038
2021-09-29 20:00,14.32,14.48,0.004,0.035,0.034
2021-09-29 21:00,15.23,15.51,0.004,0.031,0.031
2021-09-29 22:00,15.4,15.72,0.004,0.032,0.028
2021-09-29 23:00,16.6,16.99,0.004,0.032,0.027
2021-09-30 0:00,16.56,16.94,0.004,0.03,0.024
2021-09-30 1:00,17.64,18.04,0.004,0.028,0.022
2021-09-30 2:00,18.22,18.63,0.004,0.026,0.02
2021-09-30 3:00,19.64,20.31,0.004,0.025,0.023
2021-09-30 4:00,21.45,22.73,0.004,0.025,0.027
2021-09-30 5:00,12.22,12.51,0.004,0.023,0.029
2021-09-30 6:00,15.71,16.17,0.004,0.031,0.028
2021-09-30 7:00,14.46,14.81,0.004,0.03,0.028
2021-09-30 8:00,12.93,13.17,0.004,0.024,0.026
2021-09-30 9:00,11.28,11.39,0.004,0.02,0.023
2021-09-30 10:00,10.11,10.12,0.004,0.012,0.017
2021-09-30 11:00,10.14,10.14,0.004,0.004,0.012
2021-09-30 12:00,9.57,9.57,0.004,0.005,0.02
2021-09-30 13:00,8.08,8.08,0.004,0.003,0.024
2021-09-30 14:00,5.87,5.87,0.004,0.002,0.023
2021-09-30 15:00,6.8,6.8,0.004,0.006,0.034
2021-09-30 16:00,7.3,7.3,0.004,0.016,0.052
2021-09-30 17:00,6.13,6.13,0.004,0.039,0.059
2021-09-30 18:00,6.18,6.18,0.004,0.071,0.062
2021-09-30 19:00,6.59,6.59,0.004,0.069,0.057
2021-09-30 20:00,6.9,6.9,0.004,0.062,0.051
2021-09-30 21:00,7.05,7.05,0.004,0.054,0.045
2021-09-30 22:00,7.38,7.38,0.004,0.047,0.04
2021-09-30 23:00,7.85,7.85,0.004,0.043,0.036
2021-10-01 0:00,8.53,8.53,0.004,0.04,0.029
2021-10-01 1:00,8.23,8.23,0.004,0.037,0.027
2021-10-01 2:00,9.07,9.08,0.004,0.035,0.023
2021-10-01 3:00,10.58,10.6,0.004,0.035,0.019
2021-10-01 4:00,10.9,10.91,0.004,0.037,0.021
2021-10-01 5:00,12.46,12.48,0.004,0.035,0.022
2021-10-01 6:00,14.09,14.14,0.004,0.037,0.021
2021-10-01 7:00,16.2,16.33,0.004,0.034,0.019
2021-10-01 8:00,13.47,13.53,0.004,0.028,0.02
2021-10-01 9:00,14.46,14.58,0.004,0.022,0.018
2021-10-01 10:00,14.86,14.97,0.004,0.006,0.011
2021-10-01 11:00,13.24,13.25,0.004,0.002,0.014
2021-10-01 12:00,11.37,11.37,0.004,0.002,0.02
2021-10-01 13:00,9.05,9.05,0.004,0.002,0.02
2021-10-01 14:00,10.96,10.96,0.003,0.002,0.033
2021-10-01 15:00,13.06,13.07,0.003,0.004,0.053
2021-10-01 16:00,12.06,12.07,0.004,0.019,0.07
2021-10-01 17:00,12.18,12.18,0.004,0.069,0.08
2021-10-01 18:00,13.26,13.28,0.004,0.082,0.076
2021-10-01 19:00,16.55,16.65,0.004,0.073,0.07
2021-10-01 20:00,21.43,21.59,0.004,0.067,0.065
2021-10-01 21:00,28.48,28.84,0.004,0.058,0.059
2021-10-01 22:00,25.91,26.33,0.004,0.044,0.061
2021-10-01 23:00,13.55,13.72,0.003,0.025,0.058
2021-10-02 0:00,5.69,5.71,0.003,0.029,0.06
2021-10-02 1:00,6.21,6.23,0.003,0.033,0.058
2021-10-02 2:00,6.64,6.66,0.004,0.033,0.048
2021-10-02 3:00,7.39,7.41,0.004,0.034,0.041
2021-10-02 4:00,7.2,7.23,0.004,0.033,0.046
2021-10-02 5:00,6.56,6.57,0.004,0.034,0.047
2021-10-02 6:00,6.74,6.75,0.004,0.037,0.042
2021-10-02 7:00,8.27,8.29,0.004,0.039,0.04
2021-10-02 8:00,8.66,8.67,0.004,0.025,0.028
2021-10-02 9:00,6.79,6.79,0.004,0.007,0.018
2021-10-02 10:00,7.49,7.49,0.004,0.002,0.017
2021-10-02 11:00,8.26,8.26,0.003,0.002,0.022
2021-10-02 12:00,9.48,9.49,0.003,0.004,0.044
2021-10-02 13:00,9.57,9.57,0.004,0.004,0.046
2021-10-02 14:00,9.03,9.03,0.004,0.004,0.046
2021-10-02 15:00,9.29,9.29,0.004,0.015,0.06
2021-10-02 16:00,9.66,9.66,0.004,0.02,0.068
2021-10-02 17:00,10.01,10.01,0.004,0.051,0.071
2021-10-02 18:00,11.12,11.13,0.004,0.069,0.068
2021-10-02 19:00,12.05,12.06,0.004,0.064,0.063
2021-10-02 20:00,13.16,13.19,0.004,0.055,0.057
2021-10-02 21:00,14.63,14.66,0.004,0.048,0.05
2021-10-02 22:00,13.66,13.72,0.004,0.042,0.044
2021-10-02 23:00,14.45,14.54,0.004,0.037,0.043
2021-10-03 0:00,15.76,15.86,0.004,0.035,0.041
2021-10-03 1:00,16.3,16.42,0.004,0.033,0.037
2021-10-03 2:00,16.8,16.93,0.004,0.031,0.037
2021-10-03 3:00,16.54,16.7,0.004,0.03,0.033
2021-10-03 4:00,17.06,17.19,0.004,0.029,0.033
2021-10-03 5:00,16.69,16.8,0.004,0.029,0.032
2021-10-03 6:00,16.13,16.25,0.004,0.031,0.03
2021-10-03 7:00,16.05,16.14,0.004,0.026,0.026
2021-10-03 8:00,12.86,12.87,0.004,0.016,0.018
2021-10-03 9:00,13.76,13.77,0.004,0.009,0.012
2021-10-03 10:00,11.36,11.36,0.004,0.003,0.011
2021-10-03 11:00,9.33,9.33,0.004,0.002,0.01
2021-10-03 12:00,8.7,8.7,0.004,0.002,0.011
2021-10-03 13:00,7.89,7.89,0.004,0.002,0.011
2021-10-03 14:00,7.86,7.86,0.004,0.002,0.028
2021-10-03 15:00,7.65,7.65,0.004,0.006,0.043
2021-10-03 16:00,7.82,7.82,0.005,0.032,0.062
2021-10-03 17:00,8.26,8.26,0.005,0.064,0.071
2021-10-03 18:00,9.13,9.13,0.004,0.065,0.069
2021-10-03 19:00,9.43,9.43,0.004,0.061,0.065
2021-10-03 20:00,9.37,9.37,0.004,0.052,0.057
2021-10-03 21:00,11.45,11.49,0.004,0.041,0.055
2021-10-03 22:00,12.69,12.7,0.004,0.032,0.048
2021-10-03 23:00,13.58,13.6,0.004,0.042,0.039
2021-10-04 0:00,14.43,14.47,0.004,0.043,0.032
2021-10-04 1:00,15.34,15.39,0.004,0.045,0.036
2021-10-04 2:00,15.22,15.29,0.004,0.037,0.03
2021-10-04 3:00,14.18,14.2,0.004,0.032,0.035
2021-10-04 4:00,14.58,14.64,0.004,0.031,0.024
2021-10-04 5:00,13.88,13.9,0.004,0.032,0.033
2021-10-04 6:00,17.41,17.48,0.004,0.037,0.024
2021-10-04 7:00,17.25,17.29,0.004,0.037,0.023
2021-10-04 8:00,14.84,14.86,0.004,0.029,0.024
2021-10-04 9:00,12.48,12.52,0.004,0.017,0.024
2021-10-04 10:00,11.71,11.71,0.004,0.015,0.026
2021-10-04 11:00,10.75,10.75,0.004,0.009,0.024
2021-10-04 12:00,11.01,11.01,0.004,0.004,0.022
2021-10-04 13:00,10.5,10.5,0.004,0.007,0.032
2021-10-04 14:00,10.93,10.93,0.004,0.017,0.044
2021-10-04 15:00,10.61,10.61,0.004,0.018,0.043
2021-10-04 16:00,8.1,8.1,0.004,0.013,0.036
2021-10-04 17:00,7.63,7.63,0.004,0.018,0.04
2021-10-04 18:00,8.63,8.63,0.004,0.044,0.051
2021-10-04 19:00,8.64,8.64,0.004,0.054,0.053
2021-10-04 20:00,8.33,8.33,0.004,0.039,0.048
2021-10-04 21:00,8.34,8.34,0.004,0.033,0.047
2021-10-04 22:00,8.29,8.29,0.004,0.025,0.043
2021-10-04 23:00,8.7,8.71,0.004,0.023,0.044
2021-10-05 0:00,9.25,9.26,0.004,0.028,0.046
2021-10-05 1:00,9.79,9.79,0.004,0.031,0.047
2021-10-05 2:00,10.9,10.91,0.004,0.031,0.046
2021-10-05 3:00,10.92,10.93,0.004,0.028,0.044
2021-10-05 4:00,11.04,11.05,0.004,0.027,0.039
2021-10-05 5:00,11.33,11.34,0.004,0.039,0.028
2021-10-05 6:00,12.07,12.1,0.004,0.05,0.032
2021-10-05 7:00,12.41,12.42,0.004,0.048,0.036
2021-10-05 8:00,9.88,9.89,0.004,0.017,0.028
2021-10-05 9:00,7.9,7.9,0.004,0.002,0.011
2021-10-05 10:00,7.61,7.61,0.004,0.002,0.007
2021-10-05 11:00,7.52,7.52,0.004,0.002,0.011
2021-10-05 12:00,7.29,7.29,0.004,0.002,0.02
2021-10-05 13:00,6.74,6.74,0.004,0.002,0.029
2021-10-05 14:00,6.7,6.7,0.004,0.004,0.036
2021-10-05 15:00,6.92,6.92,0.004,0.013,0.051
2021-10-05 16:00,6.95,6.95,0.004,0.019,0.055
2021-10-05 17:00,7.28,7.28,0.004,0.027,0.057
2021-10-05 18:00,8.09,8.09,0.004,0.072,0.068
2021-10-05 19:00,8.91,8.91,0.004,0.081,0.065
2021-10-05 20:00,9.7,9.7,0.004,0.067,0.055
2021-10-05 21:00,9.81,9.82,0.004,0.057,0.046
2021-10-05 22:00,9.61,9.61,0.004,0.044,0.04
2021-10-05 23:00,9.74,9.74,0.004,0.04,0.036
2021-10-06 0:00,9.51,9.51,0.004,0.032,0.032
2021-10-06 1:00,9.56,9.56,0.004,0.031,0.031
2021-10-06 2:00,10.21,10.21,0.004,0.032,0.03
2021-10-06 3:00,10.49,10.49,0.004,0.029,0.028
2021-10-06 4:00,11.08,11.08,0.004,0.034,0.035
2021-10-06 5:00,13.46,13.49,0.004,0.043,0.036
2021-10-06 6:00,15.04,15.09,0.004,0.044,0.034
2021-10-06 7:00,8.76,8.77,0.004,0.038,0.032
2021-10-06 8:00,4.21,4.21,0.004,0.036,0.032
2021-10-06 9:00,4.26,4.26,0.004,0.036,0.033
2021-10-06 10:00,4.63,4.63,0.004,0.028,0.032
2021-10-06 11:00,6.07,6.07,0.004,0.024,0.029
2021-10-06 12:00,5.95,5.95,0.004,0.019,0.024
2021-10-06 13:00,5.6,5.62,0.004,0.016,0.021
2021-10-06 14:00,4.92,4.92,0.004,0.015,0.021
2021-10-06 15:00,4.92,4.92,0.004,0.017,0.024
2021-10-06 16:00,4.93,4.93,0.004,0.026,0.032
2021-10-06 17:00,4.84,4.84,0.004,0.037,0.037
2021-10-06 18:00,4.56,4.56,0.004,0.041,0.04
2021-10-06 19:00,5.09,5.1,0.004,0.044,0.039
2021-10-06 20:00,5.01,5.02,0.004,0.046,0.037
2021-10-06 21:00,5.17,5.18,0.004,0.045,0.033
2021-10-06 22:00,5.03,5.03,0.004,0.043,0.031
2021-10-06 23:00,4.94,4.94,0.004,0.038,0.027
2021-10-07 0:00,5.05,5.06,0.004,0.036,0.024
2021-10-07 1:00,4.69,4.69,0.004,0.033,0.027
2021-10-07 2:00,4.29,4.29,0.004,0.022,0.03
2021-10-07 3:00,4.09,4.09,0.004,0.02,0.031
2021-10-07 4:00,4.23,4.23,0.004,0.023,0.03
2021-10-07 5:00,4.46,4.46,0.004,0.031,0.029
2021-10-07 6:00,5.02,5.02,0.004,0.04,0.029
2021-10-07 7:00,5.84,5.84,0.004,0.048,0.032
2021-10-07 8:00,6.54,6.56,0.004,0.045,0.032
2021-10-07 9:00,12.34,12.4,0.004,0.025,0.029
2021-10-07 10:00,16.73,16.81,0.004,0.019,0.029
2021-10-07 11:00,13.47,13.5,0.004,0.014,0.025
2021-10-07 12:00,13.44,13.49,0.004,0.028,0.038
2021-10-07 13:00,10.39,10.39,0.004,0.036,0.049
2021-10-07 14:00,9.77,9.78,0.004,0.033,0.046
2021-10-07 15:00,9.59,9.59,0.004,0.03,0.046
2021-10-07 16:00,8.93,8.93,0.004,0.023,0.041
2021-10-07 17:00,9.85,9.85,0.004,0.027,0.043
2021-10-07 18:00,11.14,11.15,0.004,0.042,0.043
2021-10-07 19:00,13.45,13.51,0.004,0.045,0.039
2021-10-07 20:00,13.96,14.08,0.004,0.043,0.033
2021-10-07 21:00,14.5,14.67,0.004,0.038,0.032
2021-10-07 22:00,14.83,15.05,0.004,0.03,0.03
2021-10-07 23:00,16.05,16.26,0.004,0.03,0.03
2021-10-08 0:00,16.23,16.45,0.004,0.031,0.027
2021-10-08 1:00,16.49,16.75,0.004,0.028,0.024
2021-10-08 2:00,17.63,17.9,0.004,0.029,0.023
2021-10-08 3:00,18.01,18.31,0.004,0.031,0.022
2021-10-08 4:00,21.33,21.78,0.004,0.033,0.025
2021-10-08 5:00,19.27,19.65,0.004,0.033,0.024
2021-10-08 6:00,17.43,17.77,0.004,0.037,0.023
2021-10-08 7:00,17.67,17.98,0.004,0.034,0.023
2021-10-08 8:00,17.96,18.24,0.004,0.035,0.023
2021-10-08 9:00,14.33,14.5,0.004,0.031,0.027
2021-10-08 10:00,14.98,15.12,0.004,0.028,0.027
2021-10-08 11:00,20.73,21.03,0.004,0.031,0.025
2021-10-08 12:00,21.83,22.17,0.004,0.027,0.025
2021-10-08 13:00,16.59,16.78,0.004,0.024,0.025
2021-10-08 14:00,19.4,19.66,0.004,0.028,0.025
2021-10-08 15:00,18.46,18.68,0.004,0.035,0.031
2021-10-08 16:00,18.91,19.14,0.004,0.043,0.033
2021-10-08 17:00,17.95,18.16,0.005,0.05,0.032
2021-10-08 18:00,15.72,15.88,0.004,0.047,0.031
2021-10-08 19:00,16.35,16.56,0.004,0.047,0.032
2021-10-08 20:00,16.49,16.76,0.004,0.05,0.032
2021-10-08 21:00,16.85,17.18,0.004,0.046,0.029
2021-10-08 22:00,16.94,17.27,0.004,0.044,0.026
2021-10-08 23:00,14.83,15.16,0.004,0.044,0.027
2021-10-09 0:00,14.46,14.77,0.004,0.038,0.024
2021-10-09 1:00,15.33,15.55,0.005,0.037,0.022
2021-10-09 2:00,13.46,13.79,0.004,0.037,0.025
2021-10-09 3:00,12.34,12.66,0.004,0.036,0.023
2021-10-09 4:00,12.03,12.22,0.004,0.036,0.021
2021-10-09 5:00,16.4,16.91,0.005,0.034,0.019
2021-10-09 6:00,14.35,14.64,0.005,0.036,0.02
2021-10-09 7:00,10.61,10.76,0.005,0.031,0.02
2021-10-09 8:00,8.75,8.95,0.005,0.025,0.02
2021-10-09 9:00,7.7,7.9,0.004,0.02,0.019
2021-10-09 10:00,7.53,7.58,0.005,0.019,0.018
2021-10-09 11:00,6.49,6.54,0.004,0.007,0.013
2021-10-09 12:00,5.58,5.6,0.004,0.003,0.016
2021-10-09 13:00,5.97,5.98,0.004,0.002,0.016
2021-10-09 14:00,7.07,7.08,0.004,0.004,0.023
2021-10-09 15:00,7.71,7.71,0.004,0.014,0.038
2021-10-09 16:00,8.27,8.28,0.004,0.022,0.048
2021-10-09 17:00,9.01,9.01,0.004,0.031,0.051
2021-10-09 18:00,10.41,10.41,0.004,0.05,0.052
2021-10-09 19:00,10.82,10.83,0.004,0.049,0.05
2021-10-09 20:00,11.88,11.91,0.004,0.048,0.042
2021-10-09 21:00,13.07,13.08,0.004,0.049,0.037
2021-10-09 22:00,13.29,13.3,0.004,0.042,0.033
2021-10-09 23:00,13.17,13.19,0.004,0.037,0.029
2021-10-10 0:00,12.99,13.01,0.004,0.032,0.026
2021-10-10 1:00,12.76,12.76,0.004,0.025,0.027
2021-10-10 2:00,12.84,12.84,0.004,0.025,0.026
2021-10-10 3:00,13.45,13.46,0.004,0.026,0.03
2021-10-10 4:00,13.6,13.6,0.004,0.024,0.027
2021-10-10 5:00,13.56,13.58,0.004,0.023,0.026
2021-10-10 6:00,13.72,13.73,0.004,0.024,0.026
2021-10-10 7:00,13.54,13.54,0.004,0.025,0.025
2021-10-10 8:00,12.87,12.87,0.004,0.014,0.02
2021-10-10 9:00,11.44,11.44,0.004,0.002,0.009
2021-10-10 10:00,11.2,11.2,0.004,0.002,0.011
2021-10-10 11:00,11.4,11.4,0.004,0.002,0.019
2021-10-10 12:00,10.96,10.96,0.004,0.002,0.025
2021-10-10 13:00,10.49,10.49,0.004,0.008,0.034
2021-10-10 14:00,11.03,11.03,0.004,0.024,0.049
2021-10-10 15:00,12.45,12.45,0.005,0.047,0.062
2021-10-10 16:00,11.18,11.18,0.004,0.032,0.05
2021-10-10 17:00,10.79,10.79,0.004,0.032,0.047
2021-10-10 18:00,8.75,8.75,0.004,0.048,0.053
2021-10-10 19:00,5.97,5.97,0.004,0.052,0.051
2021-10-10 20:00,5.2,5.2,0.004,0.037,0.047
2021-10-10 21:00,6.58,6.6,0.004,0.033,0.049
2021-10-10 22:00,9.65,9.69,0.004,0.03,0.047
2021-10-10 23:00,11.29,11.34,0.004,0.03,0.047
2021-10-11 0:00,10.76,10.82,0.004,0.025,0.043
2021-10-11 1:00,10.16,10.2,0.004,0.027,0.042
2021-10-11 2:00,9.76,9.78,0.004,0.029,0.04
2021-10-11 3:00,10.01,10.03,0.004,0.032,0.038
2021-10-11 4:00,10.18,10.21,0.004,0.03,0.034
2021-10-11 5:00,10.21,10.23,0.004,0.029,0.032
2021-10-11 6:00,10.14,10.17,0.004,0.033,0.031
2021-10-11 7:00,10.12,10.17,0.004,0.036,0.034
2021-10-11 8:00,10.91,10.93,0.004,0.033,0.033
2021-10-11 9:00,10.61,10.64,0.004,0.026,0.029
2021-10-11 10:00,9.07,9.09,0.004,0.015,0.024
2021-10-11 11:00,8.38,8.39,0.003,0.009,0.02
2021-10-11 12:00,10.22,10.22,0.004,0.01,0.021
2021-10-11 13:00,9.08,9.08,0.004,0.012,0.025
2021-10-11 14:00,7.9,7.91,0.004,0.024,0.039
2021-10-11 15:00,7.84,7.85,0.004,0.036,0.044
2021-10-11 16:00,13.87,14.06,0.004,0.042,0.044
2021-10-11 17:00,7.58,7.6,0.004,0.047,0.044
2021-10-11 18:00,7.44,7.46,0.004,0.049,0.041
2021-10-11 19:00,7.26,7.27,0.004,0.043,0.038
2021-10-11 20:00,7.77,7.79,0.004,0.04,0.037
2021-10-11 21:00,6.92,6.93,0.004,0.037,0.036
2021-10-11 22:00,5.87,5.87,0.004,0.037,0.035
2021-10-11 23:00,5.1,5.11,0.004,0.037,0.034
2021-10-12 0:00,4.47,4.47,0.004,0.033,0.035
2021-10-12 1:00,4.68,4.68,0.004,0.034,0.035
2021-10-12 2:00,4.88,4.88,0.004,0.034,0.035
2021-10-12 3:00,4.63,4.63,0.004,0.031,0.035
2021-10-12 4:00,4.47,4.47,0.004,0.028,0.037
2021-10-12 5:00,4.54,4.54,0.004,0.029,0.039
2021-10-12 6:00,4.41,4.41,0.004,0.034,0.042
2021-10-12 7:00,4.31,4.31,0.004,0.035,0.043
2021-10-12 8:00,4.33,4.33,0.004,0.029,0.04
2021-10-12 9:00,4.6,4.6,0.003,0.024,0.037
2021-10-12 10:00,4.78,4.83,0.004,0.025,0.038
2021-10-12 11:00,4.81,4.89,0.004,0.024,0.038
2021-10-12 12:00,4.57,4.59,0.004,0.026,0.04
2021-10-12 13:00,4.64,4.65,0.004,0.035,0.044
2021-10-12 14:00,5.27,5.28,0.004,0.037,0.042
2021-10-12 15:00,4.69,4.69,0.004,0.04,0.045
2021-10-12 16:00,5.39,5.39,0.004,0.05,0.046
2021-10-12 17:00,5.82,5.82,0.004,0.044,0.042
2021-10-12 18:00,5.13,5.13,0.004,0.035,0.04
2021-10-12 19:00,5.48,5.48,0.004,0.034,0.04
2021-10-12 20:00,5.93,5.94,0.004,0.04,0.04
2021-10-12 21:00,6.01,6.01,0.004,0.042,0.038
2021-10-12 22:00,5.79,5.8,0.004,0.041,0.035
2021-10-12 23:00,6.12,6.12,0.004,0.039,0.032
2021-10-13 0:00,6.26,6.27,0.004,0.037,0.029
2021-10-13 1:00,6.96,6.97,0.004,0.039,0.028
2021-10-13 2:00,6.78,6.79,0.004,0.038,0.026
2021-10-13 3:00,7.48,7.49,0.004,0.038,0.025
2021-10-13 4:00,7.69,7.69,0.004,0.039,0.024
2021-10-13 5:00,7.98,7.98,0.004,0.041,0.023
2021-10-13 6:00,9.05,9.06,0.004,0.043,0.023
2021-10-13 7:00,8.05,8.06,0.004,0.039,0.023
2021-10-13 8:00,7.18,7.19,0.004,0.024,0.021
2021-10-13 9:00,7.12,7.13,0.004,0.014,0.016
2021-10-13 10:00,4.98,4.98,0.004,0.003,0.011
2021-10-13 11:00,4.8,4.81,0.004,0.005,0.017
2021-10-13 12:00,4.62,4.62,0.004,0.009,0.024
2021-10-13 13:00,4.45,4.45,0.004,0.008,0.027
2021-10-13 14:00,4.31,4.31,0.004,0.016,0.035
2021-10-13 15:00,4.3,4.3,0.004,0.021,0.041
2021-10-13 16:00,4.44,4.44,0.004,0.026,0.045
2021-10-13 17:00,4.64,4.64,0.004,0.038,0.049
2021-10-13 18:00,4.99,4.99,0.004,0.053,0.054
2021-10-13 19:00,5.1,5.1,0.004,0.046,0.05
2021-10-13 20:00,5.35,5.35,0.004,0.045,0.045
2021-10-13 21:00,5.22,5.22,0.004,0.048,0.042
2021-10-13 22:00,5.25,5.25,0.004,0.05,0.038
2021-10-13 23:00,5.19,5.19,0.004,0.043,0.038
2021-10-14 0:00,7.83,7.85,0.004,0.038,0.036
2021-10-14 1:00,6.76,6.77,0.004,0.037,0.032
2021-10-14 2:00,5.91,5.92,0.004,0.035,0.033
2021-10-14 3:00,5.33,5.33,0.004,0.037,0.03
2021-10-14 4:00,5.93,5.93,0.004,0.039,0.029
2021-10-14 5:00,5.74,5.74,0.004,0.039,0.029
2021-10-14 6:00,6.39,6.39,0.004,0.045,0.03
2021-10-14 7:00,5.96,5.96,0.004,0.045,0.029
2021-10-14 8:00,5.66,5.66,0.004,0.027,0.022
2021-10-14 9:00,5.23,5.23,0.004,0.003,0.009
2021-10-14 10:00,6.37,6.37,0.004,0.002,0.01
2021-10-14 11:00,9.38,9.38,0.004,0.003,0.019
2021-10-14 12:00,11.17,11.17,0.003,0.008,0.034
2021-10-14 13:00,10.1,10.1,0.003,0.004,0.04
2021-10-14 14:00,14.1,14.1,0.003,0.005,0.051
2021-10-14 15:00,10.28,10.28,0.003,0.018,0.067
2021-10-14 16:00,9.04,9.04,0.003,0.031,0.077
2021-10-14 17:00,9.33,9.34,0.004,0.047,0.081
2021-10-14 18:00,17.85,17.93,0.004,0.065,0.076
2021-10-14 19:00,13.36,13.37,0.004,0.071,0.066
2021-10-14 20:00,11.42,11.42,0.004,0.069,0.059
2021-10-14 21:00,10.72,10.72,0.004,0.063,0.052
2021-10-14 22:00,11.69,11.7,0.004,0.059,0.046
2021-10-14 23:00,10.59,10.6,0.004,0.045,0.04
2021-10-15 0:00,9.7,9.7,0.004,0.041,0.036
2021-10-15 1:00,9.29,9.3,0.004,0.038,0.035
2021-10-15 2:00,9.39,9.4,0.004,0.036,0.035
2021-10-15 3:00,10.04,10.05,0.004,0.034,0.027
2021-10-15 4:00,8.87,8.89,0.004,0.038,0.029
2021-10-15 5:00,9.64,9.65,0.004,0.041,0.026
2021-10-15 6:00,17.89,18.35,0.004,0.043,0.025
2021-10-15 7:00,18.5,18.6,0.004,0.043,0.026
2021-10-15 8:00,16.23,16.27,0.004,0.036,0.025
2021-10-15 9:00,16.74,16.79,0.004,0.034,0.027
2021-10-15 10:00,19.74,19.79,0.004,0.036,0.033
2021-10-15 11:00,25.42,25.75,0.004,0.025,0.035
2021-10-15 12:00,21.66,21.81,0.004,0.016,0.029
2021-10-15 13:00,23.91,24.11,0.004,0.025,0.04
2021-10-15 14:00,24.68,24.99,0.004,0.025,0.042
2021-10-15 15:00,20.49,20.58,0.004,0.023,0.042
2021-10-15 16:00,21.8,21.9,0.004,0.036,0.045
2021-10-15 17:00,21.96,22.06,0.004,0.05,0.046
2021-10-15 18:00,21.1,21.2,0.004,0.055,0.042
2021-10-15 19:00,22.65,22.78,0.004,0.056,0.037
2021-10-15 20:00,23.11,23.25,0.004,0.05,0.031
2021-10-15 21:00,24.59,24.78,0.004,0.042,0.025
2021-10-15 22:00,23.12,23.24,0.004,0.037,0.023
2021-10-15 23:00,11.04,11.06,0.004,0.031,0.023
2021-10-16 0:00,7.07,7.07,0.004,0.031,0.026
2021-10-16 1:00,6.02,6.02,0.004,0.032,0.029
2021-10-16 2:00,6.42,6.42,0.004,0.032,0.031
2021-10-16 3:00,6.99,6.99,0.004,0.031,0.028
2021-10-16 4:00,7.63,7.63,0.004,0.031,0.027
2021-10-16 5:00,8.33,8.33,0.004,0.03,0.027
2021-10-16 6:00,9.38,9.39,0.004,0.035,0.026
2021-10-16 7:00,9.57,9.58,0.004,0.03,0.026
2021-10-16 8:00,9.05,9.07,0.004,0.023,0.025
2021-10-16 9:00,8.15,8.17,0.004,0.008,0.015
2021-10-16 10:00,6.66,6.66,0.003,0.003,0.013
2021-10-16 11:00,7.43,7.43,0.003,0.009,0.019
2021-10-16 12:00,6.96,6.96,0.003,0.014,0.023
2021-10-16 13:00,5.86,5.86,0.003,0.015,0.025
2021-10-16 14:00,5.68,5.69,0.003,0.021,0.035
2021-10-16 15:00,5.77,5.8,0.003,0.029,0.041
2021-10-16 16:00,5.64,5.69,0.003,0.037,0.045
2021-10-16 17:00,6.39,6.47,0.003,0.038,0.044
2021-10-16 18:00,5.82,5.9,0.003,0.041,0.044
2021-10-16 19:00,5.66,5.74,0.003,0.039,0.044
2021-10-16 20:00,5.48,5.53,0.003,0.04,0.043
2021-10-16 21:00,5.52,5.58,0.003,0.041,0.043
2021-10-16 22:00,5.73,5.76,0.003,0.044,0.044
2021-10-16 23:00,5.92,5.96,0.003,0.044,0.043
2021-10-17 0:00,5.81,5.84,0.003,0.041,0.042
2021-10-17 1:00,5.76,5.79,0.003,0.043,0.04
2021-10-17 2:00,5.82,5.83,0.004,0.046,0.04
2021-10-17 3:00,5.93,5.94,0.004,0.044,0.039
2021-10-17 4:00,6.08,6.09,0.004,0.042,0.037
2021-10-17 5:00,6.44,6.45,0.004,0.046,0.037
2021-10-17 6:00,10.77,11.02,0.004,0.051,0.036
2021-10-17 7:00,24.74,25.47,0.005,0.044,0.033
2021-10-17 8:00,7.35,7.36,0.004,0.021,0.023
2021-10-17 9:00,6.89,6.89,0.003,0.017,0.02
2021-10-17 10:00,6.6,6.6,0.003,0.016,0.021
2021-10-17 11:00,6.4,6.41,0.003,0.016,0.024
2021-10-17 12:00,6.36,6.36,0.003,0.017,0.028
2021-10-17 13:00,6.58,6.58,0.003,0.019,0.032
2021-10-17 14:00,6.92,6.92,0.003,0.022,0.035
2021-10-17 15:00,7.32,7.32,0.003,0.026,0.039
2021-10-17 16:00,7.91,7.91,0.003,0.034,0.044
2021-10-17 17:00,8.42,8.44,0.003,0.042,0.046
2021-10-17 18:00,14.64,14.71,0.004,0.07,0.051
2021-10-17 19:00,9.52,9.54,0.004,0.073,0.051
2021-10-17 20:00,10.52,10.56,0.004,0.069,0.049
2021-10-17 21:00,9.89,9.92,0.004,0.062,0.046
2021-10-17 22:00,8.89,8.93,0.004,0.057,0.041
2021-10-17 23:00,8.43,8.45,0.004,0.053,0.038
2021-10-18 0:00,8.48,8.51,0.004,0.053,0.037
2021-10-18 1:00,8.43,8.47,0.004,0.05,0.036
2021-10-18 2:00,7.97,8.02,0.004,0.049,0.035
2021-10-18 3:00,8.69,8.74,0.004,0.05,0.034
2021-10-18 4:00,11.88,11.96,0.004,0.048,0.029
2021-10-18 5:00,12.22,12.28,0.004,0.05,0.031
2021-10-18 6:00,14.42,14.57,0.004,0.051,0.026
2021-10-18 7:00,25,25.37,0.004,0.049,0.026
2021-10-18 8:00,17.23,17.35,0.004,0.037,0.022
2021-10-18 9:00,12.23,12.28,0.004,0.023,0.017
2021-10-18 10:00,10.43,10.45,0.004,0.015,0.014
2021-10-18 11:00,9.16,9.17,0.004,0.014,0.015
2021-10-18 12:00,8.17,8.18,0.003,0.013,0.023
2021-10-18 13:00,9.21,9.21,0.003,0.018,0.034
2021-10-18 14:00,9.61,9.61,0.003,0.019,0.043
2021-10-18 15:00,11.49,11.49,0.003,0.025,0.051
2021-10-18 16:00,11.71,11.72,0.003,0.035,0.057
2021-10-18 17:00,11.31,11.31,0.003,0.059,0.06
2021-10-18 18:00,11.53,11.54,0.004,0.092,0.063
2021-10-18 19:00,13.12,13.13,0.004,0.082,0.059
2021-10-18 20:00,14.54,14.57,0.004,0.076,0.055
2021-10-18 21:00,17.64,17.69,0.004,0.072,0.05
2021-10-18 22:00,14.85,14.88,0.004,0.057,0.046
2021-10-18 23:00,15.82,15.89,0.004,0.05,0.043
2021-10-19 0:00,17.58,17.62,0.004,0.042,0.042
2021-10-19 1:00,15.79,15.82,0.004,0.043,0.04
2021-10-19 2:00,19.65,19.75,0.004,0.047,0.036
2021-10-19 3:00,24.65,24.71,0.004,0.054,0.035
2021-10-19 4:00,24.42,24.47,0.004,0.055,0.035
2021-10-19 5:00,32.01,32.39,0.004,0.05,0.038
2021-10-19 6:00,28.43,28.62,0.004,0.051,0.036
2021-10-19 7:00,27.13,27.27,0.004,0.055,0.035
2021-10-19 8:00,21.84,21.93,0.004,0.042,0.033
2021-10-19 9:00,15.84,15.87,0.004,0.028,0.032
2021-10-19 10:00,16.87,16.88,0.004,0.022,0.032
2021-10-19 11:00,20.9,20.95,0.003,0.023,0.035
2021-10-19 12:00,24.12,24.19,0.003,0.025,0.043
2021-10-19 13:00,24.32,24.51,0.003,0.031,0.043
2021-10-19 14:00,24.14,24.4,0.003,0.029,0.045
2021-10-19 15:00,16.47,16.55,0.003,0.019,0.041
2021-10-19 16:00,18.69,18.81,0.003,0.035,0.055
2021-10-19 17:00,21.51,21.72,0.003,0.044,0.058
2021-10-19 18:00,21.37,21.61,0.003,0.058,0.056
2021-10-19 19:00,22.02,22.24,0.004,0.065,0.05
2021-10-19 20:00,22.25,22.57,0.004,0.054,0.046
2021-10-19 21:00,19.69,19.96,0.004,0.054,0.043
2021-10-19 22:00,20.81,21.16,0.004,0.058,0.041
2021-10-19 23:00,21.07,21.46,0.004,0.053,0.038
2021-10-20 0:00,21.54,21.93,0.004,0.051,0.036
2021-10-20 1:00,22.39,22.78,0.004,0.048,0.033
2021-10-20 2:00,23.54,23.98,0.004,0.047,0.031
2021-10-20 3:00,23.91,24.38,0.004,0.043,0.028
2021-10-20 4:00,23.84,24.28,0.004,0.046,0.022
2021-10-20 5:00,24.44,24.99,0.004,0.048,0.025
2021-10-20 6:00,24.51,25.06,0.004,0.05,0.025
2021-10-20 7:00,29.18,29.86,0.005,0.045,0.023
2021-10-20 8:00,27.42,27.88,0.004,0.035,0.02
2021-10-20 9:00,26.85,27.29,0.004,0.025,0.018
2021-10-20 10:00,24.89,25.28,0.004,0.018,0.017
2021-10-20 11:00,17.52,17.74,0.003,0.011,0.018
2021-10-20 12:00,11.36,11.42,0.003,0.006,0.021
2021-10-20 13:00,12.44,12.52,0.003,0.012,0.029
2021-10-20 14:00,11.03,11.08,0.003,0.014,0.034
2021-10-20 15:00,12.27,12.34,0.003,0.021,0.044
2021-10-20 16:00,14.6,14.75,0.003,0.032,0.054
2021-10-20 17:00,13.66,13.82,0.003,0.069,0.058
2021-10-20 18:00,21.39,21.87,0.004,0.082,0.057
2021-10-20 19:00,16.73,17,0.004,0.084,0.056
2021-10-20 20:00,21.05,21.39,0.004,0.074,0.052
2021-10-20 21:00,21.78,22.15,0.004,0.069,0.047
2021-10-20 22:00,21.61,22.03,0.004,0.062,0.045
2021-10-20 23:00,23.58,24.04,0.004,0.058,0.043
2021-10-21 0:00,26.19,26.66,0.004,0.052,0.032
2021-10-21 1:00,29.59,30.16,0.004,0.05,0.028
2021-10-21 2:00,28.81,29.42,0.004,0.047,0.023
2021-10-21 3:00,27.87,28.45,0.004,0.045,0.023
2021-10-21 4:00,27.52,28.07,0.004,0.044,0.021
2021-10-21 5:00,27.97,28.55,0.004,0.044,0.021
2021-10-21 6:00,30.18,30.82,0.004,0.044,0.021
2021-10-21 7:00,38.36,39.11,0.004,0.046,0.022
2021-10-21 8:00,26.29,26.65,0.004,0.044,0.023
2021-10-21 9:00,31.07,31.47,0.004,0.036,0.021
2021-10-21 10:00,24.28,24.59,0.004,0.023,0.018
2021-10-21 11:00,22.51,22.79,0.004,0.016,0.015
2021-10-21 12:00,19.67,19.87,0.004,0.017,0.022
2021-10-21 13:00,19.83,20.03,0.004,0.018,0.03
2021-10-21 14:00,21.51,21.77,0.003,0.018,0.048
2021-10-21 15:00,20.69,20.92,0.003,0.02,0.051
2021-10-21 16:00,21.16,21.45,0.003,0.035,0.053
2021-10-21 17:00,24.3,24.73,0.004,0.06,0.056
2021-10-21 18:00,22.18,22.56,0.003,0.086,0.059
2021-10-21 19:00,23.39,23.83,0.004,0.076,0.054
2021-10-21 20:00,23.07,23.53,0.004,0.076,0.052
2021-10-21 21:00,25.09,25.57,0.004,0.066,0.047
2021-10-21 22:00,32.2,32.84,0.004,0.065,0.043
2021-10-21 23:00,36.21,36.98,0.004,0.058,0.04
2021-10-22 0:00,34.59,35.36,0.004,0.056,0.037
2021-10-22 1:00,34.54,35.38,0.004,0.053,0.033
2021-10-22 2:00,35.04,35.88,0.004,0.052,0.028
2021-10-22 3:00,34.68,35.49,0.004,0.049,0.024
2021-10-22 4:00,32.46,33.16,0.004,0.044,0.021
2021-10-22 5:00,32.26,32.94,0.004,0.042,0.02
2021-10-22 6:00,32.96,33.63,0.004,0.043,0.021
2021-10-22 7:00,42.81,43.72,0.005,0.045,0.021
2021-10-22 8:00,39.54,40.18,0.005,0.044,0.023
2021-10-22 9:00,44.22,45.01,0.005,0.035,0.022
2021-10-22 10:00,28.73,29.14,0.004,0.017,0.021
2021-10-22 11:00,22.7,22.97,0.003,0.011,0.021
2021-10-22 12:00,13.5,13.58,0.003,0.01,0.027
2021-10-22 13:00,11.48,11.53,0.003,0.011,0.03
2021-10-22 14:00,13.99,14.07,0.003,0.017,0.039
2021-10-22 15:00,10.55,10.59,0.003,0.019,0.042
2021-10-22 16:00,7.59,7.6,0.003,0.024,0.045
2021-10-22 17:00,8.95,8.97,0.003,0.052,0.051
2021-10-22 18:00,10.03,10.06,0.004,0.084,0.057
2021-10-22 19:00,13.29,13.33,0.004,0.073,0.054
2021-10-22 20:00,13.18,13.23,0.004,0.075,0.05
2021-10-22 21:00,12.55,12.6,0.004,0.065,0.046
2021-10-22 22:00,13.06,13.11,0.004,0.06,0.043
2021-10-22 23:00,15.14,15.21,0.004,0.057,0.037
2021-10-23 0:00,16.72,16.89,0.004,0.053,0.034
2021-10-23 1:00,17.12,17.27,0.004,0.049,0.028
2021-10-23 2:00,17.98,18.16,0.004,0.049,0.027
2021-10-23 3:00,17.57,17.72,0.004,0.045,0.023
2021-10-23 4:00,17.71,17.89,0.004,0.043,0.022
2021-10-23 5:00,21.23,21.51,0.004,0.042,0.02
2021-10-23 6:00,20.48,20.7,0.004,0.044,0.021
2021-10-23 7:00,23.26,23.52,0.004,0.046,0.024
2021-10-23 8:00,18.55,18.76,0.004,0.042,0.024
2021-10-23 9:00,14.75,14.85,0.004,0.028,0.019
2021-10-23 10:00,12.46,12.51,0.004,0.015,0.012
2021-10-23 11:00,16.86,16.89,0.004,0.012,0.016
2021-10-23 12:00,13.43,13.45,0.003,0.003,0.018
2021-10-23 13:00,10.72,10.73,0.003,0.003,0.023
2021-10-23 14:00,16.6,16.65,0.003,0.013,0.042
2021-10-23 15:00,18.96,19.03,0.003,0.022,0.053
2021-10-23 16:00,14.43,14.51,0.003,0.022,0.052
2021-10-23 17:00,13.1,13.16,0.003,0.056,0.06
2021-10-23 18:00,14.04,14.15,0.003,0.076,0.065
2021-10-23 19:00,16.95,17.06,0.003,0.072,0.063
2021-10-23 20:00,15.98,16.07,0.003,0.066,0.059
2021-10-23 21:00,16.05,16.16,0.003,0.063,0.058
2021-10-23 22:00,16.15,16.23,0.003,0.056,0.056
2021-10-23 23:00,22.51,22.65,0.004,0.057,0.042
2021-10-24 0:00,21.68,21.81,0.004,0.053,0.04
2021-10-24 1:00,20.39,20.52,0.004,0.048,0.042
2021-10-24 2:00,22.67,22.83,0.004,0.046,0.029
2021-10-24 3:00,21.49,21.65,0.004,0.044,0.03
2021-10-24 4:00,22.03,22.2,0.004,0.043,0.022
2021-10-24 5:00,22.83,23.02,0.004,0.044,0.023
2021-10-24 6:00,24.47,24.67,0.004,0.043,0.021
2021-10-24 7:00,27.43,27.69,0.004,0.043,0.022
2021-10-24 8:00,26.99,27.15,0.005,0.037,0.022
2021-10-24 9:00,27.63,27.74,0.004,0.026,0.02
2021-10-24 10:00,24.86,24.96,0.004,0.016,0.018
2021-10-24 11:00,19.7,19.78,0.004,0.008,0.019
2021-10-24 12:00,12.53,12.57,0.003,0.007,0.033
2021-10-24 13:00,13.4,13.42,0.003,0.011,0.041
2021-10-24 14:00,12.71,12.75,0.003,0.014,0.047
2021-10-24 15:00,13.34,13.4,0.003,0.018,0.053
2021-10-24 16:00,14.93,15.02,0.003,0.03,0.062
2021-10-24 17:00,14.93,15.04,0.003,0.058,0.066
2021-10-24 18:00,17.9,17.99,0.003,0.074,0.066
2021-10-24 19:00,21.16,21.35,0.003,0.071,0.063
2021-10-24 20:00,20.61,20.81,0.003,0.068,0.058
2021-10-24 21:00,20.51,20.7,0.003,0.063,0.056
2021-10-24 22:00,26.66,26.95,0.004,0.06,0.046
2021-10-24 23:00,27.42,27.75,0.004,0.056,0.045
2021-10-25 0:00,28.41,28.64,0.004,0.048,0.03
2021-10-25 1:00,28.2,28.54,0.004,0.048,0.03
2021-10-25 2:00,28.52,28.84,0.004,0.045,0.023
2021-10-25 3:00,28.64,28.99,0.004,0.045,0.024
2021-10-25 4:00,29.09,29.48,0.004,0.043,0.023
2021-10-25 5:00,29.91,30.25,0.004,0.042,0.02
2021-10-25 6:00,36.69,37.25,0.004,0.045,0.021
2021-10-25 7:00,35.63,36.01,0.004,0.046,0.023
2021-10-25 8:00,35.34,35.7,0.004,0.048,0.025
2021-10-25 9:00,31.21,31.41,0.004,0.038,0.022
2021-10-25 10:00,26.46,26.62,0.004,0.023,0.02
2021-10-25 11:00,24.51,24.7,0.004,0.017,0.022
2021-10-25 12:00,15.94,16.01,0.003,0.007,0.025
2021-10-25 13:00,13.44,13.48,0.003,0.009,0.035
2021-10-25 14:00,16.2,16.23,0.003,0.016,0.045
2021-10-25 15:00,17.99,18.05,0.003,0.025,0.052
2021-10-25 16:00,18.86,18.95,0.003,0.036,0.058
2021-10-25 17:00,19.28,19.42,0.003,0.081,0.064
2021-10-25 18:00,21.21,21.41,0.003,0.095,0.063
2021-10-25 19:00,23.51,23.81,0.004,0.089,0.058
2021-10-25 20:00,24.73,24.99,0.004,0.078,0.054
2021-10-25 21:00,24.43,24.71,0.004,0.068,0.05
2021-10-25 22:00,23.85,24.13,0.004,0.061,0.047
2021-10-25 23:00,24.54,24.85,0.004,0.058,0.042
2021-10-26 0:00,25.75,26.09,0.004,0.057,0.037
2021-10-26 1:00,29.7,30.1,0.004,0.052,0.029
2021-10-26 2:00,30.16,30.57,0.004,0.048,0.026
2021-10-26 3:00,28.29,28.67,0.004,0.047,0.024
2021-10-26 4:00,28.61,29.01,0.004,0.043,0.021
2021-10-26 5:00,27.63,28.03,0.004,0.041,0.02
2021-10-26 6:00,41.41,42.4,0.005,0.043,0.02
2021-10-26 7:00,44.12,45.03,0.005,0.044,0.021
2021-10-26 8:00,37.99,38.48,0.005,0.044,0.022
2021-10-26 9:00,30.24,30.54,0.004,0.028,0.019
2021-10-26 10:00,26.42,26.67,0.004,0.017,0.017
2021-10-26 11:00,29.72,29.84,0.003,0.016,0.022
2021-10-26 12:00,25.67,25.79,0.003,0.011,0.034
2021-10-26 13:00,26.87,27.06,0.003,0.008,0.048
2021-10-26 14:00,31.18,31.48,0.003,0.016,0.062
2021-10-26 15:00,33.2,33.51,0.003,0.023,0.069
2021-10-26 16:00,33.93,34.31,0.003,0.044,0.072
2021-10-26 17:00,36,36.52,0.003,0.09,0.074
2021-10-26 18:00,39.24,39.88,0.003,0.091,0.071
2021-10-26 19:00,43.78,44.56,0.003,0.082,0.066
2021-10-26 20:00,46.15,47.04,0.003,0.078,0.06
2021-10-26 21:00,48.71,49.76,0.004,0.071,0.056
2021-10-26 22:00,50.81,51.88,0.004,0.063,0.05
2021-10-26 23:00,51.02,52.18,0.004,0.059,0.045
2021-10-27 0:00,48.9,50,0.004,0.054,0.046
2021-10-27 1:00,51.16,52.26,0.004,0.047,0.036
2021-10-27 2:00,55.92,57.11,0.004,0.045,0.042
2021-10-27 3:00,54.59,55.78,0.004,0.041,0.037
2021-10-27 4:00,54.4,55.55,0.004,0.047,0.041
2021-10-27 5:00,60.55,61.98,0.004,0.053,0.042
2021-10-27 6:00,60.21,61.87,0.004,0.055,0.036
2021-10-27 7:00,58.31,59.69,0.004,0.066,0.038
2021-10-27 8:00,56.8,57.91,0.004,0.06,0.034
2021-10-27 9:00,49.27,50.26,0.004,0.052,0.037
2021-10-27 10:00,49.92,51.03,0.003,0.023,0.038
2021-10-27 11:00,45.52,46.45,0.003,0.009,0.03
2021-10-27 12:00,36.08,36.87,0.003,0.006,0.029
2021-10-27 13:00,32.59,33.31,0.003,0.013,0.034
2021-10-27 14:00,18.21,18.48,0.003,0.007,0.031
2021-10-27 15:00,16.91,17.17,0.003,0.017,0.045
2021-10-27 16:00,15.34,15.5,0.003,0.029,0.055
2021-10-27 17:00,11.84,11.91,0.003,0.05,0.058
2021-10-27 18:00,12.09,12.17,0.004,0.08,0.062
2021-10-27 19:00,10.96,11.02,0.004,0.086,0.059
2021-10-27 20:00,11.29,11.34,0.004,0.076,0.053
2021-10-27 21:00,10.66,10.71,0.004,0.065,0.049
2021-10-27 22:00,10.36,10.39,0.004,0.065,0.046
2021-10-27 23:00,9.5,9.54,0.004,0.057,0.043
2021-10-28 0:00,9.56,9.6,0.004,0.055,0.039
2021-10-28 1:00,9.42,9.45,0.004,0.055,0.038
2021-10-28 2:00,9.92,9.95,0.004,0.05,0.036
2021-10-28 3:00,10.98,11.03,0.004,0.051,0.033
2021-10-28 4:00,12.09,12.14,0.004,0.047,0.024
2021-10-28 5:00,14.42,14.52,0.004,0.05,0.025
2021-10-28 6:00,13.53,13.63,0.004,0.052,0.025
2021-10-28 7:00,25.58,25.94,0.005,0.05,0.024
2021-10-28 8:00,17.23,17.32,0.005,0.04,0.022
2021-10-28 9:00,21.46,21.6,0.004,0.02,0.017
2021-10-28 10:00,34.18,34.43,0.004,0.015,0.016
2021-10-28 11:00,12.23,12.27,0.003,0.011,0.018
2021-10-28 12:00,10.34,10.38,0.003,0.009,0.023
2021-10-28 13:00,10.87,10.91,0.003,0.012,0.031
2021-10-28 14:00,11.1,11.14,0.003,0.014,0.035
2021-10-28 15:00,12.7,12.71,0.003,0.018,0.04
2021-10-28 16:00,11.03,11.06,0.003,0.032,0.048
2021-10-28 17:00,10.6,10.64,0.004,0.067,0.056
2021-10-28 18:00,12.27,12.33,0.004,0.09,0.06
2021-10-28 19:00,12.05,12.11,0.004,0.084,0.056
2021-10-28 20:00,12.8,12.87,0.004,0.083,0.053
2021-10-28 21:00,19.16,19.3,0.004,0.073,0.045
2021-10-28 22:00,9.92,9.95,0.004,0.047,0.045
2021-10-28 23:00,10.67,10.71,0.004,0.051,0.042
2021-10-29 0:00,8.81,8.84,0.004,0.044,0.042
2021-10-29 1:00,11.57,11.62,0.004,0.048,0.036
2021-10-29 2:00,16.94,17.01,0.004,0.053,0.032
2021-10-29 3:00,18.65,18.73,0.004,0.054,0.03
2021-10-29 4:00,20.41,20.51,0.004,0.054,0.028
2021-10-29 5:00,20.24,20.32,0.004,0.056,0.029
2021-10-29 6:00,19.96,20.08,0.004,0.053,0.027
2021-10-29 7:00,22.96,23.07,0.004,0.053,0.028
2021-10-29 8:00,22.41,22.49,0.004,0.039,0.022
2021-10-29 9:00,8.89,8.9,0.004,0.012,0.014
2021-10-29 10:00,6.43,6.44,0.003,0.008,0.016
2021-10-29 11:00,5.86,5.86,0.003,0.006,0.02
2021-10-29 12:00,5.69,5.69,0.003,0.007,0.024
2021-10-29 13:00,5.68,5.68,0.003,0.008,0.026
2021-10-29 14:00,5.69,5.69,0.003,0.011,0.03
2021-10-29 15:00,5.53,5.53,0.003,0.018,0.039
2021-10-29 16:00,5.23,5.23,0.003,0.025,0.045
2021-10-29 17:00,6.01,6.02,0.004,0.078,0.056
2021-10-29 18:00,7.06,7.08,0.004,0.068,0.056
2021-10-29 19:00,9.41,9.44,0.004,0.052,0.05
2021-10-29 20:00,11.79,11.84,0.004,0.069,0.049
2021-10-29 21:00,8.5,8.52,0.004,0.071,0.048
2021-10-29 22:00,6.86,6.86,0.004,0.063,0.044
2021-10-29 23:00,7.07,7.09,0.004,0.056,0.041
2021-10-30 0:00,6.67,6.67,0.004,0.049,0.038
2021-10-30 1:00,6.62,6.62,0.004,0.044,0.036
2021-10-30 2:00,7,7.01,0.004,0.043,0.034
2021-10-30 3:00,8.09,8.1,0.004,0.041,0.028
2021-10-30 4:00,10.06,10.08,0.004,0.045,0.028
2021-10-30 5:00,13.69,13.73,0.004,0.047,0.027
2021-10-30 6:00,22.11,22.24,0.004,0.049,0.025
2021-10-30 7:00,44.87,45.95,0.004,0.05,0.026
2021-10-30 8:00,31.61,31.65,0.004,0.044,0.024
2021-10-30 9:00,12.25,12.3,0.004,0.03,0.022
2021-10-30 10:00,7.47,7.48,0.003,0.01,0.015
2021-10-30 11:00,6.21,6.21,0.003,0.006,0.017
2021-10-30 12:00,6.37,6.38,0.003,0.008,0.02
2021-10-30 13:00,7.51,7.51,0.003,0.014,0.028
2021-10-30 14:00,10.87,10.87,0.004,0.023,0.041
2021-10-30 15:00,10.36,10.37,0.004,0.025,0.044
2021-10-30 16:00,8.94,8.94,0.004,0.025,0.045
2021-10-30 17:00,9.41,9.43,0.004,0.055,0.052
2021-10-30 18:00,10.17,10.17,0.004,0.077,0.057
2021-10-30 19:00,11.67,11.69,0.004,0.069,0.054
2021-10-30 20:00,12.61,12.63,0.004,0.068,0.05
2021-10-30 21:00,13.7,13.72,0.004,0.06,0.046
2021-10-30 22:00,14.66,14.7,0.004,0.054,0.04
2021-10-30 23:00,14.5,14.54,0.004,0.05,0.039
2021-10-31 0:00,15.55,15.63,0.004,0.046,0.034
2021-10-31 1:00,16.79,16.84,0.004,0.044,0.031
2021-10-31 2:00,17.66,17.75,0.004,0.042,0.029
2021-10-31 3:00,18.98,19.04,0.004,0.041,0.021
2021-10-31 4:00,18.35,18.41,0.004,0.04,0.022
2021-10-31 5:00,19.69,19.75,0.004,0.039,0.021
2021-10-31 6:00,63.77,65.35,0.005,0.042,0.02
2021-10-31 7:00,44.89,45.4,0.005,0.039,0.019
2021-10-31 8:00,38.83,39.05,0.005,0.035,0.019
2021-10-31 9:00,23.91,23.95,0.004,0.023,0.018
2021-10-31 10:00,20.68,20.69,0.004,0.014,0.016
2021-10-31 11:00,21.03,21.05,0.004,0.007,0.02
2021-10-31 12:00,17.32,17.34,0.003,0.003,0.031
2021-10-31 13:00,14.23,14.24,0.003,0.005,0.039
2021-10-31 14:00,17.91,17.92,0.003,0.016,0.053
2021-10-31 15:00,17.45,17.46,0.003,0.018,0.057
2021-10-31 16:00,12.72,12.72,0.003,0.021,0.052
2021-10-31 17:00,18.88,18.95,0.004,0.055,0.065
2021-10-31 18:00,18.48,18.5,0.004,0.071,0.066
2021-10-31 19:00,21.78,21.81,0.004,0.066,0.063
2021-10-31 20:00,25.19,25.28,0.004,0.066,0.057
2021-10-31 21:00,28.34,28.43,0.004,0.061,0.054
2021-10-31 22:00,29.73,29.91,0.004,0.059,0.047
2021-10-31 23:00,28.93,29.17,0.004,0.056,0.044
2021-11-01 0:00,27.95,28.27,0.004,0.05,0.037
2021-11-01 1:00,31.62,31.85,0.004,0.046,0.027
2021-11-01 2:00,29.97,30.3,0.004,0.045,0.027
2021-11-01 3:00,25.46,25.78,0.004,0.042,0.027
2021-11-01 4:00,26.76,27.12,0.004,0.045,0.026
2021-11-01 5:00,25.73,26.13,0.004,0.046,0.025
2021-11-01 6:00,26.86,27.4,0.004,0.052,0.027
2021-11-01 7:00,34.07,34.76,0.004,0.046,0.023
2021-11-01 8:00,34.26,34.59,0.005,0.046,0.023
2021-11-01 9:00,28.28,28.7,0.004,0.029,0.027
2021-11-01 10:00,25.2,25.51,0.003,0.01,0.028
2021-11-01 11:00,23.93,24.22,0.003,0.013,0.034
2021-11-01 12:00,25.28,25.61,0.003,0.016,0.042
2021-11-01 13:00,26.07,26.35,0.003,0.021,0.046
2021-11-01 14:00,25.08,25.31,0.003,0.02,0.046
2021-11-01 15:00,22.43,22.58,0.003,0.026,0.053
2021-11-01 16:00,18.56,18.76,0.003,0.034,0.059
2021-11-01 17:00,17.6,17.73,0.003,0.047,0.061
2021-11-01 18:00,17.37,17.5,0.003,0.076,0.06
2021-11-01 19:00,17.35,17.56,0.004,0.076,0.056
2021-11-01 20:00,18.11,18.3,0.004,0.074,0.052
2021-11-01 21:00,19.11,19.38,0.004,0.064,0.049
2021-11-01 22:00,20.22,20.49,0.004,0.057,0.045
2021-11-01 23:00,22.01,22.37,0.004,0.054,0.042
2021-11-02 0:00,23.94,24.41,0.004,0.055,0.04
2021-11-02 1:00,25.05,25.56,0.004,0.05,0.035
2021-11-02 2:00,26.49,27.04,0.004,0.049,0.034
2021-11-02 3:00,25.9,26.44,0.004,0.047,0.027
2021-11-02 4:00,24.22,24.65,0.004,0.041,0.021
2021-11-02 5:00,24.49,24.9,0.004,0.04,0.02
2021-11-02 6:00,29.63,30.11,0.004,0.043,0.021
2021-11-02 7:00,35.93,36.54,0.005,0.047,0.022
2021-11-02 8:00,37.84,38.44,0.005,0.047,0.023
2021-11-02 9:00,38.48,39.34,0.004,0.041,0.024
2021-11-02 10:00,40.75,41.89,0.004,0.028,0.026
2021-11-02 11:00,36.69,37.48,0.004,0.018,0.027
2021-11-02 12:00,21.79,22.14,0.003,0.008,0.032
2021-11-02 13:00,22.38,22.68,0.003,0.012,0.038
2021-11-02 14:00,21.05,21.31,0.003,0.015,0.041
2021-11-02 15:00,20.32,20.59,0.003,0.021,0.05
2021-11-02 16:00,21.48,21.8,0.003,0.037,0.056
2021-11-02 17:00,23.17,23.48,0.003,0.063,0.059
2021-11-02 18:00,23.74,24.13,0.003,0.09,0.064
2021-11-02 19:00,23.13,23.45,0.004,0.088,0.059
2021-11-02 20:00,22.57,22.84,0.004,0.075,0.053
2021-11-02 21:00,22.11,22.43,0.004,0.066,0.048
2021-11-02 22:00,22.99,23.33,0.004,0.06,0.044
2021-11-02 23:00,24.82,25.24,0.004,0.057,0.043
2021-11-03 0:00,27.45,27.99,0.004,0.056,0.04
2021-11-03 1:00,30.03,30.74,0.004,0.054,0.036
2021-11-03 2:00,31.73,32.57,0.004,0.049,0.034
2021-11-03 3:00,31.46,32.28,0.004,0.052,0.03
2021-11-03 4:00,32.47,33.35,0.004,0.048,0.03
2021-11-03 5:00,33.3,34.12,0.004,0.05,0.026
2021-11-03 6:00,54.89,57.31,0.005,0.051,0.025
2021-11-03 7:00,58.3,61.22,0.006,0.051,0.023
2021-11-03 8:00,37.24,37.91,0.005,0.046,0.024
2021-11-03 9:00,33.16,33.67,0.004,0.031,0.021
2021-11-03 10:00,29.65,30.1,0.004,0.015,0.019
2021-11-03 11:00,25.9,26.15,0.003,0.008,0.022
2021-11-03 12:00,23.41,23.54,0.003,0.009,0.029
2021-11-03 13:00,18.83,18.96,0.003,0.01,0.036
2021-11-03 14:00,19.5,19.67,0.003,0.018,0.045
2021-11-03 15:00,19.44,19.68,0.003,0.023,0.048
2021-11-03 16:00,26.53,26.95,0.003,0.043,0.067
2021-11-03 17:00,28.36,28.9,0.003,0.076,0.071
2021-11-03 18:00,28.91,29.44,0.003,0.105,0.069
2021-11-03 19:00,31.58,32.23,0.004,0.091,0.063
2021-11-03 20:00,34.93,35.79,0.004,0.086,0.058
2021-11-03 21:00,37.34,38.37,0.004,0.074,0.051
2021-11-03 22:00,37.79,38.83,0.004,0.067,0.047
2021-11-03 23:00,40.26,41.42,0.004,0.063,0.041
2021-11-04 0:00,40.38,41.63,0.004,0.058,0.035
2021-11-04 1:00,40.09,41.46,0.004,0.055,0.039
2021-11-04 2:00,36.85,37.94,0.004,0.047,0.038
2021-11-04 3:00,38.21,39.31,0.004,0.046,0.034
2021-11-04 4:00,40.63,41.81,0.004,0.05,0.032
2021-11-04 5:00,40.64,41.71,0.004,0.054,0.031
2021-11-04 6:00,31.26,32.02,0.004,0.05,0.026
2021-11-04 7:00,29.07,29.59,0.004,0.047,0.023
2021-11-04 8:00,29.23,29.81,0.004,0.047,0.024
2021-11-04 9:00,41.66,42.46,0.004,0.039,0.022
2021-11-04 10:00,42.65,43.39,0.004,0.036,0.023
