no,device_id,pm25,pm10,temp,humi,reg_date
3542905,D0012,13.1,13.2,16.2,53.5,2023-03-25 10:24:23.628122
3542922,D0012,13.6,13.8,16.2,54.2,2023-03-25 10:25:22.636336
3542940,D0012,14.5,14.8,16.2,56.5,2023-03-25 10:27:23.643775
3542957,D0012,13.1,13.2,16.1,56.1,2023-03-25 10:28:23.642052
3542974,D0012,14.1,14.5,16.2,56.3,2023-03-25 10:29:23.652094
3542986,D0012,12.8,12.9,16.2,54.8,2023-03-25 10:30:23.655404
3543004,D0012,13.6,13.7,16.1,53.8,2023-03-25 10:31:23.828999
3543035,D0012,13.2,13.4,15.9,53.0,2023-03-25 10:34:23.661449
3543053,D0012,12.2,12.4,16.0,53.9,2023-03-25 10:35:23.670224
3543073,D0012,12.5,12.5,16.2,54.6,2023-03-25 10:40:23.683814
3543090,D0012,13.0,13.1,16.1,54.4,2023-03-25 10:41:23.678653
3543107,D0012,13.5,13.6,16.0,53.7,2023-03-25 10:42:23.692144
3543131,D0012,12.7,12.8,16.0,54.9,2023-03-25 10:45:23.697497
3543148,D0012,13.0,13.1,15.9,57.0,2023-03-25 10:46:22.702349
3543165,D0012,13.3,13.8,15.8,54.3,2023-03-25 10:47:23.701526
3543182,D0012,13.8,13.9,15.7,55.0,2023-03-25 10:48:22.702641
3543199,D0012,13.9,14.3,15.7,54.3,2023-03-25 10:49:23.707701
3543216,D0012,13.4,13.7,15.8,54.3,2023-03-25 10:50:23.713118
3543242,D0012,13.5,13.9,15.9,54.3,2023-03-25 11:02:22.743247
3543263,D0012,10.5,10.8,16.3,52.8,2023-03-25 11:21:22.819115
3543267,D0012,13.8,14.3,16.3,55.3,2023-03-25 11:23:22.809994
3543284,D0012,13.2,13.8,16.5,52.9,2023-03-25 11:24:23.82069
3543301,D0012,12.7,13.2,16.5,53.0,2023-03-25 11:25:22.812053
3543318,D0012,13.4,14.0,16.3,54.0,2023-03-25 11:26:22.864814
3543335,D0012,12.9,13.1,16.3,53.8,2023-03-25 11:27:22.847908
3543352,D0012,12.2,12.5,16.4,52.2,2023-03-25 11:28:23.824004
3543369,D0012,12.4,12.7,16.4,54.0,2023-03-25 11:29:23.848786
3543386,D0012,12.1,12.4,16.4,54.0,2023-03-25 11:30:23.837486
3543403,D0012,12.7,13.1,16.3,52.5,2023-03-25 11:31:22.832983
3543420,D0012,12.9,13.3,16.3,54.3,2023-03-25 11:32:23.842671
3543437,D0012,12.3,12.7,16.3,54.0,2023-03-25 11:33:22.853893
3543454,D0012,12.6,13.0,16.3,51.7,2023-03-25 11:34:22.843886
3543471,D0012,12.7,13.1,16.3,51.6,2023-03-25 11:35:24.019119
3543489,D0012,13.4,14.0,16.2,51.1,2023-03-25 11:36:22.864356
3543508,D0012,12.0,12.5,16.3,51.0,2023-03-25 11:37:23.850649
3543525,D0012,11.0,11.3,16.5,52.6,2023-03-25 11:38:22.863084
3543543,D0012,12.2,12.5,16.5,53.1,2023-03-25 11:39:23.857047
3543560,D0012,12.0,12.8,16.6,53.4,2023-03-25 11:40:23.859291
3543577,D0012,12.2,12.8,16.6,52.6,2023-03-25 11:41:23.870628
3543594,D0012,12.4,13.0,16.7,52.9,2023-03-25 11:42:23.868536
3543611,D0012,12.2,12.9,16.7,52.7,2023-03-25 11:43:22.874199
3543628,D0012,11.5,12.3,16.7,52.5,2023-03-25 11:44:22.86946
3543645,D0012,11.7,12.5,16.8,52.5,2023-03-25 11:45:23.881243
3543662,D0012,12.7,13.6,16.9,52.4,2023-03-25 11:46:22.881495
3543679,D0012,12.0,12.8,16.9,50.7,2023-03-25 11:47:23.881323
3543696,D0012,11.2,11.7,16.8,50.3,2023-03-25 11:48:22.887887
3543713,D0012,12.2,12.9,16.8,51.5,2023-03-25 11:49:22.891025
3543730,D0012,11.8,12.7,16.8,52.3,2023-03-25 11:50:22.904047
3543747,D0012,11.6,12.5,16.8,51.2,2023-03-25 11:51:22.892323
3543764,D0012,11.3,12.0,16.7,51.5,2023-03-25 11:52:22.891574
3543781,D0012,11.9,12.7,16.7,50.3,2023-03-25 11:53:22.89529
3543798,D0012,11.5,12.3,16.8,49.3,2023-03-25 11:54:22.891999
3543831,D0012,11.4,12.2,16.9,50.5,2023-03-25 11:56:22.914119
3543848,D0012,11.0,11.4,17.0,51.5,2023-03-25 11:57:22.921699
3543865,D0012,10.9,11.2,17.1,52.3,2023-03-25 11:58:22.902041
3543882,D0012,11.0,11.4,17.2,50.8,2023-03-25 11:59:22.906275
3543899,D0012,11.5,12.2,17.3,50.8,2023-03-25 12:00:23.907475
3543916,D0012,10.2,10.7,17.4,51.2,2023-03-25 12:01:22.903073
3543933,D0012,12.0,12.6,17.4,49.3,2023-03-25 12:02:22.928713
3543950,D0012,11.4,12.1,17.3,50.5,2023-03-25 12:03:23.914416
3543967,D0012,12.0,12.8,17.3,50.9,2023-03-25 12:04:23.911839
3543985,D0012,11.4,12.0,17.2,50.5,2023-03-25 12:05:23.92081
3544003,D0012,12.5,13.1,17.2,51.6,2023-03-25 12:06:22.915419
3544021,D0012,11.6,12.3,17.2,49.1,2023-03-25 12:07:22.918521
3544039,D0012,11.0,11.5,17.2,49.7,2023-03-25 12:08:23.921574
3544057,D0012,11.4,12.0,17.3,50.8,2023-03-25 12:09:22.930149
3544075,D0012,11.6,12.3,17.3,48.5,2023-03-25 12:10:22.930941
3544093,D0012,12.1,12.8,17.3,49.3,2023-03-25 12:11:22.929591
3544111,D0012,11.8,12.7,17.1,49.9,2023-03-25 12:12:23.935998
3544129,D0012,11.0,11.6,17.0,50.7,2023-03-25 12:13:23.935402
3544147,D0012,11.6,12.2,17.2,50.4,2023-03-25 12:14:23.948561
3544165,D0012,11.8,12.3,17.2,51.0,2023-03-25 12:15:23.94243
3544183,D0012,10.9,11.6,17.2,50.4,2023-03-25 12:16:23.949759
3544201,D0012,11.4,11.8,17.1,49.4,2023-03-25 12:17:22.951823
3544219,D0012,12.5,12.9,17.2,50.1,2023-03-25 12:18:22.948307
3544237,D0012,12.5,13.2,17.3,49.7,2023-03-25 12:19:23.951255
3544255,D0012,12.2,13.0,17.2,49.1,2023-03-25 12:20:22.950795
3544273,D0012,12.8,13.5,17.2,50.2,2023-03-25 12:21:23.961563
3544291,D0012,11.6,12.2,17.2,51.7,2023-03-25 12:22:22.961211
3544309,D0012,11.8,12.1,17.2,50.2,2023-03-25 12:23:22.972011
3544327,D0012,11.8,11.9,17.2,49.9,2023-03-25 12:24:22.967368
3544345,D0012,12.2,12.6,17.2,51.8,2023-03-25 12:25:23.970578
3544363,D0012,11.5,11.9,17.1,50.4,2023-03-25 12:26:23.973735
3544381,D0012,12.7,13.2,17.1,51.8,2023-03-25 12:27:23.978368
3544399,D0012,12.1,12.7,17.1,51.5,2023-03-25 12:28:23.975441
3544417,D0012,11.9,12.4,17.1,50.6,2023-03-25 12:29:23.989719
3544435,D0012,12.1,12.6,17.1,51.0,2023-03-25 12:30:23.985071
3544453,D0012,11.8,12.0,17.3,51.6,2023-03-25 12:31:24.001245
3544471,D0012,11.4,11.8,17.3,50.7,2023-03-25 12:32:23.985767
3544489,D0012,12.8,13.0,17.2,50.5,2023-03-25 12:33:24.008407
3544507,D0012,11.9,12.1,17.3,51.3,2023-03-25 12:34:22.991807
3544525,D0012,12.6,12.9,17.3,49.8,2023-03-25 12:35:24.000899
3544543,D0012,12.5,12.8,17.3,51.7,2023-03-25 12:36:24.006633
3544561,D0012,12.9,13.1,17.3,51.9,2023-03-25 12:37:24.007166
3544579,D0012,12.7,13.0,17.3,49.4,2023-03-25 12:38:24.003046
3544597,D0012,12.5,12.8,17.3,50.5,2023-03-25 12:39:24.039466
3544615,D0012,11.9,11.9,17.3,50.4,2023-03-25 12:40:23.010723
3544633,D0012,12.6,12.7,17.1,50.7,2023-03-25 12:41:24.014769
3544651,D0012,12.0,12.1,17.1,52.4,2023-03-25 12:42:24.013687
3544669,D0012,13.0,13.3,17.0,50.6,2023-03-25 12:43:24.013798
3544687,D0012,12.2,12.3,17.0,52.0,2023-03-25 12:44:23.026248
3544705,D0012,11.8,11.8,17.0,52.1,2023-03-25 12:45:24.019602
3544723,D0012,11.8,11.9,17.2,52.3,2023-03-25 12:46:24.023462
3544741,D0012,13.0,13.5,17.5,50.6,2023-03-25 12:47:23.024697
3544759,D0012,12.8,12.9,17.6,50.1,2023-03-25 12:48:24.032857
3544777,D0012,12.0,12.1,17.5,50.1,2023-03-25 12:49:24.040295
3544795,D0012,12.7,12.8,17.7,51.5,2023-03-25 12:50:24.040993
3544813,D0012,12.2,12.3,17.7,50.1,2023-03-25 12:51:24.044775
3544831,D0012,12.0,12.1,17.7,48.7,2023-03-25 12:52:24.038274
3544849,D0012,11.6,11.8,17.6,48.6,2023-03-25 12:53:24.0427
3544867,D0012,12.6,12.7,17.5,49.6,2023-03-25 12:54:23.051388
3544885,D0012,12.2,12.4,17.6,50.0,2023-03-25 12:55:24.050704
3544903,D0012,12.6,12.9,17.6,49.4,2023-03-25 12:56:24.050242
3544921,D0012,12.5,12.6,17.5,49.3,2023-03-25 12:57:24.057329
3544939,D0012,12.3,12.4,17.4,49.4,2023-03-25 12:58:24.059753
3544957,D0012,12.9,13.1,17.3,48.7,2023-03-25 12:59:23.066949
3544975,D0012,12.5,12.8,17.2,49.7,2023-03-25 13:00:23.07361
3544994,D0012,12.5,12.7,17.2,47.9,2023-03-25 13:01:24.074316
3545013,D0012,13.1,13.5,17.2,47.3,2023-03-25 13:02:23.086372
3545032,D0012,12.2,12.6,17.4,47.8,2023-03-25 13:03:24.096298
3545051,D0012,12.1,12.4,17.4,49.6,2023-03-25 13:04:24.102994
3545070,D0012,12.1,12.2,17.4,49.3,2023-03-25 13:05:24.099876
3545089,D0012,13.2,13.6,17.3,48.8,2023-03-25 13:06:23.105867
3545108,D0012,12.3,12.4,17.4,49.6,2023-03-25 13:07:23.103407
3545127,D0012,13.2,13.5,17.4,49.3,2023-03-25 13:08:24.110039
3545146,D0012,12.6,13.1,17.4,49.4,2023-03-25 13:09:24.11454
3545165,D0012,12.4,12.5,17.4,48.6,2023-03-25 13:10:24.121104
3545184,D0012,13.9,14.1,17.4,50.4,2023-03-25 13:11:24.130782
3545203,D0012,13.3,13.5,17.3,48.8,2023-03-25 13:12:24.124126
3545222,D0012,13.4,13.6,17.2,48.9,2023-03-25 13:13:23.127887
3545241,D0012,12.5,12.5,17.2,50.3,2023-03-25 13:14:24.125703
3545260,D0012,13.0,13.3,17.0,48.7,2023-03-25 13:15:24.130295
3545279,D0012,14.0,14.3,16.9,49.6,2023-03-25 13:16:24.147807
3545298,D0012,13.1,13.6,16.6,50.0,2023-03-25 13:17:23.137947
3545317,D0012,14.0,14.6,16.5,49.4,2023-03-25 13:18:24.159346
3545336,D0012,14.3,14.9,16.7,49.9,2023-03-25 13:19:24.14282
3545355,D0012,13.1,13.6,16.9,50.1,2023-03-25 13:20:23.148442
3545374,D0012,11.2,11.4,17.0,50.5,2023-03-25 13:21:23.15782
3545393,D0012,12.9,13.2,17.0,49.5,2023-03-25 13:22:24.160137
3545412,D0012,13.8,14.1,16.9,50.1,2023-03-25 13:23:24.157086
3545431,D0012,12.8,13.1,17.0,50.4,2023-03-25 13:24:24.167834
3545450,D0012,13.2,13.2,16.9,50.1,2023-03-25 13:25:23.162939
3545468,D0012,13.0,13.2,16.9,50.5,2023-03-25 13:26:23.176024
3545487,D0012,11.9,12.0,17.0,51.9,2023-03-25 13:27:24.174537
3545506,D0012,12.9,12.9,17.1,52.1,2023-03-25 13:28:24.174474
3545525,D0012,12.4,12.5,17.2,51.7,2023-03-25 13:29:24.191976
3545544,D0012,13.0,13.2,17.2,51.5,2023-03-25 13:30:23.190273
3545563,D0012,12.4,12.6,17.2,51.3,2023-03-25 13:31:23.197654
3545582,D0012,12.3,12.4,17.1,50.1,2023-03-25 13:32:23.212795
3545601,D0012,12.7,12.8,17.0,50.7,2023-03-25 13:33:24.190166
3545620,D0012,12.6,13.0,17.0,50.1,2023-03-25 13:34:24.201479
3545639,D0012,11.9,11.9,16.8,50.3,2023-03-25 13:35:24.203545
3545658,D0012,13.0,13.1,16.8,49.3,2023-03-25 13:36:24.214484
3545677,D0012,12.1,12.3,17.0,50.2,2023-03-25 13:37:24.212022
3545696,D0012,13.3,13.7,17.1,49.7,2023-03-25 13:38:24.207574
3545715,D0012,12.9,13.2,17.1,50.3,2023-03-25 13:39:23.220044
3545734,D0012,12.7,12.9,16.9,50.1,2023-03-25 13:40:24.215897
3545753,D0012,12.3,12.4,16.9,50.9,2023-03-25 13:41:24.21715
3545772,D0012,12.8,12.9,16.9,50.3,2023-03-25 13:42:24.234987
3545791,D0012,11.5,11.8,16.9,49.8,2023-03-25 13:43:24.235064
3545810,D0012,13.5,13.8,16.8,50.7,2023-03-25 13:44:23.235679
3545829,D0012,13.3,13.5,16.8,50.8,2023-03-25 13:45:23.231342
3545848,D0012,13.5,13.7,16.7,50.5,2023-03-25 13:46:24.251395
3545867,D0012,13.0,13.2,16.7,51.9,2023-03-25 13:47:24.245004
3545886,D0012,13.2,13.4,16.7,51.6,2023-03-25 13:48:23.247795
3545905,D0012,13.1,13.2,16.7,51.4,2023-03-25 13:49:23.256275
3545924,D0012,13.7,14.0,16.6,50.8,2023-03-25 13:50:23.25174
3545943,D0012,13.0,13.2,16.5,50.0,2023-03-25 13:51:23.268957
3545962,D0012,13.9,14.2,16.5,50.9,2023-03-25 13:52:23.257851
3545981,D0012,13.1,13.3,16.5,50.2,2023-03-25 13:53:23.261775
3546000,D0012,14.4,14.6,16.5,50.0,2023-03-25 13:54:23.26864
3546019,D0012,12.9,12.9,16.5,51.0,2023-03-25 13:55:23.265618
3546038,D0012,13.7,13.7,16.5,50.9,2023-03-25 13:56:23.28342
3546057,D0012,13.6,13.7,16.5,51.6,2023-03-25 13:57:23.279594
3546076,D0012,13.2,13.2,16.6,50.9,2023-03-25 13:58:24.282547
3546095,D0012,12.7,12.9,16.5,52.7,2023-03-25 13:59:24.280141
3546114,D0012,13.7,14.2,16.5,52.6,2023-03-25 14:00:24.280287
3546133,D0012,13.0,13.3,16.5,52.4,2023-03-25 14:01:23.311422
3546152,D0012,13.2,13.2,16.5,51.3,2023-03-25 14:02:24.45763
3546171,D0012,14.0,14.4,16.5,52.7,2023-03-25 14:03:23.292996
3546190,D0012,14.1,14.4,16.2,51.5,2023-03-25 14:04:23.297044
3546209,D0012,12.9,12.9,16.2,51.5,2023-03-25 14:05:23.370098
3546228,D0012,13.6,13.7,16.2,51.3,2023-03-25 14:06:23.310281
3546247,D0012,13.6,13.8,16.3,50.9,2023-03-25 14:07:24.307481
3546266,D0012,13.5,13.6,16.3,51.5,2023-03-25 14:08:23.300005
3546285,D0012,13.8,14.2,16.3,52.8,2023-03-25 14:09:23.302395
3546304,D0012,12.9,13.2,16.3,53.1,2023-03-25 14:10:24.312875
3546323,D0012,13.0,13.2,16.2,50.8,2023-03-25 14:11:23.31957
3546342,D0012,12.8,12.9,16.2,50.8,2023-03-25 14:12:23.311481
3546361,D0012,13.2,13.3,16.2,50.3,2023-03-25 14:13:24.348472
3546380,D0012,13.2,13.4,16.2,51.0,2023-03-25 14:14:24.316948
3546399,D0012,13.0,13.2,16.2,51.7,2023-03-25 14:15:24.361466
3546418,D0012,14.2,14.3,16.2,51.6,2023-03-25 14:16:23.352818
3546437,D0012,13.6,13.7,16.3,52.2,2023-03-25 14:17:24.318803
3546456,D0012,12.6,12.7,16.3,52.3,2023-03-25 14:18:23.380054
3546475,D0012,13.5,13.9,16.3,51.7,2023-03-25 14:19:24.332241
3546494,D0012,14.1,14.4,16.3,51.1,2023-03-25 14:20:24.331818
3546513,D0012,13.2,13.3,16.1,51.6,2023-03-25 14:21:23.383935
3546532,D0012,13.2,13.3,16.1,52.2,2023-03-25 14:22:24.332084
3546551,D0012,13.2,13.6,16.1,53.3,2023-03-25 14:23:24.341424
3546570,D0012,12.8,13.1,16.2,53.0,2023-03-25 14:24:24.343042
3546589,D0012,13.1,13.5,16.2,51.9,2023-03-25 14:25:24.338954
3546608,D0012,13.6,14.1,16.1,53.5,2023-03-25 14:26:23.357924
3546627,D0012,12.6,12.8,16.1,52.8,2023-03-25 14:27:24.342664
3546646,D0012,13.8,14.3,16.0,52.2,2023-03-25 14:28:24.351931
3546665,D0012,12.6,13.0,16.1,51.8,2023-03-25 14:29:24.354653
3546684,D0012,13.6,14.0,16.4,52.5,2023-03-25 14:30:23.363612
3546703,D0012,12.7,13.0,16.4,52.1,2023-03-25 14:31:24.369253
3546722,D0012,13.6,14.2,16.4,52.9,2023-03-25 14:32:24.368393
3546741,D0012,13.1,13.4,16.5,53.3,2023-03-25 14:33:24.370792
3546760,D0012,13.4,13.4,16.6,53.0,2023-03-25 14:34:23.367514
3546779,D0012,13.1,13.3,16.6,51.8,2023-03-25 14:35:23.383926
3546798,D0012,13.2,13.4,16.5,51.7,2023-03-25 14:36:23.381768
3546817,D0012,13.2,13.4,16.5,52.2,2023-03-25 14:37:23.382826
3546836,D0012,14.3,14.9,16.4,51.7,2023-03-25 14:38:24.379641
3546855,D0012,13.1,13.5,16.5,52.2,2023-03-25 14:39:24.382942
3546874,D0012,13.6,13.9,16.5,51.4,2023-03-25 14:40:23.395301
3546893,D0012,13.2,13.5,16.5,53.0,2023-03-25 14:41:23.407361
3546912,D0012,13.0,13.6,16.4,52.9,2023-03-25 14:42:23.398912
3546931,D0012,14.2,14.8,16.4,53.3,2023-03-25 14:43:23.404174
3546950,D0012,14.1,14.7,16.4,52.6,2023-03-25 14:44:24.410152
3546969,D0012,12.7,13.2,16.2,51.9,2023-03-25 14:45:24.427395
3546988,D0012,15.2,15.9,16.1,52.2,2023-03-25 14:46:24.434007
3547006,D0012,13.6,14.1,16.4,51.6,2023-03-25 14:47:23.427109
3547025,D0012,12.6,13.0,16.4,51.9,2023-03-25 14:48:24.430298
3547044,D0012,13.7,14.3,16.5,51.9,2023-03-25 14:49:24.430093
3547063,D0012,13.2,13.7,16.4,52.9,2023-03-25 14:50:24.440897
3547082,D0012,13.6,14.2,16.4,53.8,2023-03-25 14:51:23.44629
3547101,D0012,13.1,13.5,16.5,52.5,2023-03-25 14:52:23.447199
3547120,D0012,13.6,14.2,16.5,53.7,2023-03-25 14:53:23.469688
3547139,D0012,13.3,13.7,16.5,52.6,2023-03-25 14:54:23.456057
3547158,D0012,13.0,13.2,16.5,52.5,2023-03-25 14:55:24.458942
3547177,D0012,12.8,13.0,16.6,52.8,2023-03-25 14:56:23.475222
3547196,D0012,13.2,13.8,16.4,52.0,2023-03-25 14:57:24.47309
3547215,D0012,12.9,13.1,16.5,52.4,2023-03-25 14:58:24.46504
3547234,D0012,13.1,13.2,16.4,52.4,2023-03-25 14:59:23.468732
3547253,D0012,12.8,13.0,16.5,51.9,2023-03-25 15:00:24.478913
3547272,D0012,12.8,13.0,16.4,51.3,2023-03-25 15:01:23.479021
3547291,D0012,13.8,14.2,16.2,52.6,2023-03-25 15:02:23.488929
3547310,D0012,13.2,13.6,16.2,51.1,2023-03-25 15:03:23.486443
3547329,D0012,13.2,13.8,16.3,51.6,2023-03-25 15:04:24.492511
3547348,D0012,13.3,14.1,16.5,51.9,2023-03-25 15:05:24.49355
3547367,D0012,13.4,14.1,16.6,52.9,2023-03-25 15:06:23.492375
3547386,D0012,13.1,13.8,16.5,52.9,2023-03-25 15:07:23.501108
3547405,D0012,12.8,13.3,16.6,51.7,2023-03-25 15:08:24.502027
3547424,D0012,12.2,12.4,16.6,53.0,2023-03-25 15:09:23.503426
3547443,D0012,13.0,13.3,16.4,52.2,2023-03-25 15:10:23.506701
3547462,D0012,12.9,13.0,16.5,52.7,2023-03-25 15:11:23.519998
3547481,D0012,13.4,13.8,16.6,53.0,2023-03-25 15:12:23.514911
3547500,D0012,13.4,14.0,16.5,52.3,2023-03-25 15:13:24.516452
3547519,D0012,12.8,13.4,16.6,51.8,2023-03-25 15:14:24.524817
3547538,D0012,12.6,13.3,16.7,53.3,2023-03-25 15:15:24.518394
3547557,D0012,13.4,14.0,16.7,51.7,2023-03-25 15:16:24.533234
3547576,D0012,13.2,13.5,16.7,52.8,2023-03-25 15:17:24.524893
3547595,D0012,13.7,13.9,16.5,52.1,2023-03-25 15:18:23.540766
3547614,D0012,12.9,13.2,16.5,52.3,2023-03-25 15:19:24.523976
3547633,D0012,14.2,14.8,16.3,51.4,2023-03-25 15:20:24.527769
3547652,D0012,14.2,15.0,16.5,52.1,2023-03-25 15:21:24.537213
3547671,D0012,11.8,12.3,16.6,52.9,2023-03-25 15:22:23.527245
3547690,D0012,13.0,13.5,16.7,52.1,2023-03-25 15:23:24.531316
3547709,D0012,13.8,14.3,16.5,52.3,2023-03-25 15:24:24.539972
3547728,D0012,12.8,13.2,16.6,51.9,2023-03-25 15:25:24.533391
3547747,D0012,13.0,13.4,16.5,51.9,2023-03-25 15:26:24.550182
3547766,D0012,13.2,13.7,16.6,52.5,2023-03-25 15:27:24.538129
3547785,D0012,13.3,13.5,16.6,53.5,2023-03-25 15:28:24.547455
3547804,D0012,12.9,13.1,16.6,52.5,2023-03-25 15:29:24.54982
3547823,D0012,13.5,13.8,16.6,52.9,2023-03-25 15:30:24.541766
3547842,D0012,12.8,13.3,16.6,51.4,2023-03-25 15:31:24.558508
3547861,D0012,13.5,14.2,16.5,52.4,2023-03-25 15:32:23.557232
3547880,D0012,13.2,13.8,16.4,52.4,2023-03-25 15:33:24.553426
3547899,D0012,13.3,13.5,16.4,51.9,2023-03-25 15:34:24.563601
3547918,D0012,13.7,14.0,16.3,51.6,2023-03-25 15:35:24.561892
3547937,D0012,13.3,14.0,16.3,50.8,2023-03-25 15:36:24.568824
3547956,D0012,13.5,14.1,16.5,52.0,2023-03-25 15:37:23.574781
3547975,D0012,13.6,14.2,16.5,51.2,2023-03-25 15:38:24.570811
3547994,D0012,13.3,13.8,16.6,52.0,2023-03-25 15:39:24.574651
3548013,D0012,13.4,13.8,16.6,52.0,2023-03-25 15:40:24.584407
3548032,D0012,14.1,14.9,16.7,52.4,2023-03-25 15:41:24.591826
3548051,D0012,12.4,13.0,16.8,51.1,2023-03-25 15:42:23.588393
3548070,D0012,12.8,13.3,16.8,51.1,2023-03-25 15:43:24.586153
3548089,D0012,13.8,14.4,16.8,52.7,2023-03-25 15:44:24.583725
3548108,D0012,12.8,13.3,16.7,52.8,2023-03-25 15:45:24.590992
3548127,D0012,13.0,13.4,16.7,51.9,2023-03-25 15:46:24.607303
3548146,D0012,13.2,13.6,16.7,51.2,2023-03-25 15:47:23.596112
3548165,D0012,13.6,14.1,16.7,51.4,2023-03-25 15:48:24.604435
3548184,D0012,13.4,13.7,16.8,53.0,2023-03-25 15:49:24.600495
3548203,D0012,13.4,13.9,16.9,52.6,2023-03-25 15:50:24.6187
3548222,D0012,12.9,13.3,16.7,51.0,2023-03-25 15:51:23.62933
3548241,D0012,12.9,13.3,16.7,52.3,2023-03-25 15:52:24.611637
3548260,D0012,12.0,12.3,16.9,52.1,2023-03-25 15:53:24.613228
3548279,D0012,12.8,13.2,16.9,52.1,2023-03-25 15:54:24.624781
3548298,D0012,13.2,13.6,16.9,51.2,2023-03-25 15:55:24.632601
3548317,D0012,12.7,13.1,16.8,51.0,2023-03-25 15:56:24.64667
3548336,D0012,13.0,13.3,16.8,50.5,2023-03-25 15:57:24.625506
3548355,D0012,13.3,13.7,16.7,51.6,2023-03-25 15:58:24.635446
3548374,D0012,13.1,13.6,16.8,51.1,2023-03-25 15:59:24.634315
3548393,D0012,12.5,12.9,16.9,51.6,2023-03-25 16:00:24.640168
3548412,D0012,12.7,13.3,16.9,50.5,2023-03-25 16:01:23.660777
3548431,D0012,13.2,13.8,16.8,51.1,2023-03-25 16:02:23.643307
3548450,D0012,12.9,13.3,16.8,50.9,2023-03-25 16:03:24.653031
3548469,D0012,13.4,14.0,16.8,51.6,2023-03-25 16:04:24.650814
3548488,D0012,13.4,13.7,16.7,50.6,2023-03-25 16:05:23.655632
3548507,D0012,12.7,12.9,16.6,50.5,2023-03-25 16:06:23.668208
3548526,D0012,13.5,13.8,16.5,51.8,2023-03-25 16:07:24.659922
3548545,D0012,12.3,12.6,16.6,51.6,2023-03-25 16:08:24.663023
3548564,D0012,12.6,12.9,16.6,50.3,2023-03-25 16:09:24.667909
3548583,D0012,12.7,13.1,16.7,50.1,2023-03-25 16:10:24.665943
3548602,D0012,11.7,11.9,16.7,51.0,2023-03-25 16:11:24.689255
3548621,D0012,12.5,12.6,16.7,51.2,2023-03-25 16:12:23.674018
3548640,D0012,12.8,13.3,16.7,51.7,2023-03-25 16:13:23.686523
3548659,D0012,12.9,13.5,16.7,51.7,2023-03-25 16:14:24.687606
3548678,D0012,12.9,13.5,16.7,51.1,2023-03-25 16:15:24.681015
3548697,D0012,13.1,13.7,16.7,51.0,2023-03-25 16:16:24.69517
3548716,D0012,13.6,13.8,16.7,50.4,2023-03-25 16:17:24.68847
3548735,D0012,12.8,13.1,16.7,50.5,2023-03-25 16:18:24.698103
3548754,D0012,12.2,12.7,16.7,51.7,2023-03-25 16:19:24.698245
3548772,D0012,13.0,13.4,16.6,52.0,2023-03-25 16:20:24.71686
3548791,D0012,12.6,13.1,16.5,53.0,2023-03-25 16:21:23.723872
3548810,D0012,13.2,13.7,16.4,51.5,2023-03-25 16:22:23.704335
3548829,D0012,13.4,13.8,16.4,51.5,2023-03-25 16:23:24.717682
3548848,D0012,13.1,13.5,16.3,53.4,2023-03-25 16:24:24.717136
3548867,D0012,13.1,13.7,16.5,52.3,2023-03-25 16:25:24.715606
3548886,D0012,12.7,13.1,16.6,50.7,2023-03-25 16:26:23.749927
3548905,D0012,11.9,12.2,16.7,51.4,2023-03-25 16:27:23.724219
3548924,D0012,12.1,12.4,16.8,52.6,2023-03-25 16:28:24.722396
3548943,D0012,12.4,12.6,16.7,52.6,2023-03-25 16:29:24.722841
3548962,D0012,12.7,13.2,16.8,51.8,2023-03-25 16:30:24.766572
3548981,D0012,12.5,12.8,16.8,51.5,2023-03-25 16:31:24.755513
3549000,D0012,12.9,13.3,16.8,51.8,2023-03-25 16:32:24.744068
3549019,D0012,13.6,14.0,16.8,52.8,2023-03-25 16:33:23.738897
3549038,D0012,12.9,13.2,16.8,51.8,2023-03-25 16:34:24.785061
3549057,D0012,12.8,13.0,16.9,51.3,2023-03-25 16:35:24.746011
3549076,D0012,12.8,12.9,16.8,51.4,2023-03-25 16:36:24.760792
3549095,D0012,12.6,12.6,16.8,51.6,2023-03-25 16:37:24.759547
3549114,D0012,12.9,13.1,16.8,50.3,2023-03-25 16:38:24.776603
3549133,D0012,13.1,13.3,16.8,51.3,2023-03-25 16:39:23.761982
3549152,D0012,11.8,12.2,16.7,50.9,2023-03-25 16:40:23.768953
3549171,D0012,12.3,12.5,16.7,50.5,2023-03-25 16:41:23.809735
3549189,D0012,12.1,12.3,16.8,51.0,2023-03-25 16:42:24.762172
3549208,D0012,12.6,12.9,16.9,49.7,2023-03-25 16:43:23.772512
3549227,D0012,12.3,12.7,17.0,49.9,2023-03-25 16:44:23.786791
3549246,D0012,12.4,12.8,17.0,49.9,2023-03-25 16:45:24.77305
3549265,D0012,12.1,12.5,16.8,50.7,2023-03-25 16:46:23.7818
3549284,D0012,12.2,12.6,16.8,51.0,2023-03-25 16:47:24.784262
3549303,D0012,11.8,12.2,16.8,51.0,2023-03-25 16:48:24.782674
3549322,D0012,12.3,12.7,16.9,50.4,2023-03-25 16:49:24.789788
3549341,D0012,11.9,12.4,16.9,49.8,2023-03-25 16:50:24.789464
3549360,D0012,11.5,11.9,16.9,49.8,2023-03-25 16:51:23.795563
3549379,D0012,11.4,11.6,16.9,50.6,2023-03-25 16:52:23.817754
3549398,D0012,11.8,12.2,16.9,50.9,2023-03-25 16:53:23.800979
3549417,D0012,11.7,12.0,16.9,49.8,2023-03-25 16:54:24.80341
3549436,D0012,12.1,12.5,16.9,50.4,2023-03-25 16:55:24.819172
3549455,D0012,10.8,11.1,16.9,50.7,2023-03-25 16:56:23.811845
3549474,D0012,12.8,13.5,16.8,50.1,2023-03-25 16:57:23.824071
3549493,D0012,11.0,11.2,16.7,50.5,2023-03-25 16:58:24.814421
3549512,D0012,10.7,10.9,16.8,50.3,2023-03-25 16:59:24.821334
3549531,D0012,11.6,11.8,16.9,50.1,2023-03-25 17:00:24.824355
3549550,D0012,11.2,11.5,16.9,50.1,2023-03-25 17:01:24.839104
3549569,D0012,11.7,11.8,17.0,50.9,2023-03-25 17:02:23.828721
3549588,D0012,11.3,11.6,16.9,50.9,2023-03-25 17:03:24.8354
3549607,D0012,10.0,10.4,17.0,50.4,2023-03-25 17:04:24.832601
3549626,D0012,11.3,11.8,17.1,50.4,2023-03-25 17:05:24.843695
3549645,D0012,11.8,12.2,17.1,49.8,2023-03-25 17:06:23.851825
3549664,D0012,10.8,11.1,17.1,49.8,2023-03-25 17:07:24.853085
3549683,D0012,11.2,11.5,17.1,50.2,2023-03-25 17:08:23.848942
3549702,D0012,11.1,11.4,17.2,49.9,2023-03-25 17:09:24.851791
3549721,D0012,12.1,12.4,17.1,48.6,2023-03-25 17:10:23.856864
3549740,D0012,12.0,12.4,17.1,48.8,2023-03-25 17:11:23.854526
3549759,D0012,11.4,11.6,17.0,49.0,2023-03-25 17:12:23.862398
3549778,D0012,12.0,12.2,17.0,48.9,2023-03-25 17:13:24.873957
3549797,D0012,11.7,12.1,16.9,51.0,2023-03-25 17:14:23.868908
3549816,D0012,11.0,11.2,16.8,50.8,2023-03-25 17:15:24.871144
3549835,D0012,10.9,11.2,16.9,49.7,2023-03-25 17:16:23.88114
3549854,D0012,12.2,12.6,17.0,49.2,2023-03-25 17:17:23.873304
3549873,D0012,10.9,11.3,17.1,49.1,2023-03-25 17:18:24.881352
3549892,D0012,10.1,10.3,17.2,49.9,2023-03-25 17:19:23.878988
3549911,D0012,10.5,10.8,17.1,50.4,2023-03-25 17:20:24.888334
3549930,D0012,11.3,11.7,17.1,50.8,2023-03-25 17:21:23.891195
3549949,D0012,11.4,11.8,17.1,50.1,2023-03-25 17:22:23.896601
3549968,D0012,10.8,11.1,17.2,50.9,2023-03-25 17:23:24.894734
3549987,D0012,10.6,10.9,17.1,50.4,2023-03-25 17:24:24.897986
3550006,D0012,11.8,12.4,17.1,50.5,2023-03-25 17:25:23.903287
3550025,D0012,10.7,11.1,17.1,50.5,2023-03-25 17:26:23.907263
3550044,D0012,10.7,10.9,17.1,51.2,2023-03-25 17:27:24.911873
3550063,D0012,11.1,11.4,17.0,50.8,2023-03-25 17:28:23.908466
3550082,D0012,11.1,11.4,17.1,50.7,2023-03-25 17:29:24.912338
3550101,D0012,11.0,11.2,17.0,50.6,2023-03-25 17:30:24.922034
3550120,D0012,10.4,10.6,17.0,51.6,2023-03-25 17:31:23.943122
3550139,D0012,10.7,11.0,16.9,50.8,2023-03-25 17:32:24.933822
3550158,D0012,11.1,11.5,16.9,50.6,2023-03-25 17:33:23.917307
3550177,D0012,10.7,11.2,17.0,51.2,2023-03-25 17:34:24.941517
3550196,D0012,9.1,9.1,17.1,51.3,2023-03-25 17:35:23.92157
3550215,D0012,9.6,9.7,17.1,51.0,2023-03-25 17:36:23.924486
3550234,D0012,9.7,10.1,17.1,50.8,2023-03-25 17:37:24.926135
3550253,D0012,10.0,10.2,17.1,51.4,2023-03-25 17:38:24.932579
3550272,D0012,10.1,10.5,17.1,51.6,2023-03-25 17:39:24.936449
3550291,D0012,10.7,11.0,17.0,51.2,2023-03-25 17:40:24.932499
3550310,D0012,10.6,11.1,17.1,50.3,2023-03-25 17:41:24.928907
3550329,D0012,10.5,11.0,17.1,51.1,2023-03-25 17:42:25.314093
3550348,D0012,10.3,10.6,17.0,50.7,2023-03-25 17:43:24.941393
3550367,D0012,10.8,11.1,17.0,50.3,2023-03-25 17:44:24.94961
3550386,D0012,11.1,11.5,16.9,50.6,2023-03-25 17:45:23.954868
3550405,D0012,10.8,11.3,16.9,50.6,2023-03-25 17:46:23.944755
3550424,D0012,11.3,11.8,16.9,50.6,2023-03-25 17:47:24.954696
3550443,D0012,10.4,10.9,16.8,51.8,2023-03-25 17:48:24.953239
3550462,D0012,10.3,10.7,16.7,50.7,2023-03-25 17:49:24.96776
3550481,D0012,10.6,11.1,16.6,50.3,2023-03-25 17:50:23.986001
3550500,D0012,11.5,12.2,16.7,49.0,2023-03-25 17:51:24.963266
3550519,D0012,9.9,10.5,16.9,49.1,2023-03-25 17:52:24.95916
3550538,D0012,10.9,11.6,16.9,49.3,2023-03-25 17:53:25.217662
3550557,D0012,9.6,9.8,16.8,50.4,2023-03-25 17:54:24.964844
3550576,D0012,8.9,9.2,16.8,50.2,2023-03-25 17:55:24.971923
3550595,D0012,10.4,10.7,16.8,50.4,2023-03-25 17:56:24.977768
3550614,D0012,10.4,11.0,16.8,51.5,2023-03-25 17:57:23.97558
3550633,D0012,10.3,10.9,16.7,51.5,2023-03-25 17:58:23.983637
3550652,D0012,10.7,11.2,16.8,49.7,2023-03-25 17:59:24.977051
3550671,D0012,10.9,11.5,16.7,50.6,2023-03-25 18:00:24.991074
3550690,D0012,10.8,11.4,16.7,50.3,2023-03-25 18:01:23.989521
3550709,D0012,11.0,11.6,16.6,50.5,2023-03-25 18:02:23.996413
3550728,D0012,11.6,12.2,16.6,50.5,2023-03-25 18:03:24.98962
3550747,D0012,10.8,11.3,16.6,50.3,2023-03-25 18:04:24.99689
3550766,D0012,10.0,10.4,16.5,51.4,2023-03-25 18:05:24.99812
3550785,D0012,9.6,10.1,16.4,50.4,2023-03-25 18:06:25.004976
3550804,D0012,10.6,11.1,16.4,49.7,2023-03-25 18:07:25.011864
3550822,D0012,10.3,10.9,16.6,49.3,2023-03-25 18:08:25.024462
3550840,D0012,10.9,11.7,16.7,49.5,2023-03-25 18:09:25.01778
3550858,D0012,10.7,11.3,16.5,51.3,2023-03-25 18:10:25.031966
3550876,D0012,10.2,10.7,16.5,50.9,2023-03-25 18:11:24.028989
3550894,D0012,10.8,11.3,16.5,50.0,2023-03-25 18:12:24.0458
3550912,D0012,11.3,11.9,16.5,51.3,2023-03-25 18:13:25.037116
3550930,D0012,11.5,12.2,16.5,50.5,2023-03-25 18:14:25.052422
3550948,D0012,11.2,11.9,16.5,50.1,2023-03-25 18:15:25.041749
3550966,D0012,10.9,11.3,16.5,50.6,2023-03-25 18:16:25.044681
3550984,D0012,10.8,11.2,16.5,50.6,2023-03-25 18:17:24.051417
3551002,D0012,11.2,11.6,16.4,50.6,2023-03-25 18:18:24.056666
3551020,D0012,10.8,11.3,16.4,51.3,2023-03-25 18:19:24.132031
3551038,D0012,10.4,10.9,16.4,50.9,2023-03-25 18:20:25.070576
3551056,D0012,9.9,10.3,16.3,52.3,2023-03-25 18:21:25.069354
3551074,D0012,9.3,9.6,16.3,52.3,2023-03-25 18:22:25.069972
3551092,D0012,9.2,9.5,16.3,51.1,2023-03-25 18:23:25.078969
3551110,D0012,10.0,10.3,16.4,51.0,2023-03-25 18:24:25.087608
3551128,D0012,10.4,10.8,16.4,51.4,2023-03-25 18:25:25.087838
3551147,D0012,9.7,10.1,16.4,51.8,2023-03-25 18:26:25.087691
3551166,D0012,9.6,10.0,16.4,51.8,2023-03-25 18:27:25.094035
3551185,D0012,10.4,10.9,16.4,51.7,2023-03-25 18:28:25.107305
3551204,D0012,10.9,11.4,16.4,51.2,2023-03-25 18:29:25.100102
3551223,D0012,11.6,11.8,16.3,53.2,2023-03-25 18:30:25.09488
3551242,D0012,10.5,10.8,16.3,52.1,2023-03-25 18:31:25.105097
3551261,D0012,10.9,11.3,16.3,51.8,2023-03-25 18:32:24.104382
3551280,D0012,10.9,11.3,16.3,51.8,2023-03-25 18:33:25.109262
3551299,D0012,11.5,11.7,16.3,52.5,2023-03-25 18:34:25.1241
3551318,D0012,10.1,10.1,16.2,53.1,2023-03-25 18:35:25.115613
3551337,D0012,10.5,10.9,16.2,53.6,2023-03-25 18:36:25.118613
3551356,D0012,10.1,10.3,16.2,52.2,2023-03-25 18:37:25.126827
3551375,D0012,9.3,9.4,16.1,52.6,2023-03-25 18:38:24.125764
3551394,D0012,11.1,11.6,16.1,52.0,2023-03-25 18:39:25.122906
3551413,D0012,9.8,10.3,16.3,52.2,2023-03-25 18:40:25.136573
3551432,D0012,10.6,11.0,16.3,52.6,2023-03-25 18:41:25.131
3551451,D0012,10.1,10.5,16.3,52.6,2023-03-25 18:42:25.132675
3551470,D0012,11.0,11.3,16.2,53.6,2023-03-25 18:43:24.144844
3551489,D0012,9.4,9.8,16.2,53.8,2023-03-25 18:44:25.147565
3551508,D0012,10.3,10.7,16.2,53.7,2023-03-25 18:45:24.154035
3551527,D0012,10.2,10.6,16.2,53.8,2023-03-25 18:46:24.156092
3551546,D0012,10.3,10.7,16.2,53.5,2023-03-25 18:47:25.15377
3551565,D0012,10.7,11.1,16.2,52.6,2023-03-25 18:48:24.150986
3551584,D0012,11.4,11.8,16.2,52.5,2023-03-25 18:49:24.153005
3551603,D0012,11.6,12.0,16.1,53.1,2023-03-25 18:50:25.158054
3551622,D0012,11.7,12.2,16.1,53.2,2023-03-25 18:51:25.165458
3551641,D0012,11.3,11.7,16.0,53.2,2023-03-25 18:52:25.159728
3551660,D0012,11.3,11.8,16.0,53.3,2023-03-25 18:53:24.178809
3551679,D0012,11.2,11.5,15.9,53.0,2023-03-25 18:54:25.173729
3551698,D0012,11.4,11.7,15.7,53.1,2023-03-25 18:55:25.172178
3551717,D0012,10.6,11.1,15.8,52.7,2023-03-25 18:56:25.172489
3551736,D0012,11.4,12.0,15.9,52.6,2023-03-25 18:57:25.180523
3551755,D0012,10.7,11.1,16.0,53.0,2023-03-25 18:58:24.185724
3551774,D0012,11.5,11.9,16.0,53.8,2023-03-25 18:59:25.182423
3551793,D0012,10.7,11.0,15.9,53.9,2023-03-25 19:00:25.19543
3551812,D0012,11.3,11.4,15.9,53.7,2023-03-25 19:01:25.187058
3551831,D0012,11.6,11.8,15.9,53.8,2023-03-25 19:02:24.234267
3551849,D0012,11.8,12.2,15.9,53.6,2023-03-25 19:03:25.199593
3551867,D0012,12.1,12.6,15.8,54.5,2023-03-25 19:04:24.196988
3551885,D0012,11.6,12.1,15.8,54.0,2023-03-25 19:05:24.202205
3551903,D0012,11.7,11.9,15.7,55.1,2023-03-25 19:06:25.214721
3551921,D0012,11.2,11.3,15.6,55.4,2023-03-25 19:07:25.228352
3551939,D0012,11.7,12.0,15.6,54.3,2023-03-25 19:08:25.22437
3551957,D0012,11.6,12.0,15.6,54.9,2023-03-25 19:09:24.214713
3551975,D0012,11.6,11.7,15.6,54.5,2023-03-25 19:10:25.429433
3551993,D0012,11.6,11.9,15.6,53.7,2023-03-25 19:11:25.228048
3552011,D0012,11.4,11.6,15.5,53.7,2023-03-25 19:12:25.230333
3552029,D0012,11.2,11.6,15.6,54.5,2023-03-25 19:13:24.228866
3552047,D0012,11.0,11.3,15.7,54.1,2023-03-25 19:14:25.228998
3552065,D0012,10.7,11.0,15.8,53.6,2023-03-25 19:15:24.242039
3552083,D0012,11.3,11.6,15.8,53.6,2023-03-25 19:16:25.244531
3552101,D0012,11.3,11.9,15.7,53.5,2023-03-25 19:17:24.234871
3552119,D0012,11.9,12.5,15.7,53.2,2023-03-25 19:18:25.242324
3552137,D0012,11.7,12.2,15.7,53.3,2023-03-25 19:19:24.277792
3552155,D0012,11.4,12.0,15.7,53.8,2023-03-25 19:20:24.31804
3552173,D0012,11.1,11.5,15.7,53.7,2023-03-25 19:21:25.245577
3552191,D0012,11.8,12.2,15.7,53.5,2023-03-25 19:22:24.249108
3552209,D0012,11.0,11.4,15.7,54.3,2023-03-25 19:23:24.259183
3552227,D0012,13.5,13.8,15.6,54.3,2023-03-25 19:24:25.251935
3552245,D0012,14.1,14.4,15.7,54.8,2023-03-25 19:25:24.260745
3552263,D0012,12.7,13.0,15.6,55.1,2023-03-25 19:26:25.264961
3552281,D0012,12.6,12.8,15.5,55.5,2023-03-25 19:27:24.269993
3552299,D0012,12.4,12.6,15.3,55.8,2023-03-25 19:28:24.283433
3552317,D0012,12.2,12.4,15.3,56.0,2023-03-25 19:29:24.26798
3552335,D0012,14.0,14.3,15.2,55.6,2023-03-25 19:30:24.274792
3552353,D0012,13.3,13.6,15.3,55.0,2023-03-25 19:31:24.277683
3552371,D0012,13.3,13.5,15.5,54.6,2023-03-25 19:32:24.277996
3552389,D0012,13.4,13.7,15.6,54.9,2023-03-25 19:33:25.276076
3552407,D0012,11.8,11.9,15.6,55.2,2023-03-25 19:34:24.301551
3552425,D0012,11.8,11.8,15.6,55.6,2023-03-25 19:35:25.287406
3552443,D0012,11.6,11.6,15.6,55.7,2023-03-25 19:36:24.291856
3552461,D0012,11.4,11.4,15.6,56.1,2023-03-25 19:37:25.287172
3552479,D0012,12.4,12.6,15.6,55.9,2023-03-25 19:38:25.291827
3552497,D0012,13.0,13.1,15.5,56.2,2023-03-25 19:39:24.296211
3552515,D0012,13.5,13.9,15.4,56.8,2023-03-25 19:40:24.317867
3552533,D0012,13.3,13.6,15.5,56.7,2023-03-25 19:41:25.307367
3552551,D0012,14.1,14.3,15.4,57.2,2023-03-25 19:42:25.313117
3552569,D0012,14.3,14.6,15.4,57.4,2023-03-25 19:43:24.304223
3552587,D0012,14.1,14.2,15.3,57.4,2023-03-25 19:44:25.317919
3552605,D0012,14.4,14.5,15.3,57.9,2023-03-25 19:45:25.479883
3552623,D0012,14.8,15.0,15.3,57.6,2023-03-25 19:46:24.326772
3552641,D0012,14.2,14.3,15.2,57.2,2023-03-25 19:47:25.324663
3552659,D0012,13.2,13.2,15.3,56.9,2023-03-25 19:48:24.322652
3552677,D0012,14.3,14.4,15.4,56.7,2023-03-25 19:49:24.348521
3552695,D0012,12.3,12.4,15.5,56.8,2023-03-25 19:50:25.32375
3552713,D0012,12.7,12.8,15.5,57.4,2023-03-25 19:51:25.329967
3552731,D0012,14.8,14.9,15.4,58.1,2023-03-25 19:52:24.33838
3552749,D0012,14.1,14.2,15.4,57.6,2023-03-25 19:53:25.359871
3552767,D0012,14.4,14.5,15.4,57.6,2023-03-25 19:54:25.337436
3552785,D0012,13.8,13.8,15.4,57.6,2023-03-25 19:55:25.339087
3552803,D0012,13.2,13.2,15.4,57.2,2023-03-25 19:56:24.348688
3552821,D0012,13.3,13.5,15.3,57.9,2023-03-25 19:57:25.342934
3552839,D0012,13.2,13.2,15.3,57.9,2023-03-25 19:58:24.353138
3552857,D0012,14.1,14.2,15.3,58.1,2023-03-25 19:59:24.350685
3552875,D0012,14.4,14.4,15.3,58.0,2023-03-25 20:00:24.349929
3552893,D0012,13.3,13.4,15.3,57.6,2023-03-25 20:01:25.360557
3552911,D0012,13.4,13.5,15.2,57.6,2023-03-25 20:02:24.360846
3552929,D0012,14.2,14.3,15.2,58.2,2023-03-25 20:03:24.455054
3552947,D0012,12.7,12.8,15.2,57.9,2023-03-25 20:04:24.362
3552965,D0012,12.8,12.8,15.2,57.8,2023-03-25 20:05:25.381736
3552983,D0012,11.6,11.6,15.3,57.4,2023-03-25 20:06:24.373095
3553001,D0012,12.6,12.6,15.3,58.1,2023-03-25 20:07:25.377287
3553019,D0012,11.6,11.6,15.4,59.0,2023-03-25 20:08:24.376357
3553037,D0012,12.4,12.5,15.4,58.6,2023-03-25 20:09:25.379895
3553055,D0012,12.3,12.4,15.4,58.1,2023-03-25 20:10:25.386778
3553073,D0012,13.9,14.0,15.4,58.5,2023-03-25 20:11:25.38428
3553091,D0012,12.6,12.6,15.3,58.6,2023-03-25 20:12:25.390994
3553109,D0012,13.3,13.3,15.3,58.3,2023-03-25 20:13:25.394559
3553127,D0012,13.7,13.7,15.3,58.6,2023-03-25 20:14:25.409598
3553145,D0012,13.9,13.9,15.3,59.6,2023-03-25 20:15:25.397734
3553163,D0012,13.8,13.9,15.3,60.0,2023-03-25 20:16:25.397602
3553181,D0012,14.4,14.5,15.2,60.4,2023-03-25 20:17:24.403495
3553199,D0012,14.3,14.3,15.2,60.6,2023-03-25 20:18:24.409982
3553217,D0012,14.1,14.1,15.1,60.9,2023-03-25 20:19:25.407003
3553235,D0012,13.1,13.1,15.0,61.0,2023-03-25 20:20:24.413684
3553253,D0012,14.5,14.5,15.0,61.3,2023-03-25 20:21:25.416284
3553271,D0012,13.6,13.7,15.0,60.6,2023-03-25 20:22:25.563215
3553289,D0012,14.4,14.5,15.2,60.2,2023-03-25 20:23:25.422002
3553307,D0012,14.7,14.7,15.3,60.6,2023-03-25 20:24:25.428459
3553325,D0012,14.8,14.8,15.2,60.8,2023-03-25 20:25:24.448318
3553343,D0012,14.2,14.2,15.2,60.7,2023-03-25 20:26:24.43965
3553360,D0012,15.5,15.6,15.2,60.7,2023-03-25 20:27:24.436347
3553377,D0012,13.6,13.6,15.1,60.8,2023-03-25 20:28:25.440618
3553394,D0012,13.9,14.0,15.1,61.1,2023-03-25 20:29:24.439834
3553411,D0012,14.7,14.7,15.1,61.5,2023-03-25 20:30:25.447428
3553428,D0012,14.0,14.1,15.1,61.8,2023-03-25 20:31:25.451711
3553445,D0012,14.9,14.9,15.1,61.4,2023-03-25 20:32:25.458862
3553462,D0012,14.8,15.0,15.1,62.2,2023-03-25 20:33:24.461861
3553479,D0012,14.7,14.8,15.0,62.4,2023-03-25 20:34:25.459296
3553496,D0012,14.5,14.6,15.0,62.2,2023-03-25 20:35:25.462946
3553513,D0012,14.7,14.7,15.0,62.0,2023-03-25 20:36:25.473635
3553530,D0012,13.9,13.9,14.9,61.7,2023-03-25 20:37:25.471337
3553547,D0012,12.9,12.9,14.8,61.7,2023-03-25 20:38:25.470459
3553564,D0012,13.2,13.2,14.9,61.7,2023-03-25 20:39:24.475579
3553581,D0012,12.1,12.1,15.1,61.4,2023-03-25 20:40:25.476233
3553598,D0012,12.7,12.7,15.1,61.4,2023-03-25 20:41:25.479008
3553615,D0012,13.1,13.2,15.0,61.5,2023-03-25 20:42:24.482391
3553648,D0012,12.9,12.9,15.1,61.4,2023-03-25 20:44:25.489904
3553665,D0012,13.5,13.5,15.0,61.4,2023-03-25 20:45:24.495802
3553682,D0012,12.9,12.9,15.0,61.2,2023-03-25 20:46:25.496825
3553699,D0012,14.4,14.5,15.0,60.9,2023-03-25 20:47:25.499887
3553716,D0012,14.9,14.9,15.0,61.1,2023-03-25 20:48:25.500673
3553733,D0012,14.9,14.9,15.0,60.9,2023-03-25 20:49:24.504504
3553750,D0012,14.1,14.1,15.0,60.9,2023-03-25 20:50:25.504803
3553767,D0012,14.2,14.2,14.9,61.1,2023-03-25 20:51:25.518029
3553784,D0012,14.3,14.3,14.9,61.2,2023-03-25 20:52:25.527699
3553801,D0012,13.5,13.5,14.9,61.2,2023-03-25 20:53:25.516598
3553818,D0012,12.7,12.7,14.9,61.2,2023-03-25 20:54:25.522138
3553835,D0012,12.8,12.8,15.0,60.5,2023-03-25 20:55:24.526259
3553852,D0012,12.6,12.6,15.0,60.3,2023-03-25 20:56:24.522731
3553869,D0012,13.1,13.1,15.1,60.4,2023-03-25 20:57:25.532006
3553886,D0012,12.8,12.8,15.1,60.5,2023-03-25 20:58:24.543573
3553903,D0012,13.6,13.6,15.0,60.8,2023-03-25 20:59:24.537133
3553920,D0012,13.8,13.8,15.1,60.4,2023-03-25 21:00:24.535955
3553937,D0012,14.1,14.1,15.1,60.4,2023-03-25 21:01:25.536258
3553954,D0012,13.6,13.7,15.1,60.0,2023-03-25 21:02:25.546434
3553971,D0012,14.4,14.5,15.1,60.7,2023-03-25 21:03:24.544767
3553988,D0012,15.4,15.5,15.1,60.5,2023-03-25 21:04:25.544854
3554005,D0012,15.1,15.2,15.0,60.3,2023-03-25 21:05:25.544249
3554022,D0012,14.5,14.5,15.1,61.0,2023-03-25 21:06:24.554053
3554039,D0012,13.4,13.4,15.0,60.4,2023-03-25 21:07:25.562902
3554056,D0012,13.9,13.9,15.0,60.2,2023-03-25 21:08:25.561528
3554073,D0012,13.1,13.1,15.0,60.2,2023-03-25 21:09:25.572145
3554090,D0012,13.1,13.1,14.9,60.9,2023-03-25 21:10:24.559519
3554107,D0012,13.5,13.6,14.9,60.1,2023-03-25 21:11:25.562038
3554124,D0012,12.9,12.9,14.9,59.7,2023-03-25 21:12:24.569718
3554141,D0012,13.3,13.3,15.0,59.7,2023-03-25 21:13:24.570264
3554158,D0012,12.3,12.3,15.0,60.0,2023-03-25 21:14:24.744519
3554175,D0012,12.8,12.8,15.1,60.3,2023-03-25 21:15:25.581748
3554192,D0012,12.6,12.7,15.0,60.3,2023-03-25 21:16:25.585267
3554209,D0012,13.2,13.2,15.0,60.5,2023-03-25 21:17:24.580912
3554226,D0012,14.6,14.6,15.0,58.9,2023-03-25 21:18:25.601592
3554243,D0012,13.5,13.6,15.0,58.9,2023-03-25 21:19:24.595786
3554260,D0012,14.0,14.0,15.0,59.0,2023-03-25 21:20:24.597434
3554277,D0012,13.8,13.8,15.0,59.6,2023-03-25 21:21:25.59827
3554294,D0012,14.1,14.1,15.0,60.2,2023-03-25 21:22:24.595092
3554311,D0012,14.4,14.5,15.0,59.1,2023-03-25 21:23:25.603626
3554328,D0012,14.3,14.3,15.0,59.4,2023-03-25 21:24:25.598461
3554345,D0012,13.3,13.3,15.0,60.1,2023-03-25 21:25:25.60382
3554362,D0012,14.1,14.1,14.9,60.8,2023-03-25 21:26:25.621748
3554379,D0012,13.8,13.8,14.8,60.3,2023-03-25 21:27:24.609307
3554396,D0012,13.5,13.5,14.8,60.1,2023-03-25 21:28:24.617694
3554413,D0012,13.1,13.1,14.7,60.4,2023-03-25 21:29:25.616566
3554430,D0012,12.4,12.4,14.9,60.3,2023-03-25 21:30:24.632771
3554447,D0012,13.3,13.3,15.0,60.6,2023-03-25 21:31:25.634042
3554464,D0012,13.4,13.4,15.0,61.1,2023-03-25 21:32:24.633646
3554481,D0012,13.8,13.8,14.9,60.8,2023-03-25 21:33:25.631466
3554498,D0012,13.3,13.3,15.0,60.9,2023-03-25 21:34:25.635417
3554515,D0012,13.5,13.5,15.0,61.0,2023-03-25 21:35:24.642069
3554532,D0012,14.7,14.7,15.0,61.6,2023-03-25 21:36:24.651708
3554549,D0012,14.7,14.7,15.0,62.4,2023-03-25 21:37:25.652513
3554566,D0012,15.3,15.3,15.0,62.7,2023-03-25 21:38:25.667979
3554583,D0012,15.2,15.2,15.0,62.6,2023-03-25 21:39:24.656195
3554600,D0012,15.8,15.8,15.0,62.8,2023-03-25 21:40:24.653742
3554617,D0012,15.3,15.3,14.9,62.4,2023-03-25 21:41:25.663722
3554634,D0012,15.3,15.3,14.9,62.9,2023-03-25 21:42:25.66999
3554651,D0012,14.8,14.8,14.9,62.8,2023-03-25 21:43:25.679941
3554668,D0012,14.5,14.5,14.8,62.9,2023-03-25 21:44:25.671754
3554685,D0012,14.9,14.9,14.8,62.2,2023-03-25 21:45:25.674145
3554702,D0012,14.8,14.8,14.8,61.7,2023-03-25 21:46:25.687471
3554719,D0012,13.5,13.5,14.9,61.3,2023-03-25 21:47:25.679377
3554736,D0012,13.7,13.7,15.0,61.7,2023-03-25 21:48:25.678975
3554753,D0012,15.6,15.7,15.0,63.0,2023-03-25 21:49:25.682599
3554770,D0012,15.5,15.5,14.9,63.4,2023-03-25 21:50:25.689654
3554787,D0012,14.7,14.8,14.9,63.1,2023-03-25 21:51:25.68658
3554804,D0012,14.8,14.8,14.9,63.7,2023-03-25 21:52:24.695887
3554821,D0012,16.3,16.3,14.9,62.5,2023-03-25 21:53:24.723168
3554838,D0012,15.3,15.3,14.9,62.3,2023-03-25 21:54:25.697107
3554855,D0012,15.5,15.5,14.9,61.8,2023-03-25 21:55:25.70381
3554872,D0012,16.4,16.4,14.8,61.9,2023-03-25 21:56:25.724854
3554889,D0012,15.8,15.8,14.8,62.4,2023-03-25 21:57:25.70663
3554906,D0012,15.3,15.3,14.8,62.9,2023-03-25 21:58:25.715583
3554923,D0012,16.0,16.0,14.7,63.6,2023-03-25 21:59:25.721435
3554940,D0012,13.9,13.9,14.7,63.9,2023-03-25 22:00:25.719961
3554957,D0012,14.3,14.3,14.6,63.6,2023-03-25 22:01:24.743275
3554974,D0012,14.7,14.7,14.7,63.3,2023-03-25 22:02:25.720927
3554991,D0012,16.3,16.4,14.9,62.6,2023-03-25 22:03:24.726367
3555008,D0012,17.1,17.2,14.9,62.4,2023-03-25 22:04:24.733858
3555025,D0012,14.8,14.8,14.9,62.5,2023-03-25 22:05:25.739042
3555042,D0012,14.5,14.5,14.8,62.8,2023-03-25 22:06:25.730023
3555059,D0012,14.4,14.4,14.9,63.1,2023-03-25 22:07:25.739916
3555076,D0012,15.8,15.8,14.9,63.3,2023-03-25 22:08:25.740157
3555093,D0012,16.2,16.2,14.9,63.1,2023-03-25 22:09:25.752918
3555110,D0012,17.2,17.2,14.8,62.9,2023-03-25 22:10:24.751162
3555127,D0012,16.3,16.4,14.8,63.1,2023-03-25 22:11:25.749965
3555144,D0012,17.1,17.1,14.8,63.5,2023-03-25 22:12:24.74621
3555161,D0012,17.1,17.2,14.8,63.5,2023-03-25 22:13:25.75618
3555178,D0012,17.0,17.0,14.7,64.0,2023-03-25 22:14:25.756037
3555195,D0012,17.2,17.3,14.7,64.1,2023-03-25 22:15:25.771111
3555212,D0012,16.7,16.8,14.6,64.4,2023-03-25 22:16:25.756138
3555229,D0012,17.4,17.4,14.6,64.0,2023-03-25 22:17:25.758015
3555246,D0012,17.9,17.9,14.6,63.6,2023-03-25 22:18:25.950585
3555263,D0012,17.0,17.0,14.7,63.0,2023-03-25 22:19:24.767993
3555280,D0012,16.2,16.2,14.7,63.5,2023-03-25 22:20:25.763836
3555297,D0012,17.0,17.1,14.7,64.4,2023-03-25 22:21:25.772357
3555314,D0012,16.4,16.5,14.7,64.9,2023-03-25 22:22:25.778225
3555331,D0012,17.6,17.6,14.7,64.2,2023-03-25 22:23:25.775303
3555348,D0012,17.5,17.5,14.7,63.9,2023-03-25 22:24:25.780031
3555365,D0012,17.6,17.6,14.7,64.2,2023-03-25 22:25:25.783098
3555382,D0012,18.0,18.0,14.7,64.2,2023-03-25 22:26:24.791709
3555399,D0012,17.6,17.6,14.7,64.4,2023-03-25 22:27:25.787841
3555416,D0012,18.4,18.4,14.7,64.6,2023-03-25 22:28:25.795715
3555433,D0012,17.7,17.8,14.7,64.3,2023-03-25 22:29:24.801516
3555450,D0012,18.4,18.4,14.7,64.0,2023-03-25 22:30:25.808294
3555467,D0012,17.7,17.7,14.6,63.7,2023-03-25 22:31:24.801508
3555484,D0012,17.5,17.5,14.6,64.1,2023-03-25 22:32:25.801214
3555501,D0012,16.6,16.6,14.5,64.5,2023-03-25 22:33:24.814987
3555518,D0012,17.1,17.1,14.5,64.3,2023-03-25 22:34:25.805784
3555535,D0012,16.2,16.3,14.7,64.1,2023-03-25 22:35:25.810446
3555552,D0012,15.2,15.2,14.8,63.7,2023-03-25 22:36:25.810565
3555569,D0012,16.3,16.3,14.7,63.1,2023-03-25 22:37:25.827708
3555586,D0012,17.4,17.4,14.7,63.9,2023-03-25 22:38:24.826012
3555603,D0012,18.1,18.1,14.7,63.8,2023-03-25 22:39:25.825875
3555620,D0012,17.6,17.6,14.7,64.0,2023-03-25 22:40:25.834714
3555637,D0012,16.0,16.0,14.7,63.5,2023-03-25 22:41:25.852285
3555655,D0012,16.5,16.6,14.7,63.8,2023-03-25 22:42:25.838173
3555673,D0012,17.8,17.8,14.7,63.8,2023-03-25 22:43:25.841033
3555691,D0012,17.3,17.3,14.7,63.4,2023-03-25 22:44:25.843215
3555709,D0012,16.1,16.1,14.7,63.0,2023-03-25 22:45:24.847654
3555727,D0012,16.0,16.0,14.6,62.2,2023-03-25 22:46:25.853138
3555745,D0012,15.9,16.0,14.6,62.0,2023-03-25 22:47:25.86158
3555763,D0012,15.2,15.3,14.6,62.7,2023-03-25 22:48:25.867789
3555781,D0012,14.9,15.0,14.5,62.3,2023-03-25 22:49:25.864511
3555799,D0012,14.3,14.3,14.5,62.5,2023-03-25 22:50:25.865407
3555817,D0012,14.8,14.8,14.7,62.3,2023-03-25 22:51:25.872745
3555835,D0012,14.5,14.5,14.7,61.9,2023-03-25 22:52:25.880237
3555853,D0012,14.0,14.0,14.7,61.3,2023-03-25 22:53:25.880125
3555871,D0012,13.7,13.7,14.7,62.1,2023-03-25 22:54:25.883472
3555889,D0012,15.5,15.5,14.7,62.6,2023-03-25 22:55:25.882594
3555907,D0012,15.0,15.0,14.8,63.0,2023-03-25 22:56:25.887815
3555925,D0012,16.5,16.5,14.8,62.7,2023-03-25 22:57:25.903374
3555943,D0012,15.3,15.3,14.8,62.5,2023-03-25 22:58:25.9001
3555961,D0012,15.0,15.0,14.7,62.8,2023-03-25 22:59:25.897412
3555979,D0012,15.9,16.0,14.8,62.7,2023-03-25 23:00:25.917339
3555997,D0012,15.1,15.1,14.7,63.2,2023-03-25 23:01:25.918568
3556015,D0012,15.1,15.1,14.7,62.3,2023-03-25 23:02:25.90575
3556033,D0012,14.1,14.1,14.7,61.4,2023-03-25 23:03:25.912204
3556051,D0012,14.6,14.6,14.6,62.2,2023-03-25 23:04:25.916045
3556069,D0012,14.5,14.5,14.5,62.3,2023-03-25 23:05:25.938323
3556087,D0012,13.4,13.4,14.7,60.8,2023-03-25 23:06:24.924881
3556105,D0012,14.1,14.2,14.7,60.7,2023-03-25 23:07:25.928554
3556123,D0012,12.8,12.8,14.8,60.8,2023-03-25 23:08:25.926343
3556141,D0012,13.9,14.0,14.7,60.6,2023-03-25 23:09:24.930223
3556159,D0012,13.3,13.3,14.7,60.8,2023-03-25 23:10:24.942698
3556177,D0012,13.6,13.6,14.8,59.9,2023-03-25 23:11:25.940318
3556195,D0012,13.6,13.6,14.8,60.4,2023-03-25 23:12:25.937853
3556213,D0012,13.5,13.5,14.8,60.4,2023-03-25 23:13:25.9427
3556231,D0012,14.6,14.6,14.7,60.4,2023-03-25 23:14:25.938853
3556249,D0012,14.6,14.6,14.7,60.4,2023-03-25 23:15:25.939724
3556267,D0012,14.5,14.5,14.7,60.3,2023-03-25 23:16:25.958857
3556285,D0012,14.5,14.6,14.7,60.4,2023-03-25 23:17:25.940488
3556303,D0012,14.9,14.9,14.7,61.0,2023-03-25 23:18:25.944147
3556321,D0012,14.4,14.4,14.6,60.5,2023-03-25 23:19:25.947707
3556339,D0012,13.8,13.8,14.5,60.1,2023-03-25 23:20:25.951196
3556357,D0012,12.6,12.6,14.5,59.5,2023-03-25 23:21:25.956502
3556375,D0012,12.6,12.7,14.6,59.6,2023-03-25 23:22:25.950796
3556393,D0012,12.9,12.9,14.7,60.0,2023-03-25 23:23:25.952387
3556411,D0012,12.8,12.8,14.8,60.1,2023-03-25 23:24:25.96435
3556429,D0012,13.7,13.7,14.7,60.1,2023-03-25 23:25:25.979536
3556447,D0012,14.4,14.4,14.7,60.2,2023-03-25 23:26:25.960186
3556465,D0012,13.5,13.5,14.7,60.6,2023-03-25 23:27:25.989282
3556483,D0012,14.8,14.8,14.7,60.6,2023-03-25 23:28:25.967643
3556501,D0012,15.5,15.5,14.7,60.3,2023-03-25 23:29:25.970468
3556519,D0012,14.7,14.7,14.7,61.2,2023-03-25 23:30:25.986236
3556537,D0012,14.6,14.6,14.7,61.1,2023-03-25 23:31:25.978949
3556555,D0012,14.4,14.4,14.6,59.8,2023-03-25 23:32:25.982151
3556573,D0012,14.8,14.9,14.6,59.3,2023-03-25 23:33:25.984002
3556591,D0012,13.5,13.5,14.6,59.2,2023-03-25 23:34:24.984928
3556609,D0012,13.7,13.7,14.5,59.6,2023-03-25 23:35:25.987802
3556627,D0012,13.5,13.5,14.4,59.4,2023-03-25 23:36:25.989977
3556645,D0012,13.5,13.6,14.5,59.5,2023-03-25 23:37:25.989135
3556663,D0012,12.5,12.6,14.6,59.3,2023-03-25 23:38:24.995255
3556681,D0012,13.4,13.4,14.7,59.6,2023-03-25 23:39:26.001928
3556699,D0012,12.6,12.6,14.6,59.9,2023-03-25 23:40:25.999539
3556717,D0012,13.2,13.2,14.7,59.2,2023-03-25 23:41:26.006321
3556735,D0012,13.4,13.4,14.7,59.5,2023-03-25 23:42:26.015905
3556753,D0012,13.7,13.7,14.7,59.3,2023-03-25 23:43:26.005073
3556771,D0012,13.9,14.0,14.7,59.8,2023-03-25 23:44:26.00804
3556789,D0012,14.7,14.7,14.7,61.3,2023-03-25 23:45:26.019193
3556807,D0012,14.8,14.8,14.7,61.3,2023-03-25 23:46:26.015237
3556825,D0012,13.8,13.8,14.7,61.6,2023-03-25 23:47:26.019295
3556843,D0012,14.9,14.9,14.6,62.0,2023-03-25 23:48:26.032468
3556861,D0012,13.6,13.6,14.6,61.2,2023-03-25 23:49:26.032714
3556879,D0012,15.9,15.9,14.5,61.0,2023-03-25 23:50:26.034403
3556897,D0012,19.6,19.6,14.4,62.9,2023-03-25 23:51:26.034595
3556915,D0012,18.6,18.7,14.4,62.6,2023-03-25 23:52:26.037692
3556933,D0012,17.6,17.6,14.6,62.6,2023-03-25 23:53:26.042738
3556951,D0012,19.7,19.7,14.7,63.1,2023-03-25 23:54:25.04836
3556969,D0012,18.7,18.7,14.6,63.4,2023-03-25 23:55:26.062115
3556987,D0012,18.2,18.2,14.5,63.9,2023-03-25 23:56:26.053845
3557005,D0012,19.5,19.5,14.5,63.7,2023-03-25 23:57:26.06226
3557023,D0012,21.1,21.2,14.6,63.5,2023-03-25 23:58:26.062824
3557041,D0012,20.4,20.5,14.6,63.5,2023-03-25 23:59:25.064739
3557059,D0012,19.3,19.3,14.6,63.7,2023-03-26 00:00:26.072266
